{
"type": "FeatureCollection",
"name": "basins",
"crs": { "type": "name", "properties": { "name": "urn:ogc:def:crs:OGC:1.3:CRS84" } },
"features": [
{ "type": "Feature", "properties": { "value": 1.0 }, "geometry": { "type": "Polygon", "coordinates": [ [ [ 36.748, 12.754 ], [ 36.748, 12.746 ], [ 36.74, 12.746 ], [ 36.74, 12.754 ], [ 36.748, 12.754 ] ] ] } },
{ "type": "Feature", "properties": { "value": 2.0 }, "geometry": { "type": "Polygon", "coordinates": [ [ [ 36.764, 12.754 ], [ 36.764, 12.746 ], [ 36.748, 12.746 ], [ 36.748, 12.754 ], [ 36.764, 12.754 ] ] ] } },
{ "type": "Feature", "properties": { "value": 3.0 }, "geometry": { "type": "Polygon", "coordinates": [ [ [ 36.78, 12.754 ], [ 36.78, 12.738 ], [ 36.764, 12.738 ], [ 36.764, 12.754 ], [ 36.78, 12.754 ] ] ] } },
{ "type": "Feature", "properties": { "value": 4.0 }, "geometry": { "type": "Polygon", "coordinates": [ [ [ 36.812, 12.754 ], [ 36.812, 12.746 ], [ 36.804, 12.746 ], [ 36.804, 12.738 ], [ 36.796, 12.738 ], [ 36.796, 12.73 ], [ 36.788, 12.73 ], [ 36.788, 12.738 ], [ 36.78, 12.738 ], [ 36.78, 12.754 ], [ 36.812, 12.754 ] ] ] } },
{ "type": "Feature", "properties": { "value": 5.0 }, "geometry": { "type": "MultiPolygon", "coordinates": [ [ [ [ 36.812, 12.754 ], [ 36.82, 12.754 ], [ 36.82, 12.746 ], [ 36.812, 12.746 ], [ 36.812, 12.754 ] ] ], [ [ [ 36.812, 12.73 ], [ 36.804, 12.73 ], [ 36.804, 12.722 ], [ 36.796, 12.722 ], [ 36.796, 12.738 ], [ 36.804, 12.738 ], [ 36.804, 12.746 ], [ 36.812, 12.746 ], [ 36.812, 12.73 ] ] ] ] } },
{ "type": "Feature", "properties": { "value": 6.0 }, "geometry": { "type": "Polygon", "coordinates": [ [ [ 36.828, 12.754 ], [ 36.828, 12.746 ], [ 36.836, 12.746 ], [ 36.836, 12.738 ], [ 36.828, 12.738 ], [ 36.828, 12.73 ], [ 36.812, 12.73 ], [ 36.812, 12.746 ], [ 36.82, 12.746 ], [ 36.82, 12.754 ], [ 36.828, 12.754 ] ] ] } },
{ "type": "Feature", "properties": { "value": 7.0 }, "geometry": { "type": "Polygon", "coordinates": [ [ [ 36.836, 12.754 ], [ 36.836, 12.746 ], [ 36.828, 12.746 ], [ 36.828, 12.754 ], [ 36.836, 12.754 ] ] ] } },
{ "type": "Feature", "properties": { "value": 8.0 }, "geometry": { "type": "Polygon", "coordinates": [ [ [ 36.844, 12.754 ], [ 36.844, 12.746 ], [ 36.836, 12.746 ], [ 36.836, 12.754 ], [ 36.844, 12.754 ] ] ] } },
{ "type": "Feature", "properties": { "value": 9.0 }, "geometry": { "type": "Polygon", "coordinates": [ [ [ 36.86, 12.754 ], [ 36.86, 12.738 ], [ 36.852, 12.738 ], [ 36.852, 12.714 ], [ 36.86, 12.714 ], [ 36.86, 12.698 ], [ 36.852, 12.698 ], [ 36.852, 12.69 ], [ 36.86, 12.69 ], [ 36.86, 12.682 ], [ 36.852, 12.682 ], [ 36.852, 12.674 ], [ 36.868, 12.674 ], [ 36.868, 12.666 ], [ 36.876, 12.666 ], [ 36.876, 12.65 ], [ 36.82, 12.65 ], [ 36.82, 12.666 ], [ 36.796, 12.666 ], [ 36.796, 12.658 ], [ 36.78, 12.658 ], [ 36.78, 12.674 ], [ 36.772, 12.674 ], [ 36.772, 12.706 ], [ 36.78, 12.706 ], [ 36.78, 12.714 ], [ 36.788, 12.714 ], [ 36.788, 12.73 ], [ 36.796, 12.73 ], [ 36.796, 12.722 ], [ 36.804, 12.722 ], [ 36.804, 12.73 ], [ 36.828, 12.73 ], [ 36.828, 12.738 ], [ 36.836, 12.738 ], [ 36.836, 12.746 ], [ 36.844, 12.746 ], [ 36.844, 12.754 ], [ 36.86, 12.754 ] ] ] } },
{ "type": "Feature", "properties": { "value": 10.0 }, "geometry": { "type": "Polygon", "coordinates": [ [ [ 36.9, 12.754 ], [ 36.9, 12.746 ], [ 36.908, 12.746 ], [ 36.908, 12.738 ], [ 36.924, 12.738 ], [ 36.924, 12.73 ], [ 36.948, 12.73 ], [ 36.948, 12.722 ], [ 36.964, 12.722 ], [ 36.964, 12.714 ], [ 36.98, 12.714 ], [ 36.98, 12.706 ], [ 36.988, 12.706 ], [ 36.988, 12.698 ], [ 36.996, 12.698 ], [ 36.996, 12.706 ], [ 37.028, 12.706 ], [ 37.028, 12.698 ], [ 37.044, 12.698 ], [ 37.044, 12.69 ], [ 37.052, 12.69 ], [ 37.052, 12.682 ], [ 37.06, 12.682 ], [ 37.06, 12.674 ], [ 37.076, 12.674 ], [ 37.076, 12.682 ], [ 37.092, 12.682 ], [ 37.092, 12.69 ], [ 37.1, 12.69 ], [ 37.1, 12.698 ], [ 37.116, 12.698 ], [ 37.116, 12.69 ], [ 37.124, 12.69 ], [ 37.124, 12.698 ], [ 37.132, 12.698 ], [ 37.132, 12.642 ], [ 37.116, 12.642 ], [ 37.116, 12.634 ], [ 37.108, 12.634 ], [ 37.108, 12.618 ], [ 37.1, 12.618 ], [ 37.1, 12.61 ], [ 37.092, 12.61 ], [ 37.092, 12.594 ], [ 37.076, 12.594 ], [ 37.076, 12.586 ], [ 37.068, 12.586 ], [ 37.068, 12.594 ], [ 37.044, 12.594 ], [ 37.044, 12.602 ], [ 37.02, 12.602 ], [ 37.02, 12.61 ], [ 37.012, 12.61 ], [ 37.012, 12.618 ], [ 37.004, 12.618 ], [ 37.004, 12.626 ], [ 36.98, 12.626 ], [ 36.98, 12.634 ], [ 36.972, 12.634 ], [ 36.972, 12.642 ], [ 36.932, 12.642 ], [ 36.932, 12.65 ], [ 36.924, 12.65 ], [ 36.924, 12.642 ], [ 36.892, 12.642 ], [ 36.892, 12.65 ], [ 36.876, 12.65 ], [ 36.876, 12.666 ], [ 36.868, 12.666 ], [ 36.868, 12.674 ], [ 36.852, 12.674 ], [ 36.852, 12.682 ], [ 36.86, 12.682 ], [ 36.86, 12.69 ], [ 36.852, 12.69 ], [ 36.852, 12.698 ], [ 36.86, 12.698 ], [ 36.86, 12.714 ], [ 36.852, 12.714 ], [ 36.852, 12.738 ], [ 36.86, 12.738 ], [ 36.86, 12.754 ], [ 36.9, 12.754 ] ] ] } },
{ "type": "Feature", "properties": { "value": 11.0 }, "geometry": { "type": "Polygon", "coordinates": [ [ [ 36.908, 12.754 ], [ 36.908, 12.746 ], [ 36.9, 12.746 ], [ 36.9, 12.754 ], [ 36.908, 12.754 ] ] ] } },
{ "type": "Feature", "properties": { "value": 12.0 }, "geometry": { "type": "Polygon", "coordinates": [ [ [ 36.916, 12.754 ], [ 36.916, 12.738 ], [ 36.908, 12.738 ], [ 36.908, 12.754 ], [ 36.916, 12.754 ] ] ] } },
{ "type": "Feature", "properties": { "value": 13.0 }, "geometry": { "type": "Polygon", "coordinates": [ [ [ 36.964, 12.754 ], [ 36.964, 12.746 ], [ 36.972, 12.746 ], [ 36.972, 12.738 ], [ 36.98, 12.738 ], [ 36.98, 12.746 ], [ 36.996, 12.746 ], [ 36.996, 12.754 ], [ 37.156, 12.754 ], [ 37.156, 12.738 ], [ 37.164, 12.738 ], [ 37.164, 12.722 ], [ 37.156, 12.722 ], [ 37.156, 12.714 ], [ 37.148, 12.714 ], [ 37.148, 12.698 ], [ 37.124, 12.698 ], [ 37.124, 12.69 ], [ 37.116, 12.69 ], [ 37.116, 12.698 ], [ 37.1, 12.698 ], [ 37.1, 12.69 ], [ 37.092, 12.69 ], [ 37.092, 12.682 ], [ 37.076, 12.682 ], [ 37.076, 12.674 ], [ 37.06, 12.674 ], [ 37.06, 12.682 ], [ 37.052, 12.682 ], [ 37.052, 12.69 ], [ 37.044, 12.69 ], [ 37.044, 12.698 ], [ 37.028, 12.698 ], [ 37.028, 12.706 ], [ 36.996, 12.706 ], [ 36.996, 12.698 ], [ 36.988, 12.698 ], [ 36.988, 12.706 ], [ 36.98, 12.706 ], [ 36.98, 12.714 ], [ 36.964, 12.714 ], [ 36.964, 12.722 ], [ 36.948, 12.722 ], [ 36.948, 12.73 ], [ 36.924, 12.73 ], [ 36.924, 12.738 ], [ 36.916, 12.738 ], [ 36.916, 12.754 ], [ 36.964, 12.754 ] ] ] } },
{ "type": "Feature", "properties": { "value": 14.0 }, "geometry": { "type": "MultiPolygon", "coordinates": [ [ [ [ 36.964, 12.746 ], [ 36.964, 12.754 ], [ 36.972, 12.754 ], [ 36.972, 12.746 ], [ 36.964, 12.746 ] ] ], [ [ [ 36.98, 12.746 ], [ 36.98, 12.738 ], [ 36.972, 12.738 ], [ 36.972, 12.746 ], [ 36.98, 12.746 ] ] ] ] } },
{ "type": "Feature", "properties": { "value": 15.0 }, "geometry": { "type": "Polygon", "coordinates": [ [ [ 36.996, 12.754 ], [ 36.996, 12.746 ], [ 36.972, 12.746 ], [ 36.972, 12.754 ], [ 36.996, 12.754 ] ] ] } },
{ "type": "Feature", "properties": { "value": 16.0 }, "geometry": { "type": "Polygon", "coordinates": [ [ [ 37.18, 12.754 ], [ 37.18, 12.746 ], [ 37.188, 12.746 ], [ 37.188, 12.738 ], [ 37.18, 12.738 ], [ 37.18, 12.73 ], [ 37.172, 12.73 ], [ 37.172, 12.722 ], [ 37.164, 12.722 ], [ 37.164, 12.738 ], [ 37.156, 12.738 ], [ 37.156, 12.754 ], [ 37.18, 12.754 ] ] ] } },
{ "type": "Feature", "properties": { "value": 17.0 }, "geometry": { "type": "Polygon", "coordinates": [ [ [ 37.188, 12.754 ], [ 37.188, 12.746 ], [ 37.18, 12.746 ], [ 37.18, 12.754 ], [ 37.188, 12.754 ] ] ] } },
{ "type": "Feature", "properties": { "value": 18.0 }, "geometry": { "type": "MultiPolygon", "coordinates": [ [ [ [ 37.188, 12.754 ], [ 37.196, 12.754 ], [ 37.196, 12.738 ], [ 37.188, 12.738 ], [ 37.188, 12.754 ] ] ], [ [ [ 37.188, 12.73 ], [ 37.18, 12.73 ], [ 37.18, 12.738 ], [ 37.188, 12.738 ], [ 37.188, 12.73 ] ] ] ] } },
{ "type": "Feature", "properties": { "value": 19.0 }, "geometry": { "type": "Polygon", "coordinates": [ [ [ 37.204, 12.754 ], [ 37.204, 12.746 ], [ 37.196, 12.746 ], [ 37.196, 12.754 ], [ 37.204, 12.754 ] ] ] } },
{ "type": "Feature", "properties": { "value": 20.0 }, "geometry": { "type": "Polygon", "coordinates": [ [ [ 37.236, 12.754 ], [ 37.236, 12.746 ], [ 37.244, 12.746 ], [ 37.244, 12.722 ], [ 37.252, 12.722 ], [ 37.252, 12.714 ], [ 37.276, 12.714 ], [ 37.276, 12.698 ], [ 37.284, 12.698 ], [ 37.284, 12.69 ], [ 37.292, 12.69 ], [ 37.292, 12.682 ], [ 37.284, 12.682 ], [ 37.284, 12.666 ], [ 37.292, 12.666 ], [ 37.292, 12.65 ], [ 37.3, 12.65 ], [ 37.3, 12.642 ], [ 37.308, 12.642 ], [ 37.308, 12.65 ], [ 37.316, 12.65 ], [ 37.316, 12.642 ], [ 37.332, 12.642 ], [ 37.332, 12.634 ], [ 37.324, 12.634 ], [ 37.324, 12.626 ], [ 37.332, 12.626 ], [ 37.332, 12.61 ], [ 37.324, 12.61 ], [ 37.324, 12.602 ], [ 37.316, 12.602 ], [ 37.316, 12.594 ], [ 37.308, 12.594 ], [ 37.308, 12.586 ], [ 37.3, 12.586 ], [ 37.3, 12.578 ], [ 37.292, 12.578 ], [ 37.292, 12.57 ], [ 37.284, 12.57 ], [ 37.284, 12.554 ], [ 37.276, 12.554 ], [ 37.276, 12.546 ], [ 37.268, 12.546 ], [ 37.268, 12.538 ], [ 37.26, 12.538 ], [ 37.26, 12.522 ], [ 37.268, 12.522 ], [ 37.268, 12.514 ], [ 37.26, 12.514 ], [ 37.26, 12.506 ], [ 37.244, 12.506 ], [ 37.244, 12.482 ], [ 37.236, 12.482 ], [ 37.236, 12.466 ], [ 37.228, 12.466 ], [ 37.228, 12.458 ], [ 37.236, 12.458 ], [ 37.236, 12.45 ], [ 37.228, 12.45 ], [ 37.228, 12.434 ], [ 37.212, 12.434 ], [ 37.212, 12.442 ], [ 37.204, 12.442 ], [ 37.204, 12.45 ], [ 37.196, 12.45 ], [ 37.196, 12.442 ], [ 37.172, 12.442 ], [ 37.172, 12.434 ], [ 37.164, 12.434 ], [ 37.164, 12.426 ], [ 37.148, 12.426 ], [ 37.148, 12.434 ], [ 37.124, 12.434 ], [ 37.124, 12.442 ], [ 37.1, 12.442 ], [ 37.1, 12.434 ], [ 37.092, 12.434 ], [ 37.092, 12.418 ], [ 37.076, 12.418 ], [ 37.076, 12.426 ], [ 37.068, 12.426 ], [ 37.068, 12.442 ], [ 37.06, 12.442 ], [ 37.06, 12.45 ], [ 37.052, 12.45 ], [ 37.052, 12.458 ], [ 37.036, 12.458 ], [ 37.036, 12.482 ], [ 37.044, 12.482 ], [ 37.044, 12.506 ], [ 37.052, 12.506 ], [ 37.052, 12.522 ], [ 37.06, 12.522 ], [ 37.06, 12.546 ], [ 37.068, 12.546 ], [ 37.068, 12.586 ], [ 37.076, 12.586 ], [ 37.076, 12.594 ], [ 37.092, 12.594 ], [ 37.092, 12.61 ], [ 37.1, 12.61 ], [ 37.1, 12.618 ], [ 37.108, 12.618 ], [ 37.108, 12.634 ], [ 37.116, 12.634 ], [ 37.116, 12.642 ], [ 37.132, 12.642 ], [ 37.132, 12.698 ], [ 37.148, 12.698 ], [ 37.148, 12.714 ], [ 37.156, 12.714 ], [ 37.156, 12.722 ], [ 37.172, 12.722 ], [ 37.172, 12.73 ], [ 37.188, 12.73 ], [ 37.188, 12.738 ], [ 37.196, 12.738 ], [ 37.196, 12.746 ], [ 37.204, 12.746 ], [ 37.204, 12.754 ], [ 37.236, 12.754 ] ] ] } },
{ "type": "Feature", "properties": { "value": 21.0 }, "geometry": { "type": "Polygon", "coordinates": [ [ [ 37.244, 12.754 ], [ 37.244, 12.746 ], [ 37.236, 12.746 ], [ 37.236, 12.754 ], [ 37.244, 12.754 ] ] ] } },
{ "type": "Feature", "properties": { "value": 22.0 }, "geometry": { "type": "Polygon", "coordinates": [ [ [ 37.26, 12.754 ], [ 37.26, 12.722 ], [ 37.244, 12.722 ], [ 37.244, 12.754 ], [ 37.26, 12.754 ] ] ] } },
{ "type": "Feature", "properties": { "value": 23.0 }, "geometry": { "type": "Polygon", "coordinates": [ [ [ 37.284, 12.754 ], [ 37.284, 12.746 ], [ 37.316, 12.746 ], [ 37.316, 12.738 ], [ 37.324, 12.738 ], [ 37.324, 12.73 ], [ 37.332, 12.73 ], [ 37.332, 12.722 ], [ 37.34, 12.722 ], [ 37.34, 12.714 ], [ 37.348, 12.714 ], [ 37.348, 12.674 ], [ 37.34, 12.674 ], [ 37.34, 12.65 ], [ 37.332, 12.65 ], [ 37.332, 12.642 ], [ 37.316, 12.642 ], [ 37.316, 12.65 ], [ 37.308, 12.65 ], [ 37.308, 12.642 ], [ 37.3, 12.642 ], [ 37.3, 12.65 ], [ 37.292, 12.65 ], [ 37.292, 12.666 ], [ 37.284, 12.666 ], [ 37.284, 12.682 ], [ 37.292, 12.682 ], [ 37.292, 12.69 ], [ 37.284, 12.69 ], [ 37.284, 12.698 ], [ 37.276, 12.698 ], [ 37.276, 12.714 ], [ 37.252, 12.714 ], [ 37.252, 12.722 ], [ 37.26, 12.722 ], [ 37.26, 12.754 ], [ 37.284, 12.754 ] ] ] } },
{ "type": "Feature", "properties": { "value": 24.0 }, "geometry": { "type": "Polygon", "coordinates": [ [ [ 37.292, 12.754 ], [ 37.292, 12.746 ], [ 37.284, 12.746 ], [ 37.284, 12.754 ], [ 37.292, 12.754 ] ] ] } },
{ "type": "Feature", "properties": { "value": 25.0 }, "geometry": { "type": "Polygon", "coordinates": [ [ [ 37.308, 12.754 ], [ 37.308, 12.746 ], [ 37.292, 12.746 ], [ 37.292, 12.754 ], [ 37.308, 12.754 ] ] ] } },
{ "type": "Feature", "properties": { "value": 26.0 }, "geometry": { "type": "Polygon", "coordinates": [ [ [ 37.316, 12.754 ], [ 37.316, 12.746 ], [ 37.308, 12.746 ], [ 37.308, 12.754 ], [ 37.316, 12.754 ] ] ] } },
{ "type": "Feature", "properties": { "value": 27.0 }, "geometry": { "type": "Polygon", "coordinates": [ [ [ 37.34, 12.754 ], [ 37.34, 12.738 ], [ 37.332, 12.738 ], [ 37.332, 12.73 ], [ 37.324, 12.73 ], [ 37.324, 12.738 ], [ 37.316, 12.738 ], [ 37.316, 12.754 ], [ 37.34, 12.754 ] ] ] } },
{ "type": "Feature", "properties": { "value": 28.0 }, "geometry": { "type": "Polygon", "coordinates": [ [ [ 37.348, 12.754 ], [ 37.348, 12.746 ], [ 37.356, 12.746 ], [ 37.356, 12.714 ], [ 37.364, 12.714 ], [ 37.364, 12.706 ], [ 37.372, 12.706 ], [ 37.372, 12.682 ], [ 37.38, 12.682 ], [ 37.38, 12.642 ], [ 37.364, 12.642 ], [ 37.364, 12.65 ], [ 37.34, 12.65 ], [ 37.34, 12.674 ], [ 37.348, 12.674 ], [ 37.348, 12.714 ], [ 37.34, 12.714 ], [ 37.34, 12.722 ], [ 37.332, 12.722 ], [ 37.332, 12.738 ], [ 37.34, 12.738 ], [ 37.34, 12.754 ], [ 37.348, 12.754 ] ] ] } },
{ "type": "Feature", "properties": { "value": 29.0 }, "geometry": { "type": "Polygon", "coordinates": [ [ [ 37.364, 12.754 ], [ 37.364, 12.746 ], [ 37.38, 12.746 ], [ 37.38, 12.754 ], [ 37.404, 12.754 ], [ 37.404, 12.746 ], [ 37.436, 12.746 ], [ 37.436, 12.714 ], [ 37.444, 12.714 ], [ 37.444, 12.706 ], [ 37.452, 12.706 ], [ 37.452, 12.698 ], [ 37.444, 12.698 ], [ 37.444, 12.69 ], [ 37.436, 12.69 ], [ 37.436, 12.674 ], [ 37.412, 12.674 ], [ 37.412, 12.666 ], [ 37.396, 12.666 ], [ 37.396, 12.65 ], [ 37.38, 12.65 ], [ 37.38, 12.682 ], [ 37.372, 12.682 ], [ 37.372, 12.706 ], [ 37.364, 12.706 ], [ 37.364, 12.714 ], [ 37.356, 12.714 ], [ 37.356, 12.746 ], [ 37.348, 12.746 ], [ 37.348, 12.754 ], [ 37.364, 12.754 ] ] ] } },
{ "type": "Feature", "properties": { "value": 30.0 }, "geometry": { "type": "Polygon", "coordinates": [ [ [ 37.38, 12.754 ], [ 37.38, 12.746 ], [ 37.364, 12.746 ], [ 37.364, 12.754 ], [ 37.38, 12.754 ] ] ] } },
{ "type": "Feature", "properties": { "value": 31.0 }, "geometry": { "type": "Polygon", "coordinates": [ [ [ 37.428, 12.754 ], [ 37.428, 12.746 ], [ 37.404, 12.746 ], [ 37.404, 12.754 ], [ 37.428, 12.754 ] ] ] } },
{ "type": "Feature", "properties": { "value": 32.0 }, "geometry": { "type": "Polygon", "coordinates": [ [ [ 37.436, 12.754 ], [ 37.436, 12.746 ], [ 37.428, 12.746 ], [ 37.428, 12.754 ], [ 37.436, 12.754 ] ] ] } },
{ "type": "Feature", "properties": { "value": 33.0 }, "geometry": { "type": "Polygon", "coordinates": [ [ [ 37.468, 12.754 ], [ 37.468, 12.73 ], [ 37.476, 12.73 ], [ 37.476, 12.722 ], [ 37.468, 12.722 ], [ 37.468, 12.714 ], [ 37.46, 12.714 ], [ 37.46, 12.706 ], [ 37.444, 12.706 ], [ 37.444, 12.714 ], [ 37.436, 12.714 ], [ 37.436, 12.754 ], [ 37.468, 12.754 ] ] ] } },
{ "type": "Feature", "properties": { "value": 34.0 }, "geometry": { "type": "Polygon", "coordinates": [ [ [ 37.476, 12.754 ], [ 37.476, 12.746 ], [ 37.468, 12.746 ], [ 37.468, 12.754 ], [ 37.476, 12.754 ] ] ] } },
{ "type": "Feature", "properties": { "value": 35.0 }, "geometry": { "type": "Polygon", "coordinates": [ [ [ 37.492, 12.754 ], [ 37.492, 12.746 ], [ 37.508, 12.746 ], [ 37.508, 12.73 ], [ 37.492, 12.73 ], [ 37.492, 12.722 ], [ 37.476, 12.722 ], [ 37.476, 12.73 ], [ 37.468, 12.73 ], [ 37.468, 12.746 ], [ 37.476, 12.746 ], [ 37.476, 12.754 ], [ 37.492, 12.754 ] ] ] } },
{ "type": "Feature", "properties": { "value": 36.0 }, "geometry": { "type": "Polygon", "coordinates": [ [ [ 37.508, 12.754 ], [ 37.508, 12.746 ], [ 37.492, 12.746 ], [ 37.492, 12.754 ], [ 37.508, 12.754 ] ] ] } },
{ "type": "Feature", "properties": { "value": 37.0 }, "geometry": { "type": "Polygon", "coordinates": [ [ [ 37.516, 12.754 ], [ 37.516, 12.746 ], [ 37.508, 12.746 ], [ 37.508, 12.754 ], [ 37.516, 12.754 ] ] ] } },
{ "type": "Feature", "properties": { "value": 38.0 }, "geometry": { "type": "Polygon", "coordinates": [ [ [ 37.532, 12.754 ], [ 37.532, 12.746 ], [ 37.516, 12.746 ], [ 37.516, 12.754 ], [ 37.532, 12.754 ] ] ] } },
{ "type": "Feature", "properties": { "value": 39.0 }, "geometry": { "type": "Polygon", "coordinates": [ [ [ 37.604, 12.754 ], [ 37.604, 12.746 ], [ 37.596, 12.746 ], [ 37.596, 12.754 ], [ 37.604, 12.754 ] ] ] } },
{ "type": "Feature", "properties": { "value": 40.0 }, "geometry": { "type": "Polygon", "coordinates": [ [ [ 37.628, 12.754 ], [ 37.628, 12.746 ], [ 37.612, 12.746 ], [ 37.612, 12.754 ], [ 37.628, 12.754 ] ] ] } },
{ "type": "Feature", "properties": { "value": 41.0 }, "geometry": { "type": "Polygon", "coordinates": [ [ [ 37.66, 12.754 ], [ 37.66, 12.746 ], [ 37.652, 12.746 ], [ 37.652, 12.73 ], [ 37.644, 12.73 ], [ 37.644, 12.738 ], [ 37.636, 12.738 ], [ 37.636, 12.73 ], [ 37.628, 12.73 ], [ 37.628, 12.738 ], [ 37.62, 12.738 ], [ 37.62, 12.746 ], [ 37.628, 12.746 ], [ 37.628, 12.754 ], [ 37.66, 12.754 ] ] ] } },
{ "type": "Feature", "properties": { "value": 42.0 }, "geometry": { "type": "Polygon", "coordinates": [ [ [ 37.676, 12.754 ], [ 37.676, 12.746 ], [ 37.668, 12.746 ], [ 37.668, 12.722 ], [ 37.66, 12.722 ], [ 37.66, 12.73 ], [ 37.652, 12.73 ], [ 37.652, 12.746 ], [ 37.66, 12.746 ], [ 37.66, 12.754 ], [ 37.676, 12.754 ] ] ] } },
{ "type": "Feature", "properties": { "value": 43.0 }, "geometry": { "type": "Polygon", "coordinates": [ [ [ 37.684, 12.754 ], [ 37.684, 12.738 ], [ 37.692, 12.738 ], [ 37.692, 12.73 ], [ 37.684, 12.73 ], [ 37.684, 12.722 ], [ 37.668, 12.722 ], [ 37.668, 12.746 ], [ 37.676, 12.746 ], [ 37.676, 12.754 ], [ 37.684, 12.754 ] ] ] } },
{ "type": "Feature", "properties": { "value": 44.0 }, "geometry": { "type": "Polygon", "coordinates": [ [ [ 37.724, 12.754 ], [ 37.724, 12.746 ], [ 37.716, 12.746 ], [ 37.716, 12.754 ], [ 37.724, 12.754 ] ] ] } },
{ "type": "Feature", "properties": { "value": 45.0 }, "geometry": { "type": "Polygon", "coordinates": [ [ [ 37.748, 12.754 ], [ 37.748, 12.746 ], [ 37.74, 12.746 ], [ 37.74, 12.738 ], [ 37.724, 12.738 ], [ 37.724, 12.754 ], [ 37.748, 12.754 ] ] ] } },
{ "type": "Feature", "properties": { "value": 46.0 }, "geometry": { "type": "Polygon", "coordinates": [ [ [ 37.756, 12.754 ], [ 37.756, 12.746 ], [ 37.748, 12.746 ], [ 37.748, 12.754 ], [ 37.756, 12.754 ] ] ] } },
{ "type": "Feature", "properties": { "value": 47.0 }, "geometry": { "type": "Polygon", "coordinates": [ [ [ 37.796, 12.754 ], [ 37.796, 12.746 ], [ 37.788, 12.746 ], [ 37.788, 12.754 ], [ 37.796, 12.754 ] ] ] } },
{ "type": "Feature", "properties": { "value": 48.0 }, "geometry": { "type": "Polygon", "coordinates": [ [ [ 37.804, 12.754 ], [ 37.804, 12.746 ], [ 37.796, 12.746 ], [ 37.796, 12.754 ], [ 37.804, 12.754 ] ] ] } },
{ "type": "Feature", "properties": { "value": 49.0 }, "geometry": { "type": "Polygon", "coordinates": [ [ [ 37.844, 12.754 ], [ 37.844, 12.746 ], [ 37.828, 12.746 ], [ 37.828, 12.754 ], [ 37.844, 12.754 ] ] ] } },
{ "type": "Feature", "properties": { "value": 50.0 }, "geometry": { "type": "Polygon", "coordinates": [ [ [ 37.892, 12.754 ], [ 37.892, 12.746 ], [ 37.884, 12.746 ], [ 37.884, 12.738 ], [ 37.86, 12.738 ], [ 37.86, 12.746 ], [ 37.844, 12.746 ], [ 37.844, 12.754 ], [ 37.892, 12.754 ] ] ] } },
{ "type": "Feature", "properties": { "value": 51.0 }, "geometry": { "type": "Polygon", "coordinates": [ [ [ 37.932, 12.754 ], [ 37.932, 12.746 ], [ 37.924, 12.746 ], [ 37.924, 12.754 ], [ 37.932, 12.754 ] ] ] } },
{ "type": "Feature", "properties": { "value": 52.0 }, "geometry": { "type": "Polygon", "coordinates": [ [ [ 37.948, 12.754 ], [ 37.948, 12.746 ], [ 37.94, 12.746 ], [ 37.94, 12.754 ], [ 37.948, 12.754 ] ] ] } },
{ "type": "Feature", "properties": { "value": 53.0 }, "geometry": { "type": "Polygon", "coordinates": [ [ [ 37.964, 12.754 ], [ 37.964, 12.746 ], [ 37.948, 12.746 ], [ 37.948, 12.754 ], [ 37.964, 12.754 ] ] ] } },
{ "type": "Feature", "properties": { "value": 54.0 }, "geometry": { "type": "Polygon", "coordinates": [ [ [ 38.068, 12.754 ], [ 38.068, 12.746 ], [ 38.06, 12.746 ], [ 38.06, 12.754 ], [ 38.068, 12.754 ] ] ] } },
{ "type": "Feature", "properties": { "value": 55.0 }, "geometry": { "type": "Polygon", "coordinates": [ [ [ 38.14, 12.754 ], [ 38.14, 12.746 ], [ 38.132, 12.746 ], [ 38.132, 12.754 ], [ 38.14, 12.754 ] ] ] } },
{ "type": "Feature", "properties": { "value": 56.0 }, "geometry": { "type": "Polygon", "coordinates": [ [ [ 38.18, 12.754 ], [ 38.18, 12.746 ], [ 38.172, 12.746 ], [ 38.172, 12.754 ], [ 38.18, 12.754 ] ] ] } },
{ "type": "Feature", "properties": { "value": 57.0 }, "geometry": { "type": "Polygon", "coordinates": [ [ [ 38.196, 12.754 ], [ 38.196, 12.746 ], [ 38.18, 12.746 ], [ 38.18, 12.754 ], [ 38.196, 12.754 ] ] ] } },
{ "type": "Feature", "properties": { "value": 58.0 }, "geometry": { "type": "Polygon", "coordinates": [ [ [ 37.596, 12.754 ], [ 37.596, 12.746 ], [ 37.604, 12.746 ], [ 37.604, 12.754 ], [ 37.612, 12.754 ], [ 37.612, 12.746 ], [ 37.62, 12.746 ], [ 37.62, 12.738 ], [ 37.628, 12.738 ], [ 37.628, 12.73 ], [ 37.636, 12.73 ], [ 37.636, 12.738 ], [ 37.644, 12.738 ], [ 37.644, 12.73 ], [ 37.66, 12.73 ], [ 37.66, 12.722 ], [ 37.684, 12.722 ], [ 37.684, 12.73 ], [ 37.692, 12.73 ], [ 37.692, 12.738 ], [ 37.684, 12.738 ], [ 37.684, 12.754 ], [ 37.716, 12.754 ], [ 37.716, 12.746 ], [ 37.724, 12.746 ], [ 37.724, 12.738 ], [ 37.74, 12.738 ], [ 37.74, 12.746 ], [ 37.756, 12.746 ], [ 37.756, 12.754 ], [ 37.788, 12.754 ], [ 37.788, 12.746 ], [ 37.804, 12.746 ], [ 37.804, 12.754 ], [ 37.828, 12.754 ], [ 37.828, 12.746 ], [ 37.86, 12.746 ], [ 37.86, 12.738 ], [ 37.884, 12.738 ], [ 37.884, 12.746 ], [ 37.892, 12.746 ], [ 37.892, 12.754 ], [ 37.924, 12.754 ], [ 37.924, 12.746 ], [ 37.932, 12.746 ], [ 37.932, 12.754 ], [ 37.94, 12.754 ], [ 37.94, 12.746 ], [ 37.964, 12.746 ], [ 37.964, 12.754 ], [ 38.06, 12.754 ], [ 38.06, 12.746 ], [ 38.068, 12.746 ], [ 38.068, 12.754 ], [ 38.132, 12.754 ], [ 38.132, 12.746 ], [ 38.14, 12.746 ], [ 38.14, 12.754 ], [ 38.172, 12.754 ], [ 38.172, 12.746 ], [ 38.196, 12.746 ], [ 38.196, 12.754 ], [ 38.236, 12.754 ], [ 38.236, 12.722 ], [ 38.228, 12.722 ], [ 38.228, 12.714 ], [ 38.236, 12.714 ], [ 38.236, 12.634 ], [ 38.228, 12.634 ], [ 38.228, 12.618 ], [ 38.212, 12.618 ], [ 38.212, 12.61 ], [ 38.204, 12.61 ], [ 38.204, 12.602 ], [ 38.172, 12.602 ], [ 38.172, 12.594 ], [ 38.164, 12.594 ], [ 38.164, 12.57 ], [ 38.156, 12.57 ], [ 38.156, 12.562 ], [ 38.148, 12.562 ], [ 38.148, 12.554 ], [ 38.14, 12.554 ], [ 38.14, 12.538 ], [ 38.132, 12.538 ], [ 38.132, 12.506 ], [ 38.124, 12.506 ], [ 38.124, 12.498 ], [ 38.108, 12.498 ], [ 38.108, 12.458 ], [ 38.1, 12.458 ], [ 38.1, 12.434 ], [ 38.092, 12.434 ], [ 38.092, 12.426 ], [ 38.084, 12.426 ], [ 38.084, 12.418 ], [ 38.076, 12.418 ], [ 38.076, 12.41 ], [ 38.068, 12.41 ], [ 38.068, 12.386 ], [ 38.06, 12.386 ], [ 38.06, 12.37 ], [ 38.052, 12.37 ], [ 38.052, 12.378 ], [ 38.044, 12.378 ], [ 38.044, 12.37 ], [ 38.004, 12.37 ], [ 38.004, 12.362 ], [ 37.996, 12.362 ], [ 37.996, 12.314 ], [ 37.988, 12.314 ], [ 37.988, 12.298 ], [ 37.98, 12.298 ], [ 37.98, 12.282 ], [ 37.972, 12.282 ], [ 37.972, 12.266 ], [ 37.964, 12.266 ], [ 37.964, 12.258 ], [ 37.956, 12.258 ], [ 37.956, 12.234 ], [ 37.964, 12.234 ], [ 37.964, 12.21 ], [ 37.972, 12.21 ], [ 37.972, 12.194 ], [ 37.964, 12.194 ], [ 37.964, 12.186 ], [ 37.948, 12.186 ], [ 37.948, 12.178 ], [ 37.94, 12.178 ], [ 37.94, 12.186 ], [ 37.932, 12.186 ], [ 37.932, 12.17 ], [ 37.9, 12.17 ], [ 37.9, 12.178 ], [ 37.86, 12.178 ], [ 37.86, 12.186 ], [ 37.868, 12.186 ], [ 37.868, 12.194 ], [ 37.86, 12.194 ], [ 37.86, 12.202 ], [ 37.852, 12.202 ], [ 37.852, 12.21 ], [ 37.844, 12.21 ], [ 37.844, 12.218 ], [ 37.836, 12.218 ], [ 37.836, 12.226 ], [ 37.828, 12.226 ], [ 37.828, 12.234 ], [ 37.82, 12.234 ], [ 37.82, 12.226 ], [ 37.812, 12.226 ], [ 37.812, 12.218 ], [ 37.796, 12.218 ], [ 37.796, 12.234 ], [ 37.788, 12.234 ], [ 37.788, 12.242 ], [ 37.764, 12.242 ], [ 37.764, 12.258 ], [ 37.756, 12.258 ], [ 37.756, 12.266 ], [ 37.74, 12.266 ], [ 37.74, 12.282 ], [ 37.732, 12.282 ], [ 37.732, 12.298 ], [ 37.724, 12.298 ], [ 37.724, 12.306 ], [ 37.716, 12.306 ], [ 37.716, 12.314 ], [ 37.708, 12.314 ], [ 37.708, 12.322 ], [ 37.7, 12.322 ], [ 37.7, 12.33 ], [ 37.708, 12.33 ], [ 37.708, 12.338 ], [ 37.692, 12.338 ], [ 37.692, 12.362 ], [ 37.684, 12.362 ], [ 37.684, 12.37 ], [ 37.668, 12.37 ], [ 37.668, 12.378 ], [ 37.66, 12.378 ], [ 37.66, 12.386 ], [ 37.644, 12.386 ], [ 37.644, 12.394 ], [ 37.652, 12.394 ], [ 37.652, 12.402 ], [ 37.668, 12.402 ], [ 37.668, 12.41 ], [ 37.676, 12.41 ], [ 37.676, 12.418 ], [ 37.668, 12.418 ], [ 37.668, 12.434 ], [ 37.66, 12.434 ], [ 37.66, 12.442 ], [ 37.652, 12.442 ], [ 37.652, 12.45 ], [ 37.66, 12.45 ], [ 37.66, 12.458 ], [ 37.644, 12.458 ], [ 37.644, 12.474 ], [ 37.636, 12.474 ], [ 37.636, 12.482 ], [ 37.62, 12.482 ], [ 37.62, 12.49 ], [ 37.612, 12.49 ], [ 37.612, 12.498 ], [ 37.604, 12.498 ], [ 37.604, 12.506 ], [ 37.596, 12.506 ], [ 37.596, 12.522 ], [ 37.604, 12.522 ], [ 37.604, 12.538 ], [ 37.596, 12.538 ], [ 37.596, 12.546 ], [ 37.604, 12.546 ], [ 37.604, 12.586 ], [ 37.596, 12.586 ], [ 37.596, 12.594 ], [ 37.604, 12.594 ], [ 37.604, 12.61 ], [ 37.612, 12.61 ], [ 37.612, 12.626 ], [ 37.62, 12.626 ], [ 37.62, 12.65 ], [ 37.612, 12.65 ], [ 37.612, 12.658 ], [ 37.58, 12.658 ], [ 37.58, 12.674 ], [ 37.588, 12.674 ], [ 37.588, 12.69 ], [ 37.58, 12.69 ], [ 37.58, 12.706 ], [ 37.572, 12.706 ], [ 37.572, 12.714 ], [ 37.564, 12.714 ], [ 37.564, 12.738 ], [ 37.556, 12.738 ], [ 37.556, 12.754 ], [ 37.596, 12.754 ] ] ] } },
{ "type": "Feature", "properties": { "value": 59.0 }, "geometry": { "type": "Polygon", "coordinates": [ [ [ 36.764, 12.746 ], [ 36.764, 12.738 ], [ 36.788, 12.738 ], [ 36.788, 12.714 ], [ 36.78, 12.714 ], [ 36.78, 12.706 ], [ 36.748, 12.706 ], [ 36.748, 12.714 ], [ 36.74, 12.714 ], [ 36.74, 12.746 ], [ 36.764, 12.746 ] ] ] } },
{ "type": "Feature", "properties": { "value": 60.0 }, "geometry": { "type": "Polygon", "coordinates": [ [ [ 38.236, 12.722 ], [ 38.236, 12.714 ], [ 38.228, 12.714 ], [ 38.228, 12.722 ], [ 38.236, 12.722 ] ] ] } },
{ "type": "Feature", "properties": { "value": 61.0 }, "geometry": { "type": "Polygon", "coordinates": [ [ [ 36.748, 12.714 ], [ 36.748, 12.698 ], [ 36.74, 12.698 ], [ 36.74, 12.714 ], [ 36.748, 12.714 ] ] ] } },
{ "type": "Feature", "properties": { "value": 62.0 }, "geometry": { "type": "Polygon", "coordinates": [ [ [ 36.772, 12.706 ], [ 36.772, 12.674 ], [ 36.78, 12.674 ], [ 36.78, 12.666 ], [ 36.764, 12.666 ], [ 36.764, 12.658 ], [ 36.748, 12.658 ], [ 36.748, 12.666 ], [ 36.74, 12.666 ], [ 36.74, 12.698 ], [ 36.748, 12.698 ], [ 36.748, 12.706 ], [ 36.772, 12.706 ] ] ] } },
{ "type": "Feature", "properties": { "value": 63.0 }, "geometry": { "type": "Polygon", "coordinates": [ [ [ 36.748, 12.666 ], [ 36.748, 12.658 ], [ 36.74, 12.658 ], [ 36.74, 12.666 ], [ 36.748, 12.666 ] ] ] } },
{ "type": "Feature", "properties": { "value": 64.0 }, "geometry": { "type": "Polygon", "coordinates": [ [ [ 36.764, 12.658 ], [ 36.764, 12.634 ], [ 36.74, 12.634 ], [ 36.74, 12.658 ], [ 36.764, 12.658 ] ] ] } },
{ "type": "Feature", "properties": { "value": 65.0 }, "geometry": { "type": "Polygon", "coordinates": [ [ [ 36.748, 12.634 ], [ 36.748, 12.626 ], [ 36.74, 12.626 ], [ 36.74, 12.634 ], [ 36.748, 12.634 ] ] ] } },
{ "type": "Feature", "properties": { "value": 66.0 }, "geometry": { "type": "Polygon", "coordinates": [ [ [ 38.236, 12.634 ], [ 38.236, 12.626 ], [ 38.228, 12.626 ], [ 38.228, 12.634 ], [ 38.236, 12.634 ] ] ] } },
{ "type": "Feature", "properties": { "value": 67.0 }, "geometry": { "type": "Polygon", "coordinates": [ [ [ 38.236, 12.626 ], [ 38.236, 12.618 ], [ 38.228, 12.618 ], [ 38.228, 12.626 ], [ 38.236, 12.626 ] ] ] } },
{ "type": "Feature", "properties": { "value": 68.0 }, "geometry": { "type": "Polygon", "coordinates": [ [ [ 38.236, 12.618 ], [ 38.236, 12.594 ], [ 38.228, 12.594 ], [ 38.228, 12.586 ], [ 38.212, 12.586 ], [ 38.212, 12.594 ], [ 38.196, 12.594 ], [ 38.196, 12.602 ], [ 38.204, 12.602 ], [ 38.204, 12.61 ], [ 38.212, 12.61 ], [ 38.212, 12.618 ], [ 38.236, 12.618 ] ] ] } },
{ "type": "Feature", "properties": { "value": 69.0 }, "geometry": { "type": "Polygon", "coordinates": [ [ [ 36.78, 12.666 ], [ 36.78, 12.658 ], [ 36.796, 12.658 ], [ 36.796, 12.666 ], [ 36.82, 12.666 ], [ 36.82, 12.65 ], [ 36.876, 12.65 ], [ 36.876, 12.642 ], [ 36.852, 12.642 ], [ 36.852, 12.634 ], [ 36.812, 12.634 ], [ 36.812, 12.618 ], [ 36.804, 12.618 ], [ 36.804, 12.61 ], [ 36.78, 12.61 ], [ 36.78, 12.602 ], [ 36.764, 12.602 ], [ 36.764, 12.594 ], [ 36.748, 12.594 ], [ 36.748, 12.586 ], [ 36.74, 12.586 ], [ 36.74, 12.626 ], [ 36.748, 12.626 ], [ 36.748, 12.634 ], [ 36.764, 12.634 ], [ 36.764, 12.666 ], [ 36.78, 12.666 ] ] ] } },
{ "type": "Feature", "properties": { "value": 70.0 }, "geometry": { "type": "Polygon", "coordinates": [ [ [ 38.236, 12.594 ], [ 38.236, 12.578 ], [ 38.228, 12.578 ], [ 38.228, 12.594 ], [ 38.236, 12.594 ] ] ] } },
{ "type": "Feature", "properties": { "value": 71.0 }, "geometry": { "type": "Polygon", "coordinates": [ [ [ 36.892, 12.65 ], [ 36.892, 12.642 ], [ 36.924, 12.642 ], [ 36.924, 12.65 ], [ 36.932, 12.65 ], [ 36.932, 12.642 ], [ 36.972, 12.642 ], [ 36.972, 12.634 ], [ 36.98, 12.634 ], [ 36.98, 12.626 ], [ 37.004, 12.626 ], [ 37.004, 12.618 ], [ 37.012, 12.618 ], [ 37.012, 12.61 ], [ 37.02, 12.61 ], [ 37.02, 12.602 ], [ 37.044, 12.602 ], [ 37.044, 12.594 ], [ 37.068, 12.594 ], [ 37.068, 12.546 ], [ 37.052, 12.546 ], [ 37.052, 12.538 ], [ 37.012, 12.538 ], [ 37.012, 12.53 ], [ 36.988, 12.53 ], [ 36.988, 12.538 ], [ 36.98, 12.538 ], [ 36.98, 12.546 ], [ 36.972, 12.546 ], [ 36.972, 12.554 ], [ 36.948, 12.554 ], [ 36.948, 12.562 ], [ 36.908, 12.562 ], [ 36.908, 12.57 ], [ 36.892, 12.57 ], [ 36.892, 12.578 ], [ 36.884, 12.578 ], [ 36.884, 12.57 ], [ 36.876, 12.57 ], [ 36.876, 12.578 ], [ 36.852, 12.578 ], [ 36.852, 12.586 ], [ 36.836, 12.586 ], [ 36.836, 12.578 ], [ 36.828, 12.578 ], [ 36.828, 12.586 ], [ 36.812, 12.586 ], [ 36.812, 12.578 ], [ 36.804, 12.578 ], [ 36.804, 12.57 ], [ 36.78, 12.57 ], [ 36.78, 12.562 ], [ 36.756, 12.562 ], [ 36.756, 12.554 ], [ 36.74, 12.554 ], [ 36.74, 12.586 ], [ 36.748, 12.586 ], [ 36.748, 12.594 ], [ 36.764, 12.594 ], [ 36.764, 12.602 ], [ 36.78, 12.602 ], [ 36.78, 12.61 ], [ 36.804, 12.61 ], [ 36.804, 12.618 ], [ 36.812, 12.618 ], [ 36.812, 12.634 ], [ 36.852, 12.634 ], [ 36.852, 12.642 ], [ 36.876, 12.642 ], [ 36.876, 12.65 ], [ 36.892, 12.65 ] ] ] } },
{ "type": "Feature", "properties": { "value": 72.0 }, "geometry": { "type": "Polygon", "coordinates": [ [ [ 38.196, 12.602 ], [ 38.196, 12.594 ], [ 38.212, 12.594 ], [ 38.212, 12.586 ], [ 38.228, 12.586 ], [ 38.228, 12.578 ], [ 38.236, 12.578 ], [ 38.236, 12.554 ], [ 38.228, 12.554 ], [ 38.228, 12.546 ], [ 38.22, 12.546 ], [ 38.22, 12.538 ], [ 38.204, 12.538 ], [ 38.204, 12.522 ], [ 38.18, 12.522 ], [ 38.18, 12.514 ], [ 38.172, 12.514 ], [ 38.172, 12.53 ], [ 38.132, 12.53 ], [ 38.132, 12.538 ], [ 38.14, 12.538 ], [ 38.14, 12.554 ], [ 38.148, 12.554 ], [ 38.148, 12.562 ], [ 38.156, 12.562 ], [ 38.156, 12.57 ], [ 38.164, 12.57 ], [ 38.164, 12.594 ], [ 38.172, 12.594 ], [ 38.172, 12.602 ], [ 38.196, 12.602 ] ] ] } },
{ "type": "Feature", "properties": { "value": 73.0 }, "geometry": { "type": "Polygon", "coordinates": [ [ [ 38.236, 12.554 ], [ 38.236, 12.546 ], [ 38.228, 12.546 ], [ 38.228, 12.554 ], [ 38.236, 12.554 ] ] ] } },
{ "type": "Feature", "properties": { "value": 74.0 }, "geometry": { "type": "Polygon", "coordinates": [ [ [ 36.828, 12.586 ], [ 36.828, 12.578 ], [ 36.836, 12.578 ], [ 36.836, 12.586 ], [ 36.852, 12.586 ], [ 36.852, 12.578 ], [ 36.876, 12.578 ], [ 36.876, 12.57 ], [ 36.884, 12.57 ], [ 36.884, 12.578 ], [ 36.892, 12.578 ], [ 36.892, 12.57 ], [ 36.908, 12.57 ], [ 36.908, 12.562 ], [ 36.948, 12.562 ], [ 36.948, 12.554 ], [ 36.972, 12.554 ], [ 36.972, 12.546 ], [ 36.98, 12.546 ], [ 36.98, 12.538 ], [ 36.988, 12.538 ], [ 36.988, 12.53 ], [ 37.012, 12.53 ], [ 37.012, 12.538 ], [ 37.052, 12.538 ], [ 37.052, 12.546 ], [ 37.06, 12.546 ], [ 37.06, 12.522 ], [ 37.052, 12.522 ], [ 37.052, 12.506 ], [ 37.044, 12.506 ], [ 37.044, 12.482 ], [ 37.036, 12.482 ], [ 37.036, 12.466 ], [ 37.028, 12.466 ], [ 37.028, 12.458 ], [ 36.996, 12.458 ], [ 36.996, 12.466 ], [ 36.988, 12.466 ], [ 36.988, 12.474 ], [ 36.972, 12.474 ], [ 36.972, 12.482 ], [ 36.964, 12.482 ], [ 36.964, 12.49 ], [ 36.948, 12.49 ], [ 36.948, 12.498 ], [ 36.932, 12.498 ], [ 36.932, 12.506 ], [ 36.924, 12.506 ], [ 36.924, 12.514 ], [ 36.916, 12.514 ], [ 36.916, 12.522 ], [ 36.9, 12.522 ], [ 36.9, 12.53 ], [ 36.892, 12.53 ], [ 36.892, 12.538 ], [ 36.884, 12.538 ], [ 36.884, 12.53 ], [ 36.876, 12.53 ], [ 36.876, 12.538 ], [ 36.86, 12.538 ], [ 36.86, 12.546 ], [ 36.812, 12.546 ], [ 36.812, 12.538 ], [ 36.804, 12.538 ], [ 36.804, 12.546 ], [ 36.796, 12.546 ], [ 36.796, 12.538 ], [ 36.764, 12.538 ], [ 36.764, 12.53 ], [ 36.74, 12.53 ], [ 36.74, 12.554 ], [ 36.756, 12.554 ], [ 36.756, 12.562 ], [ 36.78, 12.562 ], [ 36.78, 12.57 ], [ 36.804, 12.57 ], [ 36.804, 12.578 ], [ 36.812, 12.578 ], [ 36.812, 12.586 ], [ 36.828, 12.586 ] ] ] } },
{ "type": "Feature", "properties": { "value": 75.0 }, "geometry": { "type": "Polygon", "coordinates": [ [ [ 38.236, 12.546 ], [ 38.236, 12.514 ], [ 38.212, 12.514 ], [ 38.212, 12.522 ], [ 38.204, 12.522 ], [ 38.204, 12.538 ], [ 38.22, 12.538 ], [ 38.22, 12.546 ], [ 38.236, 12.546 ] ] ] } },
{ "type": "Feature", "properties": { "value": 76.0 }, "geometry": { "type": "Polygon", "coordinates": [ [ [ 36.748, 12.53 ], [ 36.748, 12.514 ], [ 36.74, 12.514 ], [ 36.74, 12.53 ], [ 36.748, 12.53 ] ] ] } },
{ "type": "Feature", "properties": { "value": 77.0 }, "geometry": { "type": "Polygon", "coordinates": [ [ [ 36.804, 12.546 ], [ 36.804, 12.538 ], [ 36.812, 12.538 ], [ 36.812, 12.546 ], [ 36.86, 12.546 ], [ 36.86, 12.538 ], [ 36.876, 12.538 ], [ 36.876, 12.53 ], [ 36.884, 12.53 ], [ 36.884, 12.538 ], [ 36.892, 12.538 ], [ 36.892, 12.53 ], [ 36.9, 12.53 ], [ 36.9, 12.522 ], [ 36.916, 12.522 ], [ 36.916, 12.514 ], [ 36.924, 12.514 ], [ 36.924, 12.506 ], [ 36.932, 12.506 ], [ 36.932, 12.498 ], [ 36.948, 12.498 ], [ 36.948, 12.49 ], [ 36.964, 12.49 ], [ 36.964, 12.482 ], [ 36.972, 12.482 ], [ 36.972, 12.474 ], [ 36.988, 12.474 ], [ 36.988, 12.466 ], [ 36.996, 12.466 ], [ 36.996, 12.458 ], [ 36.972, 12.458 ], [ 36.972, 12.45 ], [ 36.956, 12.45 ], [ 36.956, 12.434 ], [ 36.94, 12.434 ], [ 36.94, 12.426 ], [ 36.924, 12.426 ], [ 36.924, 12.442 ], [ 36.908, 12.442 ], [ 36.908, 12.45 ], [ 36.9, 12.45 ], [ 36.9, 12.458 ], [ 36.892, 12.458 ], [ 36.892, 12.466 ], [ 36.884, 12.466 ], [ 36.884, 12.458 ], [ 36.868, 12.458 ], [ 36.868, 12.466 ], [ 36.86, 12.466 ], [ 36.86, 12.474 ], [ 36.828, 12.474 ], [ 36.828, 12.482 ], [ 36.812, 12.482 ], [ 36.812, 12.474 ], [ 36.804, 12.474 ], [ 36.804, 12.482 ], [ 36.772, 12.482 ], [ 36.772, 12.474 ], [ 36.764, 12.474 ], [ 36.764, 12.482 ], [ 36.748, 12.482 ], [ 36.748, 12.498 ], [ 36.74, 12.498 ], [ 36.74, 12.514 ], [ 36.748, 12.514 ], [ 36.748, 12.53 ], [ 36.764, 12.53 ], [ 36.764, 12.538 ], [ 36.796, 12.538 ], [ 36.796, 12.546 ], [ 36.804, 12.546 ] ] ] } },
{ "type": "Feature", "properties": { "value": 78.0 }, "geometry": { "type": "Polygon", "coordinates": [ [ [ 38.236, 12.514 ], [ 38.236, 12.498 ], [ 38.228, 12.498 ], [ 38.228, 12.514 ], [ 38.236, 12.514 ] ] ] } },
{ "type": "Feature", "properties": { "value": 79.0 }, "geometry": { "type": "MultiPolygon", "coordinates": [ [ [ [ 36.74, 12.482 ], [ 36.74, 12.498 ], [ 36.748, 12.498 ], [ 36.748, 12.482 ], [ 36.74, 12.482 ] ] ], [ [ [ 36.756, 12.482 ], [ 36.756, 12.474 ], [ 36.748, 12.474 ], [ 36.748, 12.482 ], [ 36.756, 12.482 ] ] ] ] } },
{ "type": "Feature", "properties": { "value": 80.0 }, "geometry": { "type": "Polygon", "coordinates": [ [ [ 38.172, 12.53 ], [ 38.172, 12.514 ], [ 38.18, 12.514 ], [ 38.18, 12.522 ], [ 38.212, 12.522 ], [ 38.212, 12.514 ], [ 38.228, 12.514 ], [ 38.228, 12.498 ], [ 38.236, 12.498 ], [ 38.236, 12.458 ], [ 38.228, 12.458 ], [ 38.228, 12.45 ], [ 38.212, 12.45 ], [ 38.212, 12.442 ], [ 38.204, 12.442 ], [ 38.204, 12.434 ], [ 38.196, 12.434 ], [ 38.196, 12.426 ], [ 38.188, 12.426 ], [ 38.188, 12.41 ], [ 38.172, 12.41 ], [ 38.172, 12.402 ], [ 38.148, 12.402 ], [ 38.148, 12.394 ], [ 38.14, 12.394 ], [ 38.14, 12.386 ], [ 38.116, 12.386 ], [ 38.116, 12.378 ], [ 38.076, 12.378 ], [ 38.076, 12.37 ], [ 38.068, 12.37 ], [ 38.068, 12.378 ], [ 38.06, 12.378 ], [ 38.06, 12.386 ], [ 38.068, 12.386 ], [ 38.068, 12.41 ], [ 38.076, 12.41 ], [ 38.076, 12.418 ], [ 38.084, 12.418 ], [ 38.084, 12.426 ], [ 38.092, 12.426 ], [ 38.092, 12.434 ], [ 38.1, 12.434 ], [ 38.1, 12.458 ], [ 38.108, 12.458 ], [ 38.108, 12.498 ], [ 38.124, 12.498 ], [ 38.124, 12.506 ], [ 38.132, 12.506 ], [ 38.132, 12.53 ], [ 38.172, 12.53 ] ] ] } },
{ "type": "Feature", "properties": { "value": 81.0 }, "geometry": { "type": "Polygon", "coordinates": [ [ [ 36.748, 12.482 ], [ 36.748, 12.474 ], [ 36.756, 12.474 ], [ 36.756, 12.482 ], [ 36.764, 12.482 ], [ 36.764, 12.474 ], [ 36.772, 12.474 ], [ 36.772, 12.482 ], [ 36.804, 12.482 ], [ 36.804, 12.474 ], [ 36.812, 12.474 ], [ 36.812, 12.482 ], [ 36.828, 12.482 ], [ 36.828, 12.474 ], [ 36.86, 12.474 ], [ 36.86, 12.466 ], [ 36.868, 12.466 ], [ 36.868, 12.458 ], [ 36.884, 12.458 ], [ 36.884, 12.466 ], [ 36.892, 12.466 ], [ 36.892, 12.458 ], [ 36.9, 12.458 ], [ 36.9, 12.45 ], [ 36.908, 12.45 ], [ 36.908, 12.442 ], [ 36.924, 12.442 ], [ 36.924, 12.426 ], [ 36.908, 12.426 ], [ 36.908, 12.418 ], [ 36.892, 12.418 ], [ 36.892, 12.41 ], [ 36.868, 12.41 ], [ 36.868, 12.402 ], [ 36.86, 12.402 ], [ 36.86, 12.41 ], [ 36.844, 12.41 ], [ 36.844, 12.426 ], [ 36.836, 12.426 ], [ 36.836, 12.418 ], [ 36.828, 12.418 ], [ 36.828, 12.41 ], [ 36.796, 12.41 ], [ 36.796, 12.418 ], [ 36.804, 12.418 ], [ 36.804, 12.426 ], [ 36.796, 12.426 ], [ 36.796, 12.434 ], [ 36.788, 12.434 ], [ 36.788, 12.426 ], [ 36.78, 12.426 ], [ 36.78, 12.434 ], [ 36.772, 12.434 ], [ 36.772, 12.442 ], [ 36.764, 12.442 ], [ 36.764, 12.45 ], [ 36.756, 12.45 ], [ 36.756, 12.458 ], [ 36.748, 12.458 ], [ 36.748, 12.466 ], [ 36.74, 12.466 ], [ 36.74, 12.482 ], [ 36.748, 12.482 ] ] ] } },
{ "type": "Feature", "properties": { "value": 82.0 }, "geometry": { "type": "Polygon", "coordinates": [ [ [ 36.748, 12.466 ], [ 36.748, 12.458 ], [ 36.74, 12.458 ], [ 36.74, 12.466 ], [ 36.748, 12.466 ] ] ] } },
{ "type": "Feature", "properties": { "value": 83.0 }, "geometry": { "type": "Polygon", "coordinates": [ [ [ 36.756, 12.458 ], [ 36.756, 12.45 ], [ 36.764, 12.45 ], [ 36.764, 12.442 ], [ 36.772, 12.442 ], [ 36.772, 12.434 ], [ 36.78, 12.434 ], [ 36.78, 12.426 ], [ 36.74, 12.426 ], [ 36.74, 12.458 ], [ 36.756, 12.458 ] ] ] } },
{ "type": "Feature", "properties": { "value": 84.0 }, "geometry": { "type": "Polygon", "coordinates": [ [ [ 38.236, 12.458 ], [ 38.236, 12.45 ], [ 38.228, 12.45 ], [ 38.228, 12.458 ], [ 38.236, 12.458 ] ] ] } },
{ "type": "Feature", "properties": { "value": 85.0 }, "geometry": { "type": "Polygon", "coordinates": [ [ [ 38.236, 12.45 ], [ 38.236, 12.442 ], [ 38.228, 12.442 ], [ 38.228, 12.45 ], [ 38.236, 12.45 ] ] ] } },
{ "type": "Feature", "properties": { "value": 86.0 }, "geometry": { "type": "Polygon", "coordinates": [ [ [ 38.228, 12.45 ], [ 38.228, 12.442 ], [ 38.236, 12.442 ], [ 38.236, 12.426 ], [ 38.204, 12.426 ], [ 38.204, 12.418 ], [ 38.188, 12.418 ], [ 38.188, 12.426 ], [ 38.196, 12.426 ], [ 38.196, 12.434 ], [ 38.204, 12.434 ], [ 38.204, 12.442 ], [ 38.212, 12.442 ], [ 38.212, 12.45 ], [ 38.228, 12.45 ] ] ] } },
{ "type": "Feature", "properties": { "value": 87.0 }, "geometry": { "type": "Polygon", "coordinates": [ [ [ 36.748, 12.426 ], [ 36.748, 12.418 ], [ 36.74, 12.418 ], [ 36.74, 12.426 ], [ 36.748, 12.426 ] ] ] } },
{ "type": "Feature", "properties": { "value": 88.0 }, "geometry": { "type": "Polygon", "coordinates": [ [ [ 38.236, 12.426 ], [ 38.236, 12.418 ], [ 38.228, 12.418 ], [ 38.228, 12.426 ], [ 38.236, 12.426 ] ] ] } },
{ "type": "Feature", "properties": { "value": 89.0 }, "geometry": { "type": "Polygon", "coordinates": [ [ [ 38.228, 12.426 ], [ 38.228, 12.418 ], [ 38.236, 12.418 ], [ 38.236, 12.41 ], [ 38.22, 12.41 ], [ 38.22, 12.426 ], [ 38.228, 12.426 ] ] ] } },
{ "type": "Feature", "properties": { "value": 90.0 }, "geometry": { "type": "Polygon", "coordinates": [ [ [ 37.028, 12.458 ], [ 37.028, 12.45 ], [ 37.02, 12.45 ], [ 37.02, 12.434 ], [ 37.012, 12.434 ], [ 37.012, 12.386 ], [ 37.02, 12.386 ], [ 37.02, 12.37 ], [ 37.028, 12.37 ], [ 37.028, 12.354 ], [ 37.036, 12.354 ], [ 37.036, 12.338 ], [ 37.028, 12.338 ], [ 37.028, 12.306 ], [ 37.02, 12.306 ], [ 37.02, 12.282 ], [ 37.012, 12.282 ], [ 37.012, 12.274 ], [ 36.996, 12.274 ], [ 36.996, 12.258 ], [ 36.988, 12.258 ], [ 36.988, 12.25 ], [ 36.98, 12.25 ], [ 36.98, 12.242 ], [ 36.972, 12.242 ], [ 36.972, 12.234 ], [ 36.948, 12.234 ], [ 36.948, 12.25 ], [ 36.932, 12.25 ], [ 36.932, 12.258 ], [ 36.924, 12.258 ], [ 36.924, 12.266 ], [ 36.836, 12.266 ], [ 36.836, 12.274 ], [ 36.844, 12.274 ], [ 36.844, 12.282 ], [ 36.836, 12.282 ], [ 36.836, 12.29 ], [ 36.82, 12.29 ], [ 36.82, 12.322 ], [ 36.812, 12.322 ], [ 36.812, 12.346 ], [ 36.796, 12.346 ], [ 36.796, 12.354 ], [ 36.764, 12.354 ], [ 36.764, 12.362 ], [ 36.748, 12.362 ], [ 36.748, 12.37 ], [ 36.74, 12.37 ], [ 36.74, 12.418 ], [ 36.748, 12.418 ], [ 36.748, 12.426 ], [ 36.788, 12.426 ], [ 36.788, 12.434 ], [ 36.796, 12.434 ], [ 36.796, 12.426 ], [ 36.804, 12.426 ], [ 36.804, 12.418 ], [ 36.796, 12.418 ], [ 36.796, 12.41 ], [ 36.828, 12.41 ], [ 36.828, 12.418 ], [ 36.836, 12.418 ], [ 36.836, 12.426 ], [ 36.844, 12.426 ], [ 36.844, 12.41 ], [ 36.86, 12.41 ], [ 36.86, 12.402 ], [ 36.868, 12.402 ], [ 36.868, 12.41 ], [ 36.892, 12.41 ], [ 36.892, 12.418 ], [ 36.908, 12.418 ], [ 36.908, 12.426 ], [ 36.94, 12.426 ], [ 36.94, 12.434 ], [ 36.956, 12.434 ], [ 36.956, 12.45 ], [ 36.972, 12.45 ], [ 36.972, 12.458 ], [ 37.028, 12.458 ] ] ] } },
{ "type": "Feature", "properties": { "value": 91.0 }, "geometry": { "type": "Polygon", "coordinates": [ [ [ 38.236, 12.41 ], [ 38.236, 12.394 ], [ 38.228, 12.394 ], [ 38.228, 12.41 ], [ 38.236, 12.41 ] ] ] } },
{ "type": "Feature", "properties": { "value": 92.0 }, "geometry": { "type": "Polygon", "coordinates": [ [ [ 38.22, 12.426 ], [ 38.22, 12.41 ], [ 38.228, 12.41 ], [ 38.228, 12.394 ], [ 38.236, 12.394 ], [ 38.236, 12.378 ], [ 38.228, 12.378 ], [ 38.228, 12.37 ], [ 38.236, 12.37 ], [ 38.236, 12.362 ], [ 38.228, 12.362 ], [ 38.228, 12.338 ], [ 38.204, 12.338 ], [ 38.204, 12.33 ], [ 38.196, 12.33 ], [ 38.196, 12.314 ], [ 38.188, 12.314 ], [ 38.188, 12.306 ], [ 38.18, 12.306 ], [ 38.18, 12.298 ], [ 38.164, 12.298 ], [ 38.164, 12.282 ], [ 38.156, 12.282 ], [ 38.156, 12.266 ], [ 38.132, 12.266 ], [ 38.132, 12.258 ], [ 38.116, 12.258 ], [ 38.116, 12.25 ], [ 38.108, 12.25 ], [ 38.108, 12.242 ], [ 38.1, 12.242 ], [ 38.1, 12.234 ], [ 38.084, 12.234 ], [ 38.084, 12.226 ], [ 38.076, 12.226 ], [ 38.076, 12.218 ], [ 38.068, 12.218 ], [ 38.068, 12.21 ], [ 38.052, 12.21 ], [ 38.052, 12.202 ], [ 38.044, 12.202 ], [ 38.044, 12.21 ], [ 38.036, 12.21 ], [ 38.036, 12.218 ], [ 38.028, 12.218 ], [ 38.028, 12.21 ], [ 38.02, 12.21 ], [ 38.02, 12.202 ], [ 38.004, 12.202 ], [ 38.004, 12.186 ], [ 37.98, 12.186 ], [ 37.98, 12.194 ], [ 37.972, 12.194 ], [ 37.972, 12.21 ], [ 37.964, 12.21 ], [ 37.964, 12.234 ], [ 37.956, 12.234 ], [ 37.956, 12.258 ], [ 37.964, 12.258 ], [ 37.964, 12.266 ], [ 37.972, 12.266 ], [ 37.972, 12.282 ], [ 37.98, 12.282 ], [ 37.98, 12.298 ], [ 37.988, 12.298 ], [ 37.988, 12.314 ], [ 37.996, 12.314 ], [ 37.996, 12.362 ], [ 38.004, 12.362 ], [ 38.004, 12.37 ], [ 38.044, 12.37 ], [ 38.044, 12.378 ], [ 38.052, 12.378 ], [ 38.052, 12.37 ], [ 38.06, 12.37 ], [ 38.06, 12.378 ], [ 38.068, 12.378 ], [ 38.068, 12.37 ], [ 38.076, 12.37 ], [ 38.076, 12.378 ], [ 38.116, 12.378 ], [ 38.116, 12.386 ], [ 38.14, 12.386 ], [ 38.14, 12.394 ], [ 38.148, 12.394 ], [ 38.148, 12.402 ], [ 38.172, 12.402 ], [ 38.172, 12.41 ], [ 38.188, 12.41 ], [ 38.188, 12.418 ], [ 38.204, 12.418 ], [ 38.204, 12.426 ], [ 38.22, 12.426 ] ] ] } },
{ "type": "Feature", "properties": { "value": 93.0 }, "geometry": { "type": "Polygon", "coordinates": [ [ [ 38.236, 12.378 ], [ 38.236, 12.37 ], [ 38.228, 12.37 ], [ 38.228, 12.378 ], [ 38.236, 12.378 ] ] ] } },
{ "type": "Feature", "properties": { "value": 94.0 }, "geometry": { "type": "Polygon", "coordinates": [ [ [ 36.748, 12.37 ], [ 36.748, 12.362 ], [ 36.74, 12.362 ], [ 36.74, 12.37 ], [ 36.748, 12.37 ] ] ] } },
{ "type": "Feature", "properties": { "value": 95.0 }, "geometry": { "type": "Polygon", "coordinates": [ [ [ 36.756, 12.362 ], [ 36.756, 12.354 ], [ 36.74, 12.354 ], [ 36.74, 12.362 ], [ 36.756, 12.362 ] ] ] } },
{ "type": "Feature", "properties": { "value": 96.0 }, "geometry": { "type": "Polygon", "coordinates": [ [ [ 38.236, 12.362 ], [ 38.236, 12.346 ], [ 38.228, 12.346 ], [ 38.228, 12.362 ], [ 38.236, 12.362 ] ] ] } },
{ "type": "Feature", "properties": { "value": 97.0 }, "geometry": { "type": "Polygon", "coordinates": [ [ [ 36.764, 12.362 ], [ 36.764, 12.354 ], [ 36.796, 12.354 ], [ 36.796, 12.346 ], [ 36.812, 12.346 ], [ 36.812, 12.322 ], [ 36.82, 12.322 ], [ 36.82, 12.298 ], [ 36.812, 12.298 ], [ 36.812, 12.306 ], [ 36.804, 12.306 ], [ 36.804, 12.314 ], [ 36.796, 12.314 ], [ 36.796, 12.322 ], [ 36.764, 12.322 ], [ 36.764, 12.33 ], [ 36.756, 12.33 ], [ 36.756, 12.338 ], [ 36.74, 12.338 ], [ 36.74, 12.354 ], [ 36.756, 12.354 ], [ 36.756, 12.362 ], [ 36.764, 12.362 ] ] ] } },
{ "type": "Feature", "properties": { "value": 98.0 }, "geometry": { "type": "Polygon", "coordinates": [ [ [ 38.236, 12.346 ], [ 38.236, 12.338 ], [ 38.228, 12.338 ], [ 38.228, 12.346 ], [ 38.236, 12.346 ] ] ] } },
{ "type": "Feature", "properties": { "value": 99.0 }, "geometry": { "type": "Polygon", "coordinates": [ [ [ 38.236, 12.338 ], [ 38.236, 12.33 ], [ 38.22, 12.33 ], [ 38.22, 12.338 ], [ 38.236, 12.338 ] ] ] } },
{ "type": "Feature", "properties": { "value": 100.0 }, "geometry": { "type": "Polygon", "coordinates": [ [ [ 36.756, 12.338 ], [ 36.756, 12.33 ], [ 36.764, 12.33 ], [ 36.764, 12.322 ], [ 36.796, 12.322 ], [ 36.796, 12.314 ], [ 36.804, 12.314 ], [ 36.804, 12.306 ], [ 36.812, 12.306 ], [ 36.812, 12.298 ], [ 36.82, 12.298 ], [ 36.82, 12.29 ], [ 36.812, 12.29 ], [ 36.812, 12.282 ], [ 36.804, 12.282 ], [ 36.804, 12.29 ], [ 36.796, 12.29 ], [ 36.796, 12.282 ], [ 36.78, 12.282 ], [ 36.78, 12.29 ], [ 36.756, 12.29 ], [ 36.756, 12.298 ], [ 36.748, 12.298 ], [ 36.748, 12.314 ], [ 36.74, 12.314 ], [ 36.74, 12.338 ], [ 36.756, 12.338 ] ] ] } },
{ "type": "Feature", "properties": { "value": 101.0 }, "geometry": { "type": "MultiPolygon", "coordinates": [ [ [ [ 38.1, 12.242 ], [ 38.108, 12.242 ], [ 38.108, 12.25 ], [ 38.116, 12.25 ], [ 38.116, 12.258 ], [ 38.132, 12.258 ], [ 38.132, 12.266 ], [ 38.156, 12.266 ], [ 38.156, 12.282 ], [ 38.164, 12.282 ], [ 38.164, 12.298 ], [ 38.18, 12.298 ], [ 38.18, 12.306 ], [ 38.188, 12.306 ], [ 38.188, 12.314 ], [ 38.196, 12.314 ], [ 38.196, 12.33 ], [ 38.204, 12.33 ], [ 38.204, 12.338 ], [ 38.22, 12.338 ], [ 38.22, 12.33 ], [ 38.236, 12.33 ], [ 38.236, 12.29 ], [ 38.228, 12.29 ], [ 38.228, 12.274 ], [ 38.22, 12.274 ], [ 38.22, 12.266 ], [ 38.212, 12.266 ], [ 38.212, 12.258 ], [ 38.204, 12.258 ], [ 38.204, 12.25 ], [ 38.196, 12.25 ], [ 38.196, 12.258 ], [ 38.148, 12.258 ], [ 38.148, 12.25 ], [ 38.14, 12.25 ], [ 38.14, 12.242 ], [ 38.124, 12.242 ], [ 38.124, 12.234 ], [ 38.1, 12.234 ], [ 38.1, 12.242 ] ] ], [ [ [ 38.1, 12.218 ], [ 38.076, 12.218 ], [ 38.076, 12.226 ], [ 38.084, 12.226 ], [ 38.084, 12.234 ], [ 38.1, 12.234 ], [ 38.1, 12.218 ] ] ] ] } },
{ "type": "Feature", "properties": { "value": 102.0 }, "geometry": { "type": "Polygon", "coordinates": [ [ [ 36.748, 12.314 ], [ 36.748, 12.298 ], [ 36.74, 12.298 ], [ 36.74, 12.314 ], [ 36.748, 12.314 ] ] ] } },
{ "type": "Feature", "properties": { "value": 103.0 }, "geometry": { "type": "Polygon", "coordinates": [ [ [ 36.756, 12.298 ], [ 36.756, 12.29 ], [ 36.764, 12.29 ], [ 36.764, 12.282 ], [ 36.74, 12.282 ], [ 36.74, 12.298 ], [ 36.756, 12.298 ] ] ] } },
{ "type": "Feature", "properties": { "value": 104.0 }, "geometry": { "type": "Polygon", "coordinates": [ [ [ 38.236, 12.29 ], [ 38.236, 12.282 ], [ 38.228, 12.282 ], [ 38.228, 12.29 ], [ 38.236, 12.29 ] ] ] } },
{ "type": "Feature", "properties": { "value": 105.0 }, "geometry": { "type": "Polygon", "coordinates": [ [ [ 36.748, 12.282 ], [ 36.748, 12.274 ], [ 36.74, 12.274 ], [ 36.74, 12.282 ], [ 36.748, 12.282 ] ] ] } },
{ "type": "Feature", "properties": { "value": 106.0 }, "geometry": { "type": "Polygon", "coordinates": [ [ [ 38.236, 12.282 ], [ 38.236, 12.274 ], [ 38.228, 12.274 ], [ 38.228, 12.282 ], [ 38.236, 12.282 ] ] ] } },
{ "type": "Feature", "properties": { "value": 107.0 }, "geometry": { "type": "Polygon", "coordinates": [ [ [ 38.236, 12.274 ], [ 38.236, 12.266 ], [ 38.22, 12.266 ], [ 38.22, 12.274 ], [ 38.236, 12.274 ] ] ] } },
{ "type": "Feature", "properties": { "value": 108.0 }, "geometry": { "type": "Polygon", "coordinates": [ [ [ 36.756, 12.282 ], [ 36.756, 12.266 ], [ 36.748, 12.266 ], [ 36.748, 12.258 ], [ 36.74, 12.258 ], [ 36.74, 12.274 ], [ 36.748, 12.274 ], [ 36.748, 12.282 ], [ 36.756, 12.282 ] ] ] } },
{ "type": "Feature", "properties": { "value": 109.0 }, "geometry": { "type": "Polygon", "coordinates": [ [ [ 38.236, 12.266 ], [ 38.236, 12.258 ], [ 38.212, 12.258 ], [ 38.212, 12.266 ], [ 38.236, 12.266 ] ] ] } },
{ "type": "Feature", "properties": { "value": 110.0 }, "geometry": { "type": "Polygon", "coordinates": [ [ [ 36.78, 12.29 ], [ 36.78, 12.282 ], [ 36.796, 12.282 ], [ 36.796, 12.29 ], [ 36.804, 12.29 ], [ 36.804, 12.282 ], [ 36.812, 12.282 ], [ 36.812, 12.29 ], [ 36.836, 12.29 ], [ 36.836, 12.282 ], [ 36.844, 12.282 ], [ 36.844, 12.274 ], [ 36.836, 12.274 ], [ 36.836, 12.266 ], [ 36.924, 12.266 ], [ 36.924, 12.258 ], [ 36.932, 12.258 ], [ 36.932, 12.25 ], [ 36.948, 12.25 ], [ 36.948, 12.234 ], [ 36.932, 12.234 ], [ 36.932, 12.226 ], [ 36.924, 12.226 ], [ 36.924, 12.218 ], [ 36.916, 12.218 ], [ 36.916, 12.226 ], [ 36.9, 12.226 ], [ 36.9, 12.21 ], [ 36.868, 12.21 ], [ 36.868, 12.218 ], [ 36.852, 12.218 ], [ 36.852, 12.21 ], [ 36.828, 12.21 ], [ 36.828, 12.218 ], [ 36.804, 12.218 ], [ 36.804, 12.226 ], [ 36.796, 12.226 ], [ 36.796, 12.218 ], [ 36.764, 12.218 ], [ 36.764, 12.226 ], [ 36.756, 12.226 ], [ 36.756, 12.234 ], [ 36.748, 12.234 ], [ 36.748, 12.242 ], [ 36.74, 12.242 ], [ 36.74, 12.258 ], [ 36.748, 12.258 ], [ 36.748, 12.266 ], [ 36.756, 12.266 ], [ 36.756, 12.282 ], [ 36.764, 12.282 ], [ 36.764, 12.29 ], [ 36.78, 12.29 ] ] ] } },
{ "type": "Feature", "properties": { "value": 111.0 }, "geometry": { "type": "Polygon", "coordinates": [ [ [ 38.236, 12.258 ], [ 38.236, 12.25 ], [ 38.228, 12.25 ], [ 38.228, 12.258 ], [ 38.236, 12.258 ] ] ] } },
{ "type": "Feature", "properties": { "value": 112.0 }, "geometry": { "type": "Polygon", "coordinates": [ [ [ 38.196, 12.258 ], [ 38.196, 12.25 ], [ 38.204, 12.25 ], [ 38.204, 12.258 ], [ 38.228, 12.258 ], [ 38.228, 12.25 ], [ 38.236, 12.25 ], [ 38.236, 12.234 ], [ 38.228, 12.234 ], [ 38.228, 12.226 ], [ 38.22, 12.226 ], [ 38.22, 12.218 ], [ 38.212, 12.218 ], [ 38.212, 12.202 ], [ 38.204, 12.202 ], [ 38.204, 12.194 ], [ 38.172, 12.194 ], [ 38.172, 12.186 ], [ 38.164, 12.186 ], [ 38.164, 12.178 ], [ 38.172, 12.178 ], [ 38.172, 12.17 ], [ 38.164, 12.17 ], [ 38.164, 12.162 ], [ 38.148, 12.162 ], [ 38.148, 12.146 ], [ 38.14, 12.146 ], [ 38.14, 12.138 ], [ 38.132, 12.138 ], [ 38.132, 12.13 ], [ 38.124, 12.13 ], [ 38.124, 12.122 ], [ 38.132, 12.122 ], [ 38.132, 12.114 ], [ 38.14, 12.114 ], [ 38.14, 12.106 ], [ 38.148, 12.106 ], [ 38.148, 12.09 ], [ 38.14, 12.09 ], [ 38.14, 12.082 ], [ 38.132, 12.082 ], [ 38.132, 12.074 ], [ 38.116, 12.074 ], [ 38.116, 12.082 ], [ 38.1, 12.082 ], [ 38.1, 12.09 ], [ 38.084, 12.09 ], [ 38.084, 12.098 ], [ 38.06, 12.098 ], [ 38.06, 12.106 ], [ 38.044, 12.106 ], [ 38.044, 12.114 ], [ 38.028, 12.114 ], [ 38.028, 12.122 ], [ 37.996, 12.122 ], [ 37.996, 12.13 ], [ 38.004, 12.13 ], [ 38.004, 12.146 ], [ 37.996, 12.146 ], [ 37.996, 12.162 ], [ 37.98, 12.162 ], [ 37.98, 12.17 ], [ 37.972, 12.17 ], [ 37.972, 12.178 ], [ 37.956, 12.178 ], [ 37.956, 12.186 ], [ 37.964, 12.186 ], [ 37.964, 12.194 ], [ 37.98, 12.194 ], [ 37.98, 12.186 ], [ 38.004, 12.186 ], [ 38.004, 12.202 ], [ 38.02, 12.202 ], [ 38.02, 12.21 ], [ 38.028, 12.21 ], [ 38.028, 12.218 ], [ 38.036, 12.218 ], [ 38.036, 12.21 ], [ 38.044, 12.21 ], [ 38.044, 12.202 ], [ 38.052, 12.202 ], [ 38.052, 12.21 ], [ 38.068, 12.21 ], [ 38.068, 12.218 ], [ 38.1, 12.218 ], [ 38.1, 12.234 ], [ 38.124, 12.234 ], [ 38.124, 12.242 ], [ 38.14, 12.242 ], [ 38.14, 12.25 ], [ 38.148, 12.25 ], [ 38.148, 12.258 ], [ 38.196, 12.258 ] ] ] } },
{ "type": "Feature", "properties": { "value": 113.0 }, "geometry": { "type": "Polygon", "coordinates": [ [ [ 36.748, 12.242 ], [ 36.748, 12.234 ], [ 36.756, 12.234 ], [ 36.756, 12.226 ], [ 36.74, 12.226 ], [ 36.74, 12.242 ], [ 36.748, 12.242 ] ] ] } },
{ "type": "Feature", "properties": { "value": 114.0 }, "geometry": { "type": "Polygon", "coordinates": [ [ [ 36.764, 12.226 ], [ 36.764, 12.218 ], [ 36.74, 12.218 ], [ 36.74, 12.226 ], [ 36.764, 12.226 ] ] ] } },
{ "type": "Feature", "properties": { "value": 115.0 }, "geometry": { "type": "Polygon", "coordinates": [ [ [ 38.236, 12.234 ], [ 38.236, 12.194 ], [ 38.228, 12.194 ], [ 38.228, 12.186 ], [ 38.22, 12.186 ], [ 38.22, 12.178 ], [ 38.212, 12.178 ], [ 38.212, 12.17 ], [ 38.204, 12.17 ], [ 38.204, 12.162 ], [ 38.196, 12.162 ], [ 38.196, 12.154 ], [ 38.188, 12.154 ], [ 38.188, 12.138 ], [ 38.172, 12.138 ], [ 38.172, 12.122 ], [ 38.156, 12.122 ], [ 38.156, 12.114 ], [ 38.148, 12.114 ], [ 38.148, 12.106 ], [ 38.14, 12.106 ], [ 38.14, 12.114 ], [ 38.132, 12.114 ], [ 38.132, 12.122 ], [ 38.124, 12.122 ], [ 38.124, 12.13 ], [ 38.132, 12.13 ], [ 38.132, 12.138 ], [ 38.14, 12.138 ], [ 38.14, 12.146 ], [ 38.148, 12.146 ], [ 38.148, 12.162 ], [ 38.164, 12.162 ], [ 38.164, 12.17 ], [ 38.172, 12.17 ], [ 38.172, 12.178 ], [ 38.164, 12.178 ], [ 38.164, 12.186 ], [ 38.172, 12.186 ], [ 38.172, 12.194 ], [ 38.204, 12.194 ], [ 38.204, 12.202 ], [ 38.212, 12.202 ], [ 38.212, 12.218 ], [ 38.22, 12.218 ], [ 38.22, 12.226 ], [ 38.228, 12.226 ], [ 38.228, 12.234 ], [ 38.236, 12.234 ] ] ] } },
{ "type": "Feature", "properties": { "value": 116.0 }, "geometry": { "type": "Polygon", "coordinates": [ [ [ 36.964, 12.234 ], [ 36.964, 12.178 ], [ 36.972, 12.178 ], [ 36.972, 12.17 ], [ 36.964, 12.17 ], [ 36.964, 12.154 ], [ 36.956, 12.154 ], [ 36.956, 12.13 ], [ 36.948, 12.13 ], [ 36.948, 12.122 ], [ 36.94, 12.122 ], [ 36.94, 12.106 ], [ 36.908, 12.106 ], [ 36.908, 12.114 ], [ 36.916, 12.114 ], [ 36.916, 12.122 ], [ 36.908, 12.122 ], [ 36.908, 12.13 ], [ 36.86, 12.13 ], [ 36.86, 12.138 ], [ 36.836, 12.138 ], [ 36.836, 12.146 ], [ 36.82, 12.146 ], [ 36.82, 12.154 ], [ 36.812, 12.154 ], [ 36.812, 12.162 ], [ 36.78, 12.162 ], [ 36.78, 12.17 ], [ 36.756, 12.17 ], [ 36.756, 12.194 ], [ 36.74, 12.194 ], [ 36.74, 12.218 ], [ 36.796, 12.218 ], [ 36.796, 12.226 ], [ 36.804, 12.226 ], [ 36.804, 12.218 ], [ 36.828, 12.218 ], [ 36.828, 12.21 ], [ 36.852, 12.21 ], [ 36.852, 12.218 ], [ 36.868, 12.218 ], [ 36.868, 12.21 ], [ 36.9, 12.21 ], [ 36.9, 12.226 ], [ 36.916, 12.226 ], [ 36.916, 12.218 ], [ 36.924, 12.218 ], [ 36.924, 12.226 ], [ 36.932, 12.226 ], [ 36.932, 12.234 ], [ 36.964, 12.234 ] ] ] } },
{ "type": "Feature", "properties": { "value": 117.0 }, "geometry": { "type": "Polygon", "coordinates": [ [ [ 36.748, 12.194 ], [ 36.748, 12.186 ], [ 36.756, 12.186 ], [ 36.756, 12.162 ], [ 36.748, 12.162 ], [ 36.748, 12.17 ], [ 36.74, 12.17 ], [ 36.74, 12.194 ], [ 36.748, 12.194 ] ] ] } },
{ "type": "Feature", "properties": { "value": 118.0 }, "geometry": { "type": "Polygon", "coordinates": [ [ [ 36.756, 12.194 ], [ 36.756, 12.186 ], [ 36.748, 12.186 ], [ 36.748, 12.194 ], [ 36.756, 12.194 ] ] ] } },
{ "type": "Feature", "properties": { "value": 119.0 }, "geometry": { "type": "MultiPolygon", "coordinates": [ [ [ [ 38.22, 12.186 ], [ 38.228, 12.186 ], [ 38.228, 12.194 ], [ 38.236, 12.194 ], [ 38.236, 12.178 ], [ 38.22, 12.178 ], [ 38.22, 12.186 ] ] ], [ [ [ 38.22, 12.17 ], [ 38.212, 12.17 ], [ 38.212, 12.178 ], [ 38.22, 12.178 ], [ 38.22, 12.17 ] ] ] ] } },
{ "type": "Feature", "properties": { "value": 120.0 }, "geometry": { "type": "Polygon", "coordinates": [ [ [ 38.236, 12.178 ], [ 38.236, 12.162 ], [ 38.228, 12.162 ], [ 38.228, 12.154 ], [ 38.22, 12.154 ], [ 38.22, 12.146 ], [ 38.212, 12.146 ], [ 38.212, 12.154 ], [ 38.204, 12.154 ], [ 38.204, 12.13 ], [ 38.196, 12.13 ], [ 38.196, 12.114 ], [ 38.188, 12.114 ], [ 38.188, 12.106 ], [ 38.172, 12.106 ], [ 38.172, 12.09 ], [ 38.148, 12.09 ], [ 38.148, 12.114 ], [ 38.156, 12.114 ], [ 38.156, 12.122 ], [ 38.172, 12.122 ], [ 38.172, 12.138 ], [ 38.188, 12.138 ], [ 38.188, 12.154 ], [ 38.196, 12.154 ], [ 38.196, 12.162 ], [ 38.204, 12.162 ], [ 38.204, 12.17 ], [ 38.22, 12.17 ], [ 38.22, 12.178 ], [ 38.236, 12.178 ] ] ] } },
{ "type": "Feature", "properties": { "value": 121.0 }, "geometry": { "type": "Polygon", "coordinates": [ [ [ 36.748, 12.17 ], [ 36.748, 12.162 ], [ 36.74, 12.162 ], [ 36.74, 12.17 ], [ 36.748, 12.17 ] ] ] } },
{ "type": "Feature", "properties": { "value": 122.0 }, "geometry": { "type": "Polygon", "coordinates": [ [ [ 36.78, 12.17 ], [ 36.78, 12.162 ], [ 36.812, 12.162 ], [ 36.812, 12.154 ], [ 36.82, 12.154 ], [ 36.82, 12.146 ], [ 36.836, 12.146 ], [ 36.836, 12.138 ], [ 36.86, 12.138 ], [ 36.86, 12.13 ], [ 36.908, 12.13 ], [ 36.908, 12.122 ], [ 36.916, 12.122 ], [ 36.916, 12.114 ], [ 36.908, 12.114 ], [ 36.908, 12.106 ], [ 36.932, 12.106 ], [ 36.932, 12.09 ], [ 36.948, 12.09 ], [ 36.948, 12.074 ], [ 36.94, 12.074 ], [ 36.94, 12.066 ], [ 36.948, 12.066 ], [ 36.948, 12.034 ], [ 36.932, 12.034 ], [ 36.932, 12.026 ], [ 36.924, 12.026 ], [ 36.924, 12.018 ], [ 36.916, 12.018 ], [ 36.916, 12.01 ], [ 36.908, 12.01 ], [ 36.908, 12.002 ], [ 36.852, 12.002 ], [ 36.852, 11.994 ], [ 36.844, 11.994 ], [ 36.844, 12.018 ], [ 36.836, 12.018 ], [ 36.836, 12.026 ], [ 36.828, 12.026 ], [ 36.828, 12.066 ], [ 36.796, 12.066 ], [ 36.796, 12.082 ], [ 36.788, 12.082 ], [ 36.788, 12.09 ], [ 36.772, 12.09 ], [ 36.772, 12.098 ], [ 36.764, 12.098 ], [ 36.764, 12.106 ], [ 36.756, 12.106 ], [ 36.756, 12.13 ], [ 36.74, 12.13 ], [ 36.74, 12.162 ], [ 36.756, 12.162 ], [ 36.756, 12.17 ], [ 36.78, 12.17 ] ] ] } },
{ "type": "Feature", "properties": { "value": 123.0 }, "geometry": { "type": "Polygon", "coordinates": [ [ [ 38.236, 12.162 ], [ 38.236, 12.154 ], [ 38.228, 12.154 ], [ 38.228, 12.162 ], [ 38.236, 12.162 ] ] ] } },
{ "type": "Feature", "properties": { "value": 124.0 }, "geometry": { "type": "Polygon", "coordinates": [ [ [ 38.236, 12.154 ], [ 38.236, 12.146 ], [ 38.228, 12.146 ], [ 38.228, 12.154 ], [ 38.236, 12.154 ] ] ] } },
{ "type": "Feature", "properties": { "value": 125.0 }, "geometry": { "type": "Polygon", "coordinates": [ [ [ 38.212, 12.154 ], [ 38.212, 12.146 ], [ 38.22, 12.146 ], [ 38.22, 12.154 ], [ 38.228, 12.154 ], [ 38.228, 12.146 ], [ 38.236, 12.146 ], [ 38.236, 12.138 ], [ 38.228, 12.138 ], [ 38.228, 12.13 ], [ 38.22, 12.13 ], [ 38.22, 12.138 ], [ 38.204, 12.138 ], [ 38.204, 12.154 ], [ 38.212, 12.154 ] ] ] } },
{ "type": "Feature", "properties": { "value": 126.0 }, "geometry": { "type": "Polygon", "coordinates": [ [ [ 38.22, 12.138 ], [ 38.22, 12.13 ], [ 38.228, 12.13 ], [ 38.228, 12.138 ], [ 38.236, 12.138 ], [ 38.236, 12.122 ], [ 38.228, 12.122 ], [ 38.228, 12.114 ], [ 38.22, 12.114 ], [ 38.22, 12.106 ], [ 38.204, 12.106 ], [ 38.204, 12.098 ], [ 38.196, 12.098 ], [ 38.196, 12.106 ], [ 38.188, 12.106 ], [ 38.188, 12.114 ], [ 38.196, 12.114 ], [ 38.196, 12.13 ], [ 38.204, 12.13 ], [ 38.204, 12.138 ], [ 38.22, 12.138 ] ] ] } },
{ "type": "Feature", "properties": { "value": 127.0 }, "geometry": { "type": "Polygon", "coordinates": [ [ [ 36.748, 12.13 ], [ 36.748, 12.122 ], [ 36.74, 12.122 ], [ 36.74, 12.13 ], [ 36.748, 12.13 ] ] ] } },
{ "type": "Feature", "properties": { "value": 128.0 }, "geometry": { "type": "Polygon", "coordinates": [ [ [ 36.756, 12.13 ], [ 36.756, 12.106 ], [ 36.748, 12.106 ], [ 36.748, 12.114 ], [ 36.74, 12.114 ], [ 36.74, 12.122 ], [ 36.748, 12.122 ], [ 36.748, 12.13 ], [ 36.756, 12.13 ] ] ] } },
{ "type": "Feature", "properties": { "value": 129.0 }, "geometry": { "type": "MultiPolygon", "coordinates": [ [ [ [ 38.22, 12.114 ], [ 38.228, 12.114 ], [ 38.228, 12.122 ], [ 38.236, 12.122 ], [ 38.236, 12.106 ], [ 38.22, 12.106 ], [ 38.22, 12.114 ] ] ], [ [ [ 38.22, 12.098 ], [ 38.212, 12.098 ], [ 38.212, 12.106 ], [ 38.22, 12.106 ], [ 38.22, 12.098 ] ] ] ] } },
{ "type": "Feature", "properties": { "value": 130.0 }, "geometry": { "type": "Polygon", "coordinates": [ [ [ 36.748, 12.114 ], [ 36.748, 12.106 ], [ 36.764, 12.106 ], [ 36.764, 12.098 ], [ 36.756, 12.098 ], [ 36.756, 12.09 ], [ 36.748, 12.09 ], [ 36.748, 12.098 ], [ 36.74, 12.098 ], [ 36.74, 12.114 ], [ 36.748, 12.114 ] ] ] } },
{ "type": "Feature", "properties": { "value": 131.0 }, "geometry": { "type": "Polygon", "coordinates": [ [ [ 36.748, 12.098 ], [ 36.748, 12.082 ], [ 36.74, 12.082 ], [ 36.74, 12.098 ], [ 36.748, 12.098 ] ] ] } },
{ "type": "Feature", "properties": { "value": 132.0 }, "geometry": { "type": "Polygon", "coordinates": [ [ [ 38.236, 12.106 ], [ 38.236, 12.09 ], [ 38.228, 12.09 ], [ 38.228, 12.106 ], [ 38.236, 12.106 ] ] ] } },
{ "type": "Feature", "properties": { "value": 133.0 }, "geometry": { "type": "Polygon", "coordinates": [ [ [ 38.196, 12.106 ], [ 38.196, 12.098 ], [ 38.204, 12.098 ], [ 38.204, 12.106 ], [ 38.212, 12.106 ], [ 38.212, 12.098 ], [ 38.22, 12.098 ], [ 38.22, 12.106 ], [ 38.228, 12.106 ], [ 38.228, 12.09 ], [ 38.236, 12.09 ], [ 38.236, 12.05 ], [ 38.22, 12.05 ], [ 38.22, 12.042 ], [ 38.212, 12.042 ], [ 38.212, 12.034 ], [ 38.204, 12.034 ], [ 38.204, 12.018 ], [ 38.212, 12.018 ], [ 38.212, 12.01 ], [ 38.188, 12.01 ], [ 38.188, 12.002 ], [ 38.164, 12.002 ], [ 38.164, 12.01 ], [ 38.148, 12.01 ], [ 38.148, 12.018 ], [ 38.132, 12.018 ], [ 38.132, 12.026 ], [ 38.124, 12.026 ], [ 38.124, 12.074 ], [ 38.132, 12.074 ], [ 38.132, 12.082 ], [ 38.14, 12.082 ], [ 38.14, 12.09 ], [ 38.172, 12.09 ], [ 38.172, 12.106 ], [ 38.196, 12.106 ] ] ] } },
{ "type": "Feature", "properties": { "value": 134.0 }, "geometry": { "type": "Polygon", "coordinates": [ [ [ 36.748, 12.082 ], [ 36.748, 12.074 ], [ 36.74, 12.074 ], [ 36.74, 12.082 ], [ 36.748, 12.082 ] ] ] } },
{ "type": "Feature", "properties": { "value": 135.0 }, "geometry": { "type": "Polygon", "coordinates": [ [ [ 36.772, 12.098 ], [ 36.772, 12.09 ], [ 36.788, 12.09 ], [ 36.788, 12.082 ], [ 36.796, 12.082 ], [ 36.796, 12.066 ], [ 36.828, 12.066 ], [ 36.828, 12.026 ], [ 36.836, 12.026 ], [ 36.836, 12.018 ], [ 36.844, 12.018 ], [ 36.844, 12.01 ], [ 36.828, 12.01 ], [ 36.828, 12.002 ], [ 36.812, 12.002 ], [ 36.812, 12.01 ], [ 36.804, 12.01 ], [ 36.804, 12.026 ], [ 36.78, 12.026 ], [ 36.78, 12.05 ], [ 36.764, 12.05 ], [ 36.764, 12.042 ], [ 36.756, 12.042 ], [ 36.756, 12.05 ], [ 36.748, 12.05 ], [ 36.748, 12.058 ], [ 36.74, 12.058 ], [ 36.74, 12.074 ], [ 36.748, 12.074 ], [ 36.748, 12.09 ], [ 36.756, 12.09 ], [ 36.756, 12.098 ], [ 36.772, 12.098 ] ] ] } },
{ "type": "Feature", "properties": { "value": 136.0 }, "geometry": { "type": "Polygon", "coordinates": [ [ [ 36.748, 12.058 ], [ 36.748, 12.05 ], [ 36.756, 12.05 ], [ 36.756, 12.042 ], [ 36.764, 12.042 ], [ 36.764, 12.05 ], [ 36.78, 12.05 ], [ 36.78, 12.026 ], [ 36.772, 12.026 ], [ 36.772, 12.018 ], [ 36.764, 12.018 ], [ 36.764, 12.026 ], [ 36.748, 12.026 ], [ 36.748, 12.034 ], [ 36.74, 12.034 ], [ 36.74, 12.058 ], [ 36.748, 12.058 ] ] ] } },
{ "type": "Feature", "properties": { "value": 137.0 }, "geometry": { "type": "Polygon", "coordinates": [ [ [ 38.236, 12.05 ], [ 38.236, 12.042 ], [ 38.228, 12.042 ], [ 38.228, 12.05 ], [ 38.236, 12.05 ] ] ] } },
{ "type": "Feature", "properties": { "value": 138.0 }, "geometry": { "type": "Polygon", "coordinates": [ [ [ 36.748, 12.034 ], [ 36.748, 12.026 ], [ 36.764, 12.026 ], [ 36.764, 12.018 ], [ 36.772, 12.018 ], [ 36.772, 12.026 ], [ 36.804, 12.026 ], [ 36.804, 12.01 ], [ 36.812, 12.01 ], [ 36.812, 12.002 ], [ 36.788, 12.002 ], [ 36.788, 12.01 ], [ 36.748, 12.01 ], [ 36.748, 12.018 ], [ 36.74, 12.018 ], [ 36.74, 12.034 ], [ 36.748, 12.034 ] ] ] } },
{ "type": "Feature", "properties": { "value": 139.0 }, "geometry": { "type": "Polygon", "coordinates": [ [ [ 38.228, 12.05 ], [ 38.228, 12.042 ], [ 38.236, 12.042 ], [ 38.236, 12.018 ], [ 38.228, 12.018 ], [ 38.228, 12.01 ], [ 38.212, 12.01 ], [ 38.212, 12.018 ], [ 38.204, 12.018 ], [ 38.204, 12.034 ], [ 38.212, 12.034 ], [ 38.212, 12.042 ], [ 38.22, 12.042 ], [ 38.22, 12.05 ], [ 38.228, 12.05 ] ] ] } },
{ "type": "Feature", "properties": { "value": 140.0 }, "geometry": { "type": "Polygon", "coordinates": [ [ [ 36.748, 12.018 ], [ 36.748, 12.01 ], [ 36.74, 12.01 ], [ 36.74, 12.018 ], [ 36.748, 12.018 ] ] ] } },
{ "type": "Feature", "properties": { "value": 141.0 }, "geometry": { "type": "Polygon", "coordinates": [ [ [ 36.788, 12.01 ], [ 36.788, 12.002 ], [ 36.796, 12.002 ], [ 36.796, 11.994 ], [ 36.788, 11.994 ], [ 36.788, 11.986 ], [ 36.78, 11.986 ], [ 36.78, 11.97 ], [ 36.764, 11.97 ], [ 36.764, 11.978 ], [ 36.748, 11.978 ], [ 36.748, 11.986 ], [ 36.74, 11.986 ], [ 36.74, 12.01 ], [ 36.788, 12.01 ] ] ] } },
{ "type": "Feature", "properties": { "value": 142.0 }, "geometry": { "type": "Polygon", "coordinates": [ [ [ 38.236, 12.018 ], [ 38.236, 12.002 ], [ 38.228, 12.002 ], [ 38.228, 12.018 ], [ 38.236, 12.018 ] ] ] } },
{ "type": "Feature", "properties": { "value": 143.0 }, "geometry": { "type": "Polygon", "coordinates": [ [ [ 36.748, 11.986 ], [ 36.748, 11.978 ], [ 36.74, 11.978 ], [ 36.74, 11.986 ], [ 36.748, 11.986 ] ] ] } },
{ "type": "Feature", "properties": { "value": 144.0 }, "geometry": { "type": "Polygon", "coordinates": [ [ [ 38.228, 12.01 ], [ 38.228, 12.002 ], [ 38.236, 12.002 ], [ 38.236, 11.962 ], [ 38.228, 11.962 ], [ 38.228, 11.954 ], [ 38.22, 11.954 ], [ 38.22, 11.946 ], [ 38.204, 11.946 ], [ 38.204, 11.962 ], [ 38.188, 11.962 ], [ 38.188, 11.978 ], [ 38.18, 11.978 ], [ 38.18, 11.986 ], [ 38.172, 11.986 ], [ 38.172, 12.002 ], [ 38.188, 12.002 ], [ 38.188, 12.01 ], [ 38.228, 12.01 ] ] ] } },
{ "type": "Feature", "properties": { "value": 145.0 }, "geometry": { "type": "Polygon", "coordinates": [ [ [ 36.844, 12.01 ], [ 36.844, 11.994 ], [ 36.852, 11.994 ], [ 36.852, 12.002 ], [ 36.9, 12.002 ], [ 36.9, 11.93 ], [ 36.892, 11.93 ], [ 36.892, 11.938 ], [ 36.876, 11.938 ], [ 36.876, 11.93 ], [ 36.844, 11.93 ], [ 36.844, 11.922 ], [ 36.836, 11.922 ], [ 36.836, 11.914 ], [ 36.828, 11.914 ], [ 36.828, 11.898 ], [ 36.82, 11.898 ], [ 36.82, 11.89 ], [ 36.812, 11.89 ], [ 36.812, 11.898 ], [ 36.804, 11.898 ], [ 36.804, 11.89 ], [ 36.788, 11.89 ], [ 36.788, 11.898 ], [ 36.78, 11.898 ], [ 36.78, 11.914 ], [ 36.772, 11.914 ], [ 36.772, 11.93 ], [ 36.756, 11.93 ], [ 36.756, 11.938 ], [ 36.748, 11.938 ], [ 36.748, 11.946 ], [ 36.74, 11.946 ], [ 36.74, 11.978 ], [ 36.764, 11.978 ], [ 36.764, 11.97 ], [ 36.78, 11.97 ], [ 36.78, 11.986 ], [ 36.788, 11.986 ], [ 36.788, 11.994 ], [ 36.796, 11.994 ], [ 36.796, 12.002 ], [ 36.828, 12.002 ], [ 36.828, 12.01 ], [ 36.844, 12.01 ] ] ] } },
{ "type": "Feature", "properties": { "value": 146.0 }, "geometry": { "type": "Polygon", "coordinates": [ [ [ 38.236, 11.962 ], [ 38.236, 11.954 ], [ 38.228, 11.954 ], [ 38.228, 11.962 ], [ 38.236, 11.962 ] ] ] } },
{ "type": "Feature", "properties": { "value": 147.0 }, "geometry": { "type": "Polygon", "coordinates": [ [ [ 38.236, 11.954 ], [ 38.236, 11.93 ], [ 38.228, 11.93 ], [ 38.228, 11.938 ], [ 38.212, 11.938 ], [ 38.212, 11.946 ], [ 38.22, 11.946 ], [ 38.22, 11.954 ], [ 38.236, 11.954 ] ] ] } },
{ "type": "Feature", "properties": { "value": 148.0 }, "geometry": { "type": "Polygon", "coordinates": [ [ [ 36.748, 11.946 ], [ 36.748, 11.938 ], [ 36.74, 11.938 ], [ 36.74, 11.946 ], [ 36.748, 11.946 ] ] ] } },
{ "type": "Feature", "properties": { "value": 149.0 }, "geometry": { "type": "Polygon", "coordinates": [ [ [ 36.756, 11.938 ], [ 36.756, 11.93 ], [ 36.748, 11.93 ], [ 36.748, 11.922 ], [ 36.74, 11.922 ], [ 36.74, 11.938 ], [ 36.756, 11.938 ] ] ] } },
{ "type": "Feature", "properties": { "value": 150.0 }, "geometry": { "type": "Polygon", "coordinates": [ [ [ 38.228, 11.938 ], [ 38.228, 11.93 ], [ 38.236, 11.93 ], [ 38.236, 11.922 ], [ 38.22, 11.922 ], [ 38.22, 11.938 ], [ 38.228, 11.938 ] ] ] } },
{ "type": "Feature", "properties": { "value": 151.0 }, "geometry": { "type": "Polygon", "coordinates": [ [ [ 36.772, 11.93 ], [ 36.772, 11.914 ], [ 36.78, 11.914 ], [ 36.78, 11.906 ], [ 36.764, 11.906 ], [ 36.764, 11.898 ], [ 36.748, 11.898 ], [ 36.748, 11.906 ], [ 36.74, 11.906 ], [ 36.74, 11.922 ], [ 36.748, 11.922 ], [ 36.748, 11.93 ], [ 36.772, 11.93 ] ] ] } },
{ "type": "Feature", "properties": { "value": 152.0 }, "geometry": { "type": "Polygon", "coordinates": [ [ [ 38.22, 11.93 ], [ 38.22, 11.922 ], [ 38.236, 11.922 ], [ 38.236, 11.898 ], [ 38.228, 11.898 ], [ 38.228, 11.906 ], [ 38.212, 11.906 ], [ 38.212, 11.93 ], [ 38.22, 11.93 ] ] ] } },
{ "type": "Feature", "properties": { "value": 153.0 }, "geometry": { "type": "Polygon", "coordinates": [ [ [ 36.748, 11.906 ], [ 36.748, 11.898 ], [ 36.756, 11.898 ], [ 36.756, 11.89 ], [ 36.74, 11.89 ], [ 36.74, 11.906 ], [ 36.748, 11.906 ] ] ] } },
{ "type": "Feature", "properties": { "value": 154.0 }, "geometry": { "type": "Polygon", "coordinates": [ [ [ 38.228, 11.906 ], [ 38.228, 11.898 ], [ 38.236, 11.898 ], [ 38.236, 11.882 ], [ 38.212, 11.882 ], [ 38.212, 11.906 ], [ 38.228, 11.906 ] ] ] } },
{ "type": "Feature", "properties": { "value": 155.0 }, "geometry": { "type": "Polygon", "coordinates": [ [ [ 38.236, 11.882 ], [ 38.236, 11.866 ], [ 38.228, 11.866 ], [ 38.228, 11.858 ], [ 38.22, 11.858 ], [ 38.22, 11.882 ], [ 38.236, 11.882 ] ] ] } },
{ "type": "Feature", "properties": { "value": 156.0 }, "geometry": { "type": "Polygon", "coordinates": [ [ [ 36.748, 11.89 ], [ 36.748, 11.882 ], [ 36.756, 11.882 ], [ 36.756, 11.874 ], [ 36.748, 11.874 ], [ 36.748, 11.866 ], [ 36.74, 11.866 ], [ 36.74, 11.89 ], [ 36.748, 11.89 ] ] ] } },
{ "type": "Feature", "properties": { "value": 157.0 }, "geometry": { "type": "Polygon", "coordinates": [ [ [ 36.78, 11.906 ], [ 36.78, 11.898 ], [ 36.788, 11.898 ], [ 36.788, 11.89 ], [ 36.804, 11.89 ], [ 36.804, 11.882 ], [ 36.812, 11.882 ], [ 36.812, 11.874 ], [ 36.804, 11.874 ], [ 36.804, 11.866 ], [ 36.788, 11.866 ], [ 36.788, 11.85 ], [ 36.78, 11.85 ], [ 36.78, 11.842 ], [ 36.764, 11.842 ], [ 36.764, 11.85 ], [ 36.756, 11.85 ], [ 36.756, 11.858 ], [ 36.74, 11.858 ], [ 36.74, 11.866 ], [ 36.748, 11.866 ], [ 36.748, 11.874 ], [ 36.756, 11.874 ], [ 36.756, 11.882 ], [ 36.748, 11.882 ], [ 36.748, 11.89 ], [ 36.756, 11.89 ], [ 36.756, 11.898 ], [ 36.764, 11.898 ], [ 36.764, 11.906 ], [ 36.78, 11.906 ] ] ] } },
{ "type": "Feature", "properties": { "value": 158.0 }, "geometry": { "type": "Polygon", "coordinates": [ [ [ 38.22, 11.874 ], [ 38.22, 11.858 ], [ 38.228, 11.858 ], [ 38.228, 11.866 ], [ 38.236, 11.866 ], [ 38.236, 11.842 ], [ 38.228, 11.842 ], [ 38.228, 11.826 ], [ 38.22, 11.826 ], [ 38.22, 11.818 ], [ 38.204, 11.818 ], [ 38.204, 11.834 ], [ 38.196, 11.834 ], [ 38.196, 11.842 ], [ 38.204, 11.842 ], [ 38.204, 11.85 ], [ 38.196, 11.85 ], [ 38.196, 11.866 ], [ 38.212, 11.866 ], [ 38.212, 11.874 ], [ 38.22, 11.874 ] ] ] } },
{ "type": "Feature", "properties": { "value": 159.0 }, "geometry": { "type": "Polygon", "coordinates": [ [ [ 36.756, 11.858 ], [ 36.756, 11.85 ], [ 36.764, 11.85 ], [ 36.764, 11.834 ], [ 36.74, 11.834 ], [ 36.74, 11.858 ], [ 36.756, 11.858 ] ] ] } },
{ "type": "Feature", "properties": { "value": 160.0 }, "geometry": { "type": "Polygon", "coordinates": [ [ [ 38.236, 11.842 ], [ 38.236, 11.794 ], [ 38.22, 11.794 ], [ 38.22, 11.802 ], [ 38.228, 11.802 ], [ 38.228, 11.81 ], [ 38.22, 11.81 ], [ 38.22, 11.826 ], [ 38.228, 11.826 ], [ 38.228, 11.842 ], [ 38.236, 11.842 ] ] ] } },
{ "type": "Feature", "properties": { "value": 161.0 }, "geometry": { "type": "Polygon", "coordinates": [ [ [ 38.236, 11.794 ], [ 38.236, 11.786 ], [ 38.22, 11.786 ], [ 38.22, 11.794 ], [ 38.236, 11.794 ] ] ] } },
{ "type": "Feature", "properties": { "value": 162.0 }, "geometry": { "type": "Polygon", "coordinates": [ [ [ 38.236, 11.786 ], [ 38.236, 11.754 ], [ 38.22, 11.754 ], [ 38.22, 11.77 ], [ 38.228, 11.77 ], [ 38.228, 11.786 ], [ 38.236, 11.786 ] ] ] } },
{ "type": "Feature", "properties": { "value": 163.0 }, "geometry": { "type": "Polygon", "coordinates": [ [ [ 36.756, 11.778 ], [ 36.756, 11.754 ], [ 36.748, 11.754 ], [ 36.748, 11.746 ], [ 36.74, 11.746 ], [ 36.74, 11.778 ], [ 36.756, 11.778 ] ] ] } },
{ "type": "Feature", "properties": { "value": 164.0 }, "geometry": { "type": "Polygon", "coordinates": [ [ [ 38.236, 11.754 ], [ 38.236, 11.738 ], [ 38.228, 11.738 ], [ 38.228, 11.754 ], [ 38.236, 11.754 ] ] ] } },
{ "type": "Feature", "properties": { "value": 165.0 }, "geometry": { "type": "Polygon", "coordinates": [ [ [ 36.756, 11.754 ], [ 36.756, 11.738 ], [ 36.74, 11.738 ], [ 36.74, 11.746 ], [ 36.748, 11.746 ], [ 36.748, 11.754 ], [ 36.756, 11.754 ] ] ] } },
{ "type": "Feature", "properties": { "value": 166.0 }, "geometry": { "type": "Polygon", "coordinates": [ [ [ 36.764, 11.746 ], [ 36.764, 11.73 ], [ 36.756, 11.73 ], [ 36.756, 11.722 ], [ 36.74, 11.722 ], [ 36.74, 11.738 ], [ 36.756, 11.738 ], [ 36.756, 11.746 ], [ 36.764, 11.746 ] ] ] } },
{ "type": "Feature", "properties": { "value": 167.0 }, "geometry": { "type": "Polygon", "coordinates": [ [ [ 36.748, 11.722 ], [ 36.748, 11.714 ], [ 36.74, 11.714 ], [ 36.74, 11.722 ], [ 36.748, 11.722 ] ] ] } },
{ "type": "Feature", "properties": { "value": 168.0 }, "geometry": { "type": "MultiPolygon", "coordinates": [ [ [ [ 36.748, 11.722 ], [ 36.756, 11.722 ], [ 36.756, 11.714 ], [ 36.748, 11.714 ], [ 36.748, 11.722 ] ] ], [ [ [ 36.748, 11.706 ], [ 36.74, 11.706 ], [ 36.74, 11.714 ], [ 36.748, 11.714 ], [ 36.748, 11.706 ] ] ] ] } },
{ "type": "Feature", "properties": { "value": 169.0 }, "geometry": { "type": "Polygon", "coordinates": [ [ [ 36.892, 11.938 ], [ 36.892, 11.93 ], [ 36.908, 11.93 ], [ 36.908, 11.922 ], [ 36.916, 11.922 ], [ 36.916, 11.906 ], [ 36.924, 11.906 ], [ 36.924, 11.89 ], [ 36.94, 11.89 ], [ 36.94, 11.898 ], [ 36.948, 11.898 ], [ 36.948, 11.89 ], [ 36.956, 11.89 ], [ 36.956, 11.882 ], [ 36.964, 11.882 ], [ 36.964, 11.842 ], [ 36.956, 11.842 ], [ 36.956, 11.834 ], [ 36.948, 11.834 ], [ 36.948, 11.818 ], [ 36.956, 11.818 ], [ 36.956, 11.802 ], [ 36.964, 11.802 ], [ 36.964, 11.81 ], [ 36.972, 11.81 ], [ 36.972, 11.802 ], [ 36.98, 11.802 ], [ 36.98, 11.786 ], [ 36.988, 11.786 ], [ 36.988, 11.778 ], [ 36.98, 11.778 ], [ 36.98, 11.77 ], [ 36.988, 11.77 ], [ 36.988, 11.754 ], [ 36.98, 11.754 ], [ 36.98, 11.746 ], [ 36.988, 11.746 ], [ 36.988, 11.738 ], [ 36.972, 11.738 ], [ 36.972, 11.714 ], [ 36.956, 11.714 ], [ 36.956, 11.706 ], [ 36.948, 11.706 ], [ 36.948, 11.698 ], [ 36.94, 11.698 ], [ 36.94, 11.69 ], [ 36.932, 11.69 ], [ 36.932, 11.682 ], [ 36.924, 11.682 ], [ 36.924, 11.626 ], [ 36.916, 11.626 ], [ 36.916, 11.61 ], [ 36.876, 11.61 ], [ 36.876, 11.602 ], [ 36.868, 11.602 ], [ 36.868, 11.594 ], [ 36.852, 11.594 ], [ 36.852, 11.586 ], [ 36.844, 11.586 ], [ 36.844, 11.57 ], [ 36.82, 11.57 ], [ 36.82, 11.562 ], [ 36.796, 11.562 ], [ 36.796, 11.57 ], [ 36.788, 11.57 ], [ 36.788, 11.578 ], [ 36.78, 11.578 ], [ 36.78, 11.602 ], [ 36.772, 11.602 ], [ 36.772, 11.61 ], [ 36.764, 11.61 ], [ 36.764, 11.618 ], [ 36.756, 11.618 ], [ 36.756, 11.626 ], [ 36.748, 11.626 ], [ 36.748, 11.65 ], [ 36.74, 11.65 ], [ 36.74, 11.706 ], [ 36.748, 11.706 ], [ 36.748, 11.714 ], [ 36.756, 11.714 ], [ 36.756, 11.73 ], [ 36.764, 11.73 ], [ 36.764, 11.746 ], [ 36.756, 11.746 ], [ 36.756, 11.778 ], [ 36.74, 11.778 ], [ 36.74, 11.834 ], [ 36.764, 11.834 ], [ 36.764, 11.842 ], [ 36.78, 11.842 ], [ 36.78, 11.85 ], [ 36.788, 11.85 ], [ 36.788, 11.866 ], [ 36.804, 11.866 ], [ 36.804, 11.874 ], [ 36.812, 11.874 ], [ 36.812, 11.882 ], [ 36.804, 11.882 ], [ 36.804, 11.898 ], [ 36.812, 11.898 ], [ 36.812, 11.89 ], [ 36.82, 11.89 ], [ 36.82, 11.898 ], [ 36.828, 11.898 ], [ 36.828, 11.914 ], [ 36.836, 11.914 ], [ 36.836, 11.922 ], [ 36.844, 11.922 ], [ 36.844, 11.93 ], [ 36.876, 11.93 ], [ 36.876, 11.938 ], [ 36.892, 11.938 ] ] ] } },
{ "type": "Feature", "properties": { "value": 170.0 }, "geometry": { "type": "Polygon", "coordinates": [ [ [ 38.236, 11.698 ], [ 38.236, 11.682 ], [ 38.228, 11.682 ], [ 38.228, 11.698 ], [ 38.236, 11.698 ] ] ] } },
{ "type": "Feature", "properties": { "value": 171.0 }, "geometry": { "type": "MultiPolygon", "coordinates": [ [ [ [ 38.22, 11.682 ], [ 38.22, 11.69 ], [ 38.228, 11.69 ], [ 38.228, 11.682 ], [ 38.22, 11.682 ] ] ], [ [ [ 38.236, 11.682 ], [ 38.236, 11.666 ], [ 38.228, 11.666 ], [ 38.228, 11.682 ], [ 38.236, 11.682 ] ] ] ] } },
{ "type": "Feature", "properties": { "value": 172.0 }, "geometry": { "type": "Polygon", "coordinates": [ [ [ 36.748, 11.65 ], [ 36.748, 11.634 ], [ 36.74, 11.634 ], [ 36.74, 11.65 ], [ 36.748, 11.65 ] ] ] } },
{ "type": "Feature", "properties": { "value": 173.0 }, "geometry": { "type": "Polygon", "coordinates": [ [ [ 36.748, 11.634 ], [ 36.748, 11.626 ], [ 36.74, 11.626 ], [ 36.74, 11.634 ], [ 36.748, 11.634 ] ] ] } },
{ "type": "Feature", "properties": { "value": 174.0 }, "geometry": { "type": "Polygon", "coordinates": [ [ [ 38.236, 11.634 ], [ 38.236, 11.61 ], [ 38.22, 11.61 ], [ 38.22, 11.634 ], [ 38.236, 11.634 ] ] ] } },
{ "type": "Feature", "properties": { "value": 175.0 }, "geometry": { "type": "Polygon", "coordinates": [ [ [ 36.756, 11.626 ], [ 36.756, 11.618 ], [ 36.764, 11.618 ], [ 36.764, 11.61 ], [ 36.772, 11.61 ], [ 36.772, 11.602 ], [ 36.78, 11.602 ], [ 36.78, 11.594 ], [ 36.756, 11.594 ], [ 36.756, 11.602 ], [ 36.74, 11.602 ], [ 36.74, 11.626 ], [ 36.756, 11.626 ] ] ] } },
{ "type": "Feature", "properties": { "value": 176.0 }, "geometry": { "type": "Polygon", "coordinates": [ [ [ 38.236, 11.61 ], [ 38.236, 11.602 ], [ 38.228, 11.602 ], [ 38.228, 11.61 ], [ 38.236, 11.61 ] ] ] } },
{ "type": "Feature", "properties": { "value": 177.0 }, "geometry": { "type": "Polygon", "coordinates": [ [ [ 36.756, 11.602 ], [ 36.756, 11.594 ], [ 36.74, 11.594 ], [ 36.74, 11.602 ], [ 36.756, 11.602 ] ] ] } },
{ "type": "Feature", "properties": { "value": 178.0 }, "geometry": { "type": "Polygon", "coordinates": [ [ [ 36.748, 11.594 ], [ 36.748, 11.586 ], [ 36.74, 11.586 ], [ 36.74, 11.594 ], [ 36.748, 11.594 ] ] ] } },
{ "type": "Feature", "properties": { "value": 179.0 }, "geometry": { "type": "Polygon", "coordinates": [ [ [ 38.236, 11.602 ], [ 38.236, 11.586 ], [ 38.22, 11.586 ], [ 38.22, 11.594 ], [ 38.228, 11.594 ], [ 38.228, 11.602 ], [ 38.236, 11.602 ] ] ] } },
{ "type": "Feature", "properties": { "value": 180.0 }, "geometry": { "type": "Polygon", "coordinates": [ [ [ 36.78, 11.594 ], [ 36.78, 11.578 ], [ 36.788, 11.578 ], [ 36.788, 11.57 ], [ 36.764, 11.57 ], [ 36.764, 11.562 ], [ 36.756, 11.562 ], [ 36.756, 11.57 ], [ 36.74, 11.57 ], [ 36.74, 11.586 ], [ 36.748, 11.586 ], [ 36.748, 11.594 ], [ 36.78, 11.594 ] ] ] } },
{ "type": "Feature", "properties": { "value": 181.0 }, "geometry": { "type": "Polygon", "coordinates": [ [ [ 38.236, 11.586 ], [ 38.236, 11.562 ], [ 38.228, 11.562 ], [ 38.228, 11.57 ], [ 38.22, 11.57 ], [ 38.22, 11.586 ], [ 38.236, 11.586 ] ] ] } },
{ "type": "Feature", "properties": { "value": 182.0 }, "geometry": { "type": "Polygon", "coordinates": [ [ [ 36.748, 11.57 ], [ 36.748, 11.554 ], [ 36.74, 11.554 ], [ 36.74, 11.57 ], [ 36.748, 11.57 ] ] ] } },
{ "type": "Feature", "properties": { "value": 183.0 }, "geometry": { "type": "Polygon", "coordinates": [ [ [ 38.22, 11.578 ], [ 38.22, 11.57 ], [ 38.228, 11.57 ], [ 38.228, 11.562 ], [ 38.236, 11.562 ], [ 38.236, 11.546 ], [ 38.212, 11.546 ], [ 38.212, 11.578 ], [ 38.22, 11.578 ] ] ] } },
{ "type": "Feature", "properties": { "value": 184.0 }, "geometry": { "type": "MultiPolygon", "coordinates": [ [ [ [ 36.764, 11.546 ], [ 36.74, 11.546 ], [ 36.74, 11.554 ], [ 36.748, 11.554 ], [ 36.748, 11.57 ], [ 36.756, 11.57 ], [ 36.756, 11.562 ], [ 36.764, 11.562 ], [ 36.764, 11.546 ] ] ], [ [ [ 36.764, 11.57 ], [ 36.78, 11.57 ], [ 36.78, 11.562 ], [ 36.764, 11.562 ], [ 36.764, 11.57 ] ] ] ] } },
{ "type": "Feature", "properties": { "value": 185.0 }, "geometry": { "type": "Polygon", "coordinates": [ [ [ 38.236, 11.546 ], [ 38.236, 11.538 ], [ 38.228, 11.538 ], [ 38.228, 11.546 ], [ 38.236, 11.546 ] ] ] } },
{ "type": "Feature", "properties": { "value": 186.0 }, "geometry": { "type": "Polygon", "coordinates": [ [ [ 38.236, 11.53 ], [ 38.236, 11.514 ], [ 38.228, 11.514 ], [ 38.228, 11.53 ], [ 38.236, 11.53 ] ] ] } },
{ "type": "Feature", "properties": { "value": 187.0 }, "geometry": { "type": "Polygon", "coordinates": [ [ [ 36.796, 11.57 ], [ 36.796, 11.562 ], [ 36.82, 11.562 ], [ 36.82, 11.546 ], [ 36.812, 11.546 ], [ 36.812, 11.522 ], [ 36.78, 11.522 ], [ 36.78, 11.53 ], [ 36.772, 11.53 ], [ 36.772, 11.522 ], [ 36.756, 11.522 ], [ 36.756, 11.514 ], [ 36.748, 11.514 ], [ 36.748, 11.506 ], [ 36.74, 11.506 ], [ 36.74, 11.546 ], [ 36.764, 11.546 ], [ 36.764, 11.562 ], [ 36.78, 11.562 ], [ 36.78, 11.57 ], [ 36.796, 11.57 ] ] ] } },
{ "type": "Feature", "properties": { "value": 188.0 }, "geometry": { "type": "Polygon", "coordinates": [ [ [ 36.764, 11.514 ], [ 36.764, 11.498 ], [ 36.756, 11.498 ], [ 36.756, 11.49 ], [ 36.748, 11.49 ], [ 36.748, 11.482 ], [ 36.74, 11.482 ], [ 36.74, 11.506 ], [ 36.748, 11.506 ], [ 36.748, 11.514 ], [ 36.764, 11.514 ] ] ] } },
{ "type": "Feature", "properties": { "value": 189.0 }, "geometry": { "type": "Polygon", "coordinates": [ [ [ 38.228, 11.546 ], [ 38.228, 11.538 ], [ 38.236, 11.538 ], [ 38.236, 11.53 ], [ 38.228, 11.53 ], [ 38.228, 11.514 ], [ 38.236, 11.514 ], [ 38.236, 11.482 ], [ 38.228, 11.482 ], [ 38.228, 11.498 ], [ 38.212, 11.498 ], [ 38.212, 11.53 ], [ 38.22, 11.53 ], [ 38.22, 11.538 ], [ 38.212, 11.538 ], [ 38.212, 11.546 ], [ 38.228, 11.546 ] ] ] } },
{ "type": "Feature", "properties": { "value": 190.0 }, "geometry": { "type": "Polygon", "coordinates": [ [ [ 36.748, 11.482 ], [ 36.748, 11.474 ], [ 36.74, 11.474 ], [ 36.74, 11.482 ], [ 36.748, 11.482 ] ] ] } },
{ "type": "Feature", "properties": { "value": 191.0 }, "geometry": { "type": "MultiPolygon", "coordinates": [ [ [ [ 36.748, 11.482 ], [ 36.756, 11.482 ], [ 36.756, 11.474 ], [ 36.748, 11.474 ], [ 36.748, 11.482 ] ] ], [ [ [ 36.748, 11.466 ], [ 36.74, 11.466 ], [ 36.74, 11.474 ], [ 36.748, 11.474 ], [ 36.748, 11.466 ] ] ] ] } },
{ "type": "Feature", "properties": { "value": 192.0 }, "geometry": { "type": "Polygon", "coordinates": [ [ [ 38.236, 11.482 ], [ 38.236, 11.466 ], [ 38.228, 11.466 ], [ 38.228, 11.482 ], [ 38.236, 11.482 ] ] ] } },
{ "type": "Feature", "properties": { "value": 193.0 }, "geometry": { "type": "Polygon", "coordinates": [ [ [ 38.236, 11.466 ], [ 38.236, 11.458 ], [ 38.228, 11.458 ], [ 38.228, 11.466 ], [ 38.236, 11.466 ] ] ] } },
{ "type": "Feature", "properties": { "value": 194.0 }, "geometry": { "type": "Polygon", "coordinates": [ [ [ 38.228, 11.498 ], [ 38.228, 11.458 ], [ 38.236, 11.458 ], [ 38.236, 11.434 ], [ 38.212, 11.434 ], [ 38.212, 11.442 ], [ 38.22, 11.442 ], [ 38.22, 11.466 ], [ 38.212, 11.466 ], [ 38.212, 11.498 ], [ 38.228, 11.498 ] ] ] } },
{ "type": "Feature", "properties": { "value": 195.0 }, "geometry": { "type": "Polygon", "coordinates": [ [ [ 36.78, 11.53 ], [ 36.78, 11.522 ], [ 36.804, 11.522 ], [ 36.804, 11.49 ], [ 36.812, 11.49 ], [ 36.812, 11.466 ], [ 36.804, 11.466 ], [ 36.804, 11.458 ], [ 36.812, 11.458 ], [ 36.812, 11.45 ], [ 36.804, 11.45 ], [ 36.804, 11.442 ], [ 36.796, 11.442 ], [ 36.796, 11.426 ], [ 36.804, 11.426 ], [ 36.804, 11.402 ], [ 36.796, 11.402 ], [ 36.796, 11.41 ], [ 36.78, 11.41 ], [ 36.78, 11.402 ], [ 36.772, 11.402 ], [ 36.772, 11.41 ], [ 36.756, 11.41 ], [ 36.756, 11.426 ], [ 36.748, 11.426 ], [ 36.748, 11.434 ], [ 36.74, 11.434 ], [ 36.74, 11.466 ], [ 36.748, 11.466 ], [ 36.748, 11.474 ], [ 36.756, 11.474 ], [ 36.756, 11.482 ], [ 36.748, 11.482 ], [ 36.748, 11.49 ], [ 36.756, 11.49 ], [ 36.756, 11.498 ], [ 36.764, 11.498 ], [ 36.764, 11.514 ], [ 36.756, 11.514 ], [ 36.756, 11.522 ], [ 36.772, 11.522 ], [ 36.772, 11.53 ], [ 36.78, 11.53 ] ] ] } },
{ "type": "Feature", "properties": { "value": 196.0 }, "geometry": { "type": "Polygon", "coordinates": [ [ [ 36.748, 11.434 ], [ 36.748, 11.426 ], [ 36.756, 11.426 ], [ 36.756, 11.41 ], [ 36.74, 11.41 ], [ 36.74, 11.434 ], [ 36.748, 11.434 ] ] ] } },
{ "type": "Feature", "properties": { "value": 197.0 }, "geometry": { "type": "Polygon", "coordinates": [ [ [ 38.236, 11.434 ], [ 38.236, 11.41 ], [ 38.228, 11.41 ], [ 38.228, 11.418 ], [ 38.22, 11.418 ], [ 38.22, 11.426 ], [ 38.212, 11.426 ], [ 38.212, 11.434 ], [ 38.236, 11.434 ] ] ] } },
{ "type": "Feature", "properties": { "value": 198.0 }, "geometry": { "type": "Polygon", "coordinates": [ [ [ 36.772, 11.41 ], [ 36.772, 11.402 ], [ 36.78, 11.402 ], [ 36.78, 11.41 ], [ 36.796, 11.41 ], [ 36.796, 11.378 ], [ 36.772, 11.378 ], [ 36.772, 11.37 ], [ 36.764, 11.37 ], [ 36.764, 11.362 ], [ 36.756, 11.362 ], [ 36.756, 11.37 ], [ 36.748, 11.37 ], [ 36.748, 11.378 ], [ 36.74, 11.378 ], [ 36.74, 11.41 ], [ 36.772, 11.41 ] ] ] } },
{ "type": "Feature", "properties": { "value": 199.0 }, "geometry": { "type": "Polygon", "coordinates": [ [ [ 38.236, 11.41 ], [ 38.236, 11.386 ], [ 38.228, 11.386 ], [ 38.228, 11.41 ], [ 38.236, 11.41 ] ] ] } },
{ "type": "Feature", "properties": { "value": 200.0 }, "geometry": { "type": "Polygon", "coordinates": [ [ [ 36.748, 11.378 ], [ 36.748, 11.37 ], [ 36.74, 11.37 ], [ 36.74, 11.378 ], [ 36.748, 11.378 ] ] ] } },
{ "type": "Feature", "properties": { "value": 201.0 }, "geometry": { "type": "Polygon", "coordinates": [ [ [ 38.236, 11.386 ], [ 38.236, 11.37 ], [ 38.228, 11.37 ], [ 38.228, 11.386 ], [ 38.236, 11.386 ] ] ] } },
{ "type": "Feature", "properties": { "value": 202.0 }, "geometry": { "type": "Polygon", "coordinates": [ [ [ 36.748, 11.37 ], [ 36.748, 11.362 ], [ 36.74, 11.362 ], [ 36.74, 11.37 ], [ 36.748, 11.37 ] ] ] } },
{ "type": "Feature", "properties": { "value": 203.0 }, "geometry": { "type": "Polygon", "coordinates": [ [ [ 36.756, 11.37 ], [ 36.756, 11.346 ], [ 36.748, 11.346 ], [ 36.748, 11.354 ], [ 36.74, 11.354 ], [ 36.74, 11.362 ], [ 36.748, 11.362 ], [ 36.748, 11.37 ], [ 36.756, 11.37 ] ] ] } },
{ "type": "Feature", "properties": { "value": 204.0 }, "geometry": { "type": "Polygon", "coordinates": [ [ [ 36.748, 11.354 ], [ 36.748, 11.346 ], [ 36.74, 11.346 ], [ 36.74, 11.354 ], [ 36.748, 11.354 ] ] ] } },
{ "type": "Feature", "properties": { "value": 205.0 }, "geometry": { "type": "Polygon", "coordinates": [ [ [ 36.756, 11.346 ], [ 36.756, 11.33 ], [ 36.748, 11.33 ], [ 36.748, 11.322 ], [ 36.74, 11.322 ], [ 36.74, 11.346 ], [ 36.756, 11.346 ] ] ] } },
{ "type": "Feature", "properties": { "value": 206.0 }, "geometry": { "type": "Polygon", "coordinates": [ [ [ 36.748, 11.314 ], [ 36.748, 11.298 ], [ 36.74, 11.298 ], [ 36.74, 11.314 ], [ 36.748, 11.314 ] ] ] } },
{ "type": "Feature", "properties": { "value": 207.0 }, "geometry": { "type": "Polygon", "coordinates": [ [ [ 36.756, 11.306 ], [ 36.756, 11.29 ], [ 36.764, 11.29 ], [ 36.764, 11.282 ], [ 36.756, 11.282 ], [ 36.756, 11.274 ], [ 36.748, 11.274 ], [ 36.748, 11.282 ], [ 36.74, 11.282 ], [ 36.74, 11.298 ], [ 36.748, 11.298 ], [ 36.748, 11.306 ], [ 36.756, 11.306 ] ] ] } },
{ "type": "Feature", "properties": { "value": 208.0 }, "geometry": { "type": "Polygon", "coordinates": [ [ [ 36.748, 11.282 ], [ 36.748, 11.258 ], [ 36.74, 11.258 ], [ 36.74, 11.282 ], [ 36.748, 11.282 ] ] ] } },
{ "type": "Feature", "properties": { "value": 209.0 }, "geometry": { "type": "Polygon", "coordinates": [ [ [ 36.748, 11.25 ], [ 36.748, 11.234 ], [ 36.74, 11.234 ], [ 36.74, 11.25 ], [ 36.748, 11.25 ] ] ] } },
{ "type": "Feature", "properties": { "value": 210.0 }, "geometry": { "type": "Polygon", "coordinates": [ [ [ 38.236, 11.234 ], [ 38.236, 11.226 ], [ 38.228, 11.226 ], [ 38.228, 11.234 ], [ 38.236, 11.234 ] ] ] } },
{ "type": "Feature", "properties": { "value": 211.0 }, "geometry": { "type": "Polygon", "coordinates": [ [ [ 36.748, 11.234 ], [ 36.748, 11.218 ], [ 36.74, 11.218 ], [ 36.74, 11.234 ], [ 36.748, 11.234 ] ] ] } },
{ "type": "Feature", "properties": { "value": 212.0 }, "geometry": { "type": "MultiPolygon", "coordinates": [ [ [ [ 36.748, 11.25 ], [ 36.756, 11.25 ], [ 36.756, 11.242 ], [ 36.764, 11.242 ], [ 36.764, 11.226 ], [ 36.756, 11.226 ], [ 36.756, 11.218 ], [ 36.748, 11.218 ], [ 36.748, 11.25 ] ] ], [ [ [ 36.748, 11.21 ], [ 36.74, 11.21 ], [ 36.74, 11.218 ], [ 36.748, 11.218 ], [ 36.748, 11.21 ] ] ] ] } },
{ "type": "Feature", "properties": { "value": 213.0 }, "geometry": { "type": "Polygon", "coordinates": [ [ [ 36.796, 11.242 ], [ 36.796, 11.234 ], [ 36.812, 11.234 ], [ 36.812, 11.202 ], [ 36.796, 11.202 ], [ 36.796, 11.194 ], [ 36.756, 11.194 ], [ 36.756, 11.202 ], [ 36.74, 11.202 ], [ 36.74, 11.21 ], [ 36.748, 11.21 ], [ 36.748, 11.218 ], [ 36.756, 11.218 ], [ 36.756, 11.226 ], [ 36.764, 11.226 ], [ 36.764, 11.242 ], [ 36.796, 11.242 ] ] ] } },
{ "type": "Feature", "properties": { "value": 214.0 }, "geometry": { "type": "Polygon", "coordinates": [ [ [ 38.236, 11.21 ], [ 38.236, 11.194 ], [ 38.228, 11.194 ], [ 38.228, 11.21 ], [ 38.236, 11.21 ] ] ] } },
{ "type": "Feature", "properties": { "value": 215.0 }, "geometry": { "type": "Polygon", "coordinates": [ [ [ 36.756, 11.202 ], [ 36.756, 11.186 ], [ 36.74, 11.186 ], [ 36.74, 11.202 ], [ 36.756, 11.202 ] ] ] } },
{ "type": "Feature", "properties": { "value": 216.0 }, "geometry": { "type": "Polygon", "coordinates": [ [ [ 38.236, 11.194 ], [ 38.236, 11.186 ], [ 38.228, 11.186 ], [ 38.228, 11.194 ], [ 38.236, 11.194 ] ] ] } },
{ "type": "Feature", "properties": { "value": 217.0 }, "geometry": { "type": "Polygon", "coordinates": [ [ [ 36.82, 11.202 ], [ 36.82, 11.186 ], [ 36.828, 11.186 ], [ 36.828, 11.17 ], [ 36.844, 11.17 ], [ 36.844, 11.154 ], [ 36.852, 11.154 ], [ 36.852, 11.13 ], [ 36.836, 11.13 ], [ 36.836, 11.122 ], [ 36.82, 11.122 ], [ 36.82, 11.114 ], [ 36.788, 11.114 ], [ 36.788, 11.106 ], [ 36.772, 11.106 ], [ 36.772, 11.122 ], [ 36.756, 11.122 ], [ 36.756, 11.114 ], [ 36.74, 11.114 ], [ 36.74, 11.138 ], [ 36.748, 11.138 ], [ 36.748, 11.154 ], [ 36.74, 11.154 ], [ 36.74, 11.186 ], [ 36.756, 11.186 ], [ 36.756, 11.194 ], [ 36.796, 11.194 ], [ 36.796, 11.202 ], [ 36.82, 11.202 ] ] ] } },
{ "type": "Feature", "properties": { "value": 218.0 }, "geometry": { "type": "Polygon", "coordinates": [ [ [ 38.236, 11.186 ], [ 38.236, 11.178 ], [ 38.228, 11.178 ], [ 38.228, 11.186 ], [ 38.236, 11.186 ] ] ] } },
{ "type": "Feature", "properties": { "value": 219.0 }, "geometry": { "type": "Polygon", "coordinates": [ [ [ 36.748, 11.154 ], [ 36.748, 11.138 ], [ 36.74, 11.138 ], [ 36.74, 11.154 ], [ 36.748, 11.154 ] ] ] } },
{ "type": "Feature", "properties": { "value": 220.0 }, "geometry": { "type": "Polygon", "coordinates": [ [ [ 38.068, 10.954 ], [ 38.068, 10.946 ], [ 37.996, 10.946 ], [ 37.996, 10.954 ], [ 37.988, 10.954 ], [ 37.988, 10.946 ], [ 37.972, 10.946 ], [ 37.972, 10.954 ], [ 37.956, 10.954 ], [ 37.956, 10.946 ], [ 37.948, 10.946 ], [ 37.948, 10.954 ], [ 37.94, 10.954 ], [ 37.94, 10.962 ], [ 37.932, 10.962 ], [ 37.932, 10.954 ], [ 37.924, 10.954 ], [ 37.924, 10.946 ], [ 37.7, 10.946 ], [ 37.7, 10.954 ], [ 37.692, 10.954 ], [ 37.692, 10.962 ], [ 37.684, 10.962 ], [ 37.684, 10.97 ], [ 37.652, 10.97 ], [ 37.652, 10.962 ], [ 37.644, 10.962 ], [ 37.644, 10.954 ], [ 37.636, 10.954 ], [ 37.636, 10.946 ], [ 37.548, 10.946 ], [ 37.548, 10.954 ], [ 37.54, 10.954 ], [ 37.54, 10.962 ], [ 37.508, 10.962 ], [ 37.508, 10.97 ], [ 37.5, 10.97 ], [ 37.5, 10.994 ], [ 37.484, 10.994 ], [ 37.484, 11.01 ], [ 37.468, 11.01 ], [ 37.468, 11.018 ], [ 37.46, 11.018 ], [ 37.46, 11.026 ], [ 37.452, 11.026 ], [ 37.452, 11.042 ], [ 37.46, 11.042 ], [ 37.46, 11.058 ], [ 37.468, 11.058 ], [ 37.468, 11.066 ], [ 37.452, 11.066 ], [ 37.452, 11.074 ], [ 37.444, 11.074 ], [ 37.444, 11.082 ], [ 37.428, 11.082 ], [ 37.428, 11.09 ], [ 37.42, 11.09 ], [ 37.42, 11.098 ], [ 37.412, 11.098 ], [ 37.412, 11.106 ], [ 37.396, 11.106 ], [ 37.396, 11.122 ], [ 37.388, 11.122 ], [ 37.388, 11.09 ], [ 37.38, 11.09 ], [ 37.38, 11.082 ], [ 37.372, 11.082 ], [ 37.372, 11.074 ], [ 37.364, 11.074 ], [ 37.364, 11.066 ], [ 37.356, 11.066 ], [ 37.356, 11.058 ], [ 37.332, 11.058 ], [ 37.332, 11.066 ], [ 37.324, 11.066 ], [ 37.324, 11.058 ], [ 37.284, 11.058 ], [ 37.284, 11.05 ], [ 37.268, 11.05 ], [ 37.268, 11.042 ], [ 37.26, 11.042 ], [ 37.26, 11.034 ], [ 37.252, 11.034 ], [ 37.252, 11.002 ], [ 37.26, 11.002 ], [ 37.26, 10.978 ], [ 37.236, 10.978 ], [ 37.236, 10.97 ], [ 37.204, 10.97 ], [ 37.204, 10.962 ], [ 37.18, 10.962 ], [ 37.18, 10.946 ], [ 37.156, 10.946 ], [ 37.156, 10.954 ], [ 37.148, 10.954 ], [ 37.148, 10.962 ], [ 37.14, 10.962 ], [ 37.14, 10.97 ], [ 37.132, 10.97 ], [ 37.132, 10.978 ], [ 37.124, 10.978 ], [ 37.124, 10.97 ], [ 37.116, 10.97 ], [ 37.116, 10.978 ], [ 37.068, 10.978 ], [ 37.068, 10.97 ], [ 37.052, 10.97 ], [ 37.052, 10.978 ], [ 37.036, 10.978 ], [ 37.036, 10.986 ], [ 37.028, 10.986 ], [ 37.028, 10.994 ], [ 37.012, 10.994 ], [ 37.012, 11.002 ], [ 36.988, 11.002 ], [ 36.988, 11.01 ], [ 36.972, 11.01 ], [ 36.972, 11.002 ], [ 36.94, 11.002 ], [ 36.94, 10.994 ], [ 36.916, 10.994 ], [ 36.916, 11.002 ], [ 36.9, 11.002 ], [ 36.9, 10.994 ], [ 36.892, 10.994 ], [ 36.892, 11.002 ], [ 36.884, 11.002 ], [ 36.884, 11.026 ], [ 36.892, 11.026 ], [ 36.892, 11.058 ], [ 36.9, 11.058 ], [ 36.9, 11.066 ], [ 36.892, 11.066 ], [ 36.892, 11.074 ], [ 36.86, 11.074 ], [ 36.86, 11.082 ], [ 36.852, 11.082 ], [ 36.852, 11.09 ], [ 36.844, 11.09 ], [ 36.844, 11.098 ], [ 36.836, 11.098 ], [ 36.836, 11.106 ], [ 36.828, 11.106 ], [ 36.828, 11.122 ], [ 36.836, 11.122 ], [ 36.836, 11.13 ], [ 36.852, 11.13 ], [ 36.852, 11.154 ], [ 36.844, 11.154 ], [ 36.844, 11.17 ], [ 36.828, 11.17 ], [ 36.828, 11.186 ], [ 36.82, 11.186 ], [ 36.82, 11.202 ], [ 36.812, 11.202 ], [ 36.812, 11.234 ], [ 36.796, 11.234 ], [ 36.796, 11.242 ], [ 36.756, 11.242 ], [ 36.756, 11.25 ], [ 36.74, 11.25 ], [ 36.74, 11.258 ], [ 36.748, 11.258 ], [ 36.748, 11.274 ], [ 36.756, 11.274 ], [ 36.756, 11.282 ], [ 36.764, 11.282 ], [ 36.764, 11.29 ], [ 36.756, 11.29 ], [ 36.756, 11.306 ], [ 36.748, 11.306 ], [ 36.748, 11.314 ], [ 36.74, 11.314 ], [ 36.74, 11.322 ], [ 36.748, 11.322 ], [ 36.748, 11.33 ], [ 36.756, 11.33 ], [ 36.756, 11.362 ], [ 36.764, 11.362 ], [ 36.764, 11.37 ], [ 36.772, 11.37 ], [ 36.772, 11.378 ], [ 36.796, 11.378 ], [ 36.796, 11.402 ], [ 36.804, 11.402 ], [ 36.804, 11.426 ], [ 36.796, 11.426 ], [ 36.796, 11.442 ], [ 36.804, 11.442 ], [ 36.804, 11.45 ], [ 36.812, 11.45 ], [ 36.812, 11.458 ], [ 36.804, 11.458 ], [ 36.804, 11.466 ], [ 36.812, 11.466 ], [ 36.812, 11.49 ], [ 36.804, 11.49 ], [ 36.804, 11.522 ], [ 36.812, 11.522 ], [ 36.812, 11.546 ], [ 36.82, 11.546 ], [ 36.82, 11.57 ], [ 36.844, 11.57 ], [ 36.844, 11.586 ], [ 36.852, 11.586 ], [ 36.852, 11.594 ], [ 36.868, 11.594 ], [ 36.868, 11.602 ], [ 36.876, 11.602 ], [ 36.876, 11.61 ], [ 36.916, 11.61 ], [ 36.916, 11.626 ], [ 36.924, 11.626 ], [ 36.924, 11.682 ], [ 36.932, 11.682 ], [ 36.932, 11.69 ], [ 36.94, 11.69 ], [ 36.94, 11.698 ], [ 36.948, 11.698 ], [ 36.948, 11.706 ], [ 36.956, 11.706 ], [ 36.956, 11.714 ], [ 36.972, 11.714 ], [ 36.972, 11.738 ], [ 36.988, 11.738 ], [ 36.988, 11.746 ], [ 36.98, 11.746 ], [ 36.98, 11.754 ], [ 36.988, 11.754 ], [ 36.988, 11.77 ], [ 36.98, 11.77 ], [ 36.98, 11.778 ], [ 36.988, 11.778 ], [ 36.988, 11.786 ], [ 36.98, 11.786 ], [ 36.98, 11.802 ], [ 36.972, 11.802 ], [ 36.972, 11.81 ], [ 36.964, 11.81 ], [ 36.964, 11.802 ], [ 36.956, 11.802 ], [ 36.956, 11.818 ], [ 36.948, 11.818 ], [ 36.948, 11.834 ], [ 36.956, 11.834 ], [ 36.956, 11.842 ], [ 36.964, 11.842 ], [ 36.964, 11.882 ], [ 36.956, 11.882 ], [ 36.956, 11.89 ], [ 36.948, 11.89 ], [ 36.948, 11.898 ], [ 36.94, 11.898 ], [ 36.94, 11.89 ], [ 36.924, 11.89 ], [ 36.924, 11.906 ], [ 36.916, 11.906 ], [ 36.916, 11.922 ], [ 36.908, 11.922 ], [ 36.908, 11.93 ], [ 36.9, 11.93 ], [ 36.9, 12.002 ], [ 36.908, 12.002 ], [ 36.908, 12.01 ], [ 36.916, 12.01 ], [ 36.916, 12.018 ], [ 36.924, 12.018 ], [ 36.924, 12.026 ], [ 36.932, 12.026 ], [ 36.932, 12.034 ], [ 36.948, 12.034 ], [ 36.948, 12.066 ], [ 36.94, 12.066 ], [ 36.94, 12.074 ], [ 36.948, 12.074 ], [ 36.948, 12.09 ], [ 36.932, 12.09 ], [ 36.932, 12.106 ], [ 36.94, 12.106 ], [ 36.94, 12.122 ], [ 36.948, 12.122 ], [ 36.948, 12.13 ], [ 36.956, 12.13 ], [ 36.956, 12.154 ], [ 36.964, 12.154 ], [ 36.964, 12.17 ], [ 36.972, 12.17 ], [ 36.972, 12.178 ], [ 36.964, 12.178 ], [ 36.964, 12.234 ], [ 36.972, 12.234 ], [ 36.972, 12.242 ], [ 36.98, 12.242 ], [ 36.98, 12.25 ], [ 36.988, 12.25 ], [ 36.988, 12.258 ], [ 36.996, 12.258 ], [ 36.996, 12.274 ], [ 37.012, 12.274 ], [ 37.012, 12.282 ], [ 37.02, 12.282 ], [ 37.02, 12.306 ], [ 37.028, 12.306 ], [ 37.028, 12.338 ], [ 37.036, 12.338 ], [ 37.036, 12.354 ], [ 37.028, 12.354 ], [ 37.028, 12.37 ], [ 37.02, 12.37 ], [ 37.02, 12.386 ], [ 37.012, 12.386 ], [ 37.012, 12.434 ], [ 37.02, 12.434 ], [ 37.02, 12.45 ], [ 37.028, 12.45 ], [ 37.028, 12.466 ], [ 37.036, 12.466 ], [ 37.036, 12.458 ], [ 37.052, 12.458 ], [ 37.052, 12.45 ], [ 37.06, 12.45 ], [ 37.06, 12.442 ], [ 37.068, 12.442 ], [ 37.068, 12.426 ], [ 37.076, 12.426 ], [ 37.076, 12.418 ], [ 37.092, 12.418 ], [ 37.092, 12.434 ], [ 37.1, 12.434 ], [ 37.1, 12.442 ], [ 37.124, 12.442 ], [ 37.124, 12.434 ], [ 37.148, 12.434 ], [ 37.148, 12.426 ], [ 37.164, 12.426 ], [ 37.164, 12.434 ], [ 37.172, 12.434 ], [ 37.172, 12.442 ], [ 37.196, 12.442 ], [ 37.196, 12.45 ], [ 37.204, 12.45 ], [ 37.204, 12.442 ], [ 37.212, 12.442 ], [ 37.212, 12.434 ], [ 37.228, 12.434 ], [ 37.228, 12.45 ], [ 37.236, 12.45 ], [ 37.236, 12.458 ], [ 37.228, 12.458 ], [ 37.228, 12.466 ], [ 37.236, 12.466 ], [ 37.236, 12.482 ], [ 37.244, 12.482 ], [ 37.244, 12.506 ], [ 37.26, 12.506 ], [ 37.26, 12.514 ], [ 37.268, 12.514 ], [ 37.268, 12.522 ], [ 37.26, 12.522 ], [ 37.26, 12.538 ], [ 37.268, 12.538 ], [ 37.268, 12.546 ], [ 37.276, 12.546 ], [ 37.276, 12.554 ], [ 37.284, 12.554 ], [ 37.284, 12.57 ], [ 37.292, 12.57 ], [ 37.292, 12.578 ], [ 37.3, 12.578 ], [ 37.3, 12.586 ], [ 37.308, 12.586 ], [ 37.308, 12.594 ], [ 37.316, 12.594 ], [ 37.316, 12.602 ], [ 37.324, 12.602 ], [ 37.324, 12.61 ], [ 37.332, 12.61 ], [ 37.332, 12.626 ], [ 37.324, 12.626 ], [ 37.324, 12.634 ], [ 37.332, 12.634 ], [ 37.332, 12.65 ], [ 37.364, 12.65 ], [ 37.364, 12.642 ], [ 37.38, 12.642 ], [ 37.38, 12.65 ], [ 37.396, 12.65 ], [ 37.396, 12.666 ], [ 37.412, 12.666 ], [ 37.412, 12.674 ], [ 37.436, 12.674 ], [ 37.436, 12.69 ], [ 37.444, 12.69 ], [ 37.444, 12.698 ], [ 37.452, 12.698 ], [ 37.452, 12.706 ], [ 37.46, 12.706 ], [ 37.46, 12.714 ], [ 37.468, 12.714 ], [ 37.468, 12.722 ], [ 37.492, 12.722 ], [ 37.492, 12.73 ], [ 37.508, 12.73 ], [ 37.508, 12.746 ], [ 37.532, 12.746 ], [ 37.532, 12.754 ], [ 37.556, 12.754 ], [ 37.556, 12.738 ], [ 37.564, 12.738 ], [ 37.564, 12.714 ], [ 37.572, 12.714 ], [ 37.572, 12.706 ], [ 37.58, 12.706 ], [ 37.58, 12.69 ], [ 37.588, 12.69 ], [ 37.588, 12.674 ], [ 37.58, 12.674 ], [ 37.58, 12.658 ], [ 37.612, 12.658 ], [ 37.612, 12.65 ], [ 37.62, 12.65 ], [ 37.62, 12.626 ], [ 37.612, 12.626 ], [ 37.612, 12.61 ], [ 37.604, 12.61 ], [ 37.604, 12.594 ], [ 37.596, 12.594 ], [ 37.596, 12.586 ], [ 37.604, 12.586 ], [ 37.604, 12.546 ], [ 37.596, 12.546 ], [ 37.596, 12.538 ], [ 37.604, 12.538 ], [ 37.604, 12.522 ], [ 37.596, 12.522 ], [ 37.596, 12.506 ], [ 37.604, 12.506 ], [ 37.604, 12.498 ], [ 37.612, 12.498 ], [ 37.612, 12.49 ], [ 37.62, 12.49 ], [ 37.62, 12.482 ], [ 37.636, 12.482 ], [ 37.636, 12.474 ], [ 37.644, 12.474 ], [ 37.644, 12.458 ], [ 37.66, 12.458 ], [ 37.66, 12.45 ], [ 37.652, 12.45 ], [ 37.652, 12.442 ], [ 37.66, 12.442 ], [ 37.66, 12.434 ], [ 37.668, 12.434 ], [ 37.668, 12.418 ], [ 37.676, 12.418 ], [ 37.676, 12.41 ], [ 37.668, 12.41 ], [ 37.668, 12.402 ], [ 37.652, 12.402 ], [ 37.652, 12.394 ], [ 37.644, 12.394 ], [ 37.644, 12.386 ], [ 37.66, 12.386 ], [ 37.66, 12.378 ], [ 37.668, 12.378 ], [ 37.668, 12.37 ], [ 37.684, 12.37 ], [ 37.684, 12.362 ], [ 37.692, 12.362 ], [ 37.692, 12.338 ], [ 37.708, 12.338 ], [ 37.708, 12.33 ], [ 37.7, 12.33 ], [ 37.7, 12.322 ], [ 37.708, 12.322 ], [ 37.708, 12.314 ], [ 37.716, 12.314 ], [ 37.716, 12.306 ], [ 37.724, 12.306 ], [ 37.724, 12.298 ], [ 37.732, 12.298 ], [ 37.732, 12.282 ], [ 37.74, 12.282 ], [ 37.74, 12.266 ], [ 37.756, 12.266 ], [ 37.756, 12.258 ], [ 37.764, 12.258 ], [ 37.764, 12.242 ], [ 37.788, 12.242 ], [ 37.788, 12.234 ], [ 37.796, 12.234 ], [ 37.796, 12.218 ], [ 37.812, 12.218 ], [ 37.812, 12.226 ], [ 37.82, 12.226 ], [ 37.82, 12.234 ], [ 37.828, 12.234 ], [ 37.828, 12.226 ], [ 37.836, 12.226 ], [ 37.836, 12.218 ], [ 37.844, 12.218 ], [ 37.844, 12.21 ], [ 37.852, 12.21 ], [ 37.852, 12.202 ], [ 37.86, 12.202 ], [ 37.86, 12.194 ], [ 37.868, 12.194 ], [ 37.868, 12.186 ], [ 37.86, 12.186 ], [ 37.86, 12.178 ], [ 37.9, 12.178 ], [ 37.9, 12.17 ], [ 37.932, 12.17 ], [ 37.932, 12.186 ], [ 37.94, 12.186 ], [ 37.94, 12.178 ], [ 37.948, 12.178 ], [ 37.948, 12.186 ], [ 37.956, 12.186 ], [ 37.956, 12.178 ], [ 37.972, 12.178 ], [ 37.972, 12.17 ], [ 37.98, 12.17 ], [ 37.98, 12.162 ], [ 37.996, 12.162 ], [ 37.996, 12.146 ], [ 38.004, 12.146 ], [ 38.004, 12.13 ], [ 37.996, 12.13 ], [ 37.996, 12.122 ], [ 38.028, 12.122 ], [ 38.028, 12.114 ], [ 38.044, 12.114 ], [ 38.044, 12.106 ], [ 38.06, 12.106 ], [ 38.06, 12.098 ], [ 38.084, 12.098 ], [ 38.084, 12.09 ], [ 38.1, 12.09 ], [ 38.1, 12.082 ], [ 38.116, 12.082 ], [ 38.116, 12.074 ], [ 38.124, 12.074 ], [ 38.124, 12.026 ], [ 38.132, 12.026 ], [ 38.132, 12.018 ], [ 38.148, 12.018 ], [ 38.148, 12.01 ], [ 38.164, 12.01 ], [ 38.164, 12.002 ], [ 38.172, 12.002 ], [ 38.172, 11.986 ], [ 38.18, 11.986 ], [ 38.18, 11.978 ], [ 38.188, 11.978 ], [ 38.188, 11.962 ], [ 38.204, 11.962 ], [ 38.204, 11.946 ], [ 38.212, 11.946 ], [ 38.212, 11.938 ], [ 38.22, 11.938 ], [ 38.22, 11.93 ], [ 38.212, 11.93 ], [ 38.212, 11.882 ], [ 38.22, 11.882 ], [ 38.22, 11.874 ], [ 38.212, 11.874 ], [ 38.212, 11.866 ], [ 38.196, 11.866 ], [ 38.196, 11.85 ], [ 38.204, 11.85 ], [ 38.204, 11.842 ], [ 38.196, 11.842 ], [ 38.196, 11.834 ], [ 38.204, 11.834 ], [ 38.204, 11.818 ], [ 38.22, 11.818 ], [ 38.22, 11.81 ], [ 38.228, 11.81 ], [ 38.228, 11.802 ], [ 38.22, 11.802 ], [ 38.22, 11.786 ], [ 38.228, 11.786 ], [ 38.228, 11.77 ], [ 38.22, 11.77 ], [ 38.22, 11.754 ], [ 38.228, 11.754 ], [ 38.228, 11.738 ], [ 38.236, 11.738 ], [ 38.236, 11.698 ], [ 38.228, 11.698 ], [ 38.228, 11.69 ], [ 38.22, 11.69 ], [ 38.22, 11.682 ], [ 38.228, 11.682 ], [ 38.228, 11.666 ], [ 38.236, 11.666 ], [ 38.236, 11.634 ], [ 38.22, 11.634 ], [ 38.22, 11.61 ], [ 38.228, 11.61 ], [ 38.228, 11.594 ], [ 38.22, 11.594 ], [ 38.22, 11.578 ], [ 38.212, 11.578 ], [ 38.212, 11.538 ], [ 38.22, 11.538 ], [ 38.22, 11.53 ], [ 38.212, 11.53 ], [ 38.212, 11.466 ], [ 38.22, 11.466 ], [ 38.22, 11.442 ], [ 38.212, 11.442 ], [ 38.212, 11.426 ], [ 38.22, 11.426 ], [ 38.22, 11.418 ], [ 38.228, 11.418 ], [ 38.228, 11.37 ], [ 38.236, 11.37 ], [ 38.236, 11.234 ], [ 38.228, 11.234 ], [ 38.228, 11.226 ], [ 38.236, 11.226 ], [ 38.236, 11.21 ], [ 38.228, 11.21 ], [ 38.228, 11.178 ], [ 38.236, 11.178 ], [ 38.236, 11.066 ], [ 38.228, 11.066 ], [ 38.228, 11.018 ], [ 38.236, 11.018 ], [ 38.236, 10.962 ], [ 38.228, 10.962 ], [ 38.228, 10.954 ], [ 38.22, 10.954 ], [ 38.22, 10.946 ], [ 38.076, 10.946 ], [ 38.076, 10.954 ], [ 38.068, 10.954 ] ], [ [ 38.084, 10.954 ], [ 38.084, 10.962 ], [ 38.076, 10.962 ], [ 38.076, 10.954 ], [ 38.084, 10.954 ] ] ] } },
{ "type": "Feature", "properties": { "value": 221.0 }, "geometry": { "type": "Polygon", "coordinates": [ [ [ 36.748, 11.114 ], [ 36.748, 11.106 ], [ 36.74, 11.106 ], [ 36.74, 11.114 ], [ 36.748, 11.114 ] ] ] } },
{ "type": "Feature", "properties": { "value": 222.0 }, "geometry": { "type": "Polygon", "coordinates": [ [ [ 36.772, 11.122 ], [ 36.772, 11.106 ], [ 36.788, 11.106 ], [ 36.788, 11.114 ], [ 36.82, 11.114 ], [ 36.82, 11.122 ], [ 36.828, 11.122 ], [ 36.828, 11.106 ], [ 36.836, 11.106 ], [ 36.836, 11.098 ], [ 36.844, 11.098 ], [ 36.844, 11.09 ], [ 36.852, 11.09 ], [ 36.852, 11.082 ], [ 36.86, 11.082 ], [ 36.86, 11.074 ], [ 36.892, 11.074 ], [ 36.892, 11.066 ], [ 36.9, 11.066 ], [ 36.9, 11.058 ], [ 36.892, 11.058 ], [ 36.892, 11.026 ], [ 36.884, 11.026 ], [ 36.884, 10.994 ], [ 36.876, 10.994 ], [ 36.876, 10.986 ], [ 36.86, 10.986 ], [ 36.86, 10.978 ], [ 36.852, 10.978 ], [ 36.852, 11.026 ], [ 36.836, 11.026 ], [ 36.836, 11.034 ], [ 36.828, 11.034 ], [ 36.828, 11.042 ], [ 36.82, 11.042 ], [ 36.82, 11.058 ], [ 36.804, 11.058 ], [ 36.804, 11.066 ], [ 36.788, 11.066 ], [ 36.788, 11.058 ], [ 36.772, 11.058 ], [ 36.772, 11.066 ], [ 36.756, 11.066 ], [ 36.756, 11.058 ], [ 36.74, 11.058 ], [ 36.74, 11.106 ], [ 36.748, 11.106 ], [ 36.748, 11.114 ], [ 36.756, 11.114 ], [ 36.756, 11.122 ], [ 36.772, 11.122 ] ] ] } },
{ "type": "Feature", "properties": { "value": 223.0 }, "geometry": { "type": "Polygon", "coordinates": [ [ [ 38.236, 11.066 ], [ 38.236, 11.042 ], [ 38.228, 11.042 ], [ 38.228, 11.066 ], [ 38.236, 11.066 ] ] ] } },
{ "type": "Feature", "properties": { "value": 224.0 }, "geometry": { "type": "MultiPolygon", "coordinates": [ [ [ [ 36.756, 11.066 ], [ 36.764, 11.066 ], [ 36.764, 11.058 ], [ 36.756, 11.058 ], [ 36.756, 11.066 ] ] ], [ [ [ 36.756, 11.05 ], [ 36.74, 11.05 ], [ 36.74, 11.058 ], [ 36.756, 11.058 ], [ 36.756, 11.05 ] ] ] ] } },
{ "type": "Feature", "properties": { "value": 225.0 }, "geometry": { "type": "Polygon", "coordinates": [ [ [ 36.772, 11.066 ], [ 36.772, 11.058 ], [ 36.788, 11.058 ], [ 36.788, 11.066 ], [ 36.804, 11.066 ], [ 36.804, 11.058 ], [ 36.82, 11.058 ], [ 36.82, 11.042 ], [ 36.828, 11.042 ], [ 36.828, 11.034 ], [ 36.836, 11.034 ], [ 36.836, 11.026 ], [ 36.852, 11.026 ], [ 36.852, 10.978 ], [ 36.844, 10.978 ], [ 36.844, 10.97 ], [ 36.836, 10.97 ], [ 36.836, 10.986 ], [ 36.828, 10.986 ], [ 36.828, 10.994 ], [ 36.812, 10.994 ], [ 36.812, 11.002 ], [ 36.788, 11.002 ], [ 36.788, 11.018 ], [ 36.756, 11.018 ], [ 36.756, 11.026 ], [ 36.748, 11.026 ], [ 36.748, 11.034 ], [ 36.74, 11.034 ], [ 36.74, 11.05 ], [ 36.756, 11.05 ], [ 36.756, 11.058 ], [ 36.764, 11.058 ], [ 36.764, 11.066 ], [ 36.772, 11.066 ] ] ] } },
{ "type": "Feature", "properties": { "value": 226.0 }, "geometry": { "type": "Polygon", "coordinates": [ [ [ 38.236, 11.042 ], [ 38.236, 11.034 ], [ 38.228, 11.034 ], [ 38.228, 11.042 ], [ 38.236, 11.042 ] ] ] } },
{ "type": "Feature", "properties": { "value": 227.0 }, "geometry": { "type": "Polygon", "coordinates": [ [ [ 38.236, 11.034 ], [ 38.236, 11.018 ], [ 38.228, 11.018 ], [ 38.228, 11.034 ], [ 38.236, 11.034 ] ] ] } },
{ "type": "Feature", "properties": { "value": 228.0 }, "geometry": { "type": "Polygon", "coordinates": [ [ [ 36.748, 11.034 ], [ 36.748, 11.026 ], [ 36.756, 11.026 ], [ 36.756, 11.018 ], [ 36.788, 11.018 ], [ 36.788, 11.002 ], [ 36.812, 11.002 ], [ 36.812, 10.994 ], [ 36.82, 10.994 ], [ 36.82, 10.986 ], [ 36.804, 10.986 ], [ 36.804, 10.978 ], [ 36.788, 10.978 ], [ 36.788, 10.986 ], [ 36.78, 10.986 ], [ 36.78, 10.994 ], [ 36.748, 10.994 ], [ 36.748, 11.002 ], [ 36.74, 11.002 ], [ 36.74, 11.034 ], [ 36.748, 11.034 ] ] ] } },
{ "type": "Feature", "properties": { "value": 229.0 }, "geometry": { "type": "Polygon", "coordinates": [ [ [ 36.748, 11.002 ], [ 36.748, 10.994 ], [ 36.756, 10.994 ], [ 36.756, 10.986 ], [ 36.748, 10.986 ], [ 36.748, 10.978 ], [ 36.74, 10.978 ], [ 36.74, 11.002 ], [ 36.748, 11.002 ] ] ] } },
{ "type": "Feature", "properties": { "value": 230.0 }, "geometry": { "type": "Polygon", "coordinates": [ [ [ 36.78, 10.994 ], [ 36.78, 10.986 ], [ 36.788, 10.986 ], [ 36.788, 10.978 ], [ 36.804, 10.978 ], [ 36.804, 10.986 ], [ 36.82, 10.986 ], [ 36.82, 10.994 ], [ 36.828, 10.994 ], [ 36.828, 10.986 ], [ 36.836, 10.986 ], [ 36.836, 10.97 ], [ 36.828, 10.97 ], [ 36.828, 10.962 ], [ 36.82, 10.962 ], [ 36.82, 10.954 ], [ 36.828, 10.954 ], [ 36.828, 10.946 ], [ 36.74, 10.946 ], [ 36.74, 10.978 ], [ 36.748, 10.978 ], [ 36.748, 10.986 ], [ 36.756, 10.986 ], [ 36.756, 10.994 ], [ 36.78, 10.994 ] ] ] } },
{ "type": "Feature", "properties": { "value": 231.0 }, "geometry": { "type": "Polygon", "coordinates": [ [ [ 36.884, 10.962 ], [ 36.884, 10.954 ], [ 36.892, 10.954 ], [ 36.892, 10.946 ], [ 36.876, 10.946 ], [ 36.876, 10.962 ], [ 36.884, 10.962 ] ] ] } },
{ "type": "Feature", "properties": { "value": 232.0 }, "geometry": { "type": "Polygon", "coordinates": [ [ [ 36.836, 10.97 ], [ 36.836, 10.954 ], [ 36.844, 10.954 ], [ 36.844, 10.946 ], [ 36.828, 10.946 ], [ 36.828, 10.954 ], [ 36.82, 10.954 ], [ 36.82, 10.962 ], [ 36.828, 10.962 ], [ 36.828, 10.97 ], [ 36.836, 10.97 ] ] ] } },
{ "type": "Feature", "properties": { "value": 233.0 }, "geometry": { "type": "Polygon", "coordinates": [ [ [ 36.852, 10.978 ], [ 36.852, 10.954 ], [ 36.86, 10.954 ], [ 36.86, 10.946 ], [ 36.844, 10.946 ], [ 36.844, 10.954 ], [ 36.836, 10.954 ], [ 36.836, 10.97 ], [ 36.844, 10.97 ], [ 36.844, 10.978 ], [ 36.852, 10.978 ] ] ] } },
{ "type": "Feature", "properties": { "value": 234.0 }, "geometry": { "type": "Polygon", "coordinates": [ [ [ 36.86, 10.978 ], [ 36.86, 10.97 ], [ 36.876, 10.97 ], [ 36.876, 10.946 ], [ 36.86, 10.946 ], [ 36.86, 10.954 ], [ 36.852, 10.954 ], [ 36.852, 10.978 ], [ 36.86, 10.978 ] ] ] } },
{ "type": "Feature", "properties": { "value": 235.0 }, "geometry": { "type": "Polygon", "coordinates": [ [ [ 36.892, 11.002 ], [ 36.892, 10.994 ], [ 36.9, 10.994 ], [ 36.9, 10.986 ], [ 36.908, 10.986 ], [ 36.908, 10.946 ], [ 36.892, 10.946 ], [ 36.892, 10.954 ], [ 36.884, 10.954 ], [ 36.884, 10.962 ], [ 36.876, 10.962 ], [ 36.876, 10.97 ], [ 36.86, 10.97 ], [ 36.86, 10.986 ], [ 36.876, 10.986 ], [ 36.876, 10.994 ], [ 36.884, 10.994 ], [ 36.884, 11.002 ], [ 36.892, 11.002 ] ] ] } },
{ "type": "Feature", "properties": { "value": 236.0 }, "geometry": { "type": "Polygon", "coordinates": [ [ [ 36.916, 10.954 ], [ 36.916, 10.946 ], [ 36.908, 10.946 ], [ 36.908, 10.954 ], [ 36.916, 10.954 ] ] ] } },
{ "type": "Feature", "properties": { "value": 237.0 }, "geometry": { "type": "Polygon", "coordinates": [ [ [ 36.924, 10.97 ], [ 36.924, 10.946 ], [ 36.916, 10.946 ], [ 36.916, 10.954 ], [ 36.908, 10.954 ], [ 36.908, 10.97 ], [ 36.924, 10.97 ] ] ] } },
{ "type": "Feature", "properties": { "value": 238.0 }, "geometry": { "type": "Polygon", "coordinates": [ [ [ 36.916, 11.002 ], [ 36.916, 10.994 ], [ 36.932, 10.994 ], [ 36.932, 10.978 ], [ 36.94, 10.978 ], [ 36.94, 10.97 ], [ 36.948, 10.97 ], [ 36.948, 10.962 ], [ 36.932, 10.962 ], [ 36.932, 10.946 ], [ 36.924, 10.946 ], [ 36.924, 10.97 ], [ 36.908, 10.97 ], [ 36.908, 10.986 ], [ 36.9, 10.986 ], [ 36.9, 11.002 ], [ 36.916, 11.002 ] ] ] } },
{ "type": "Feature", "properties": { "value": 239.0 }, "geometry": { "type": "MultiPolygon", "coordinates": [ [ [ [ 36.948, 10.97 ], [ 36.956, 10.97 ], [ 36.956, 10.962 ], [ 36.948, 10.962 ], [ 36.948, 10.97 ] ] ], [ [ [ 36.948, 10.946 ], [ 36.932, 10.946 ], [ 36.932, 10.962 ], [ 36.948, 10.962 ], [ 36.948, 10.946 ] ] ] ] } },
{ "type": "Feature", "properties": { "value": 240.0 }, "geometry": { "type": "Polygon", "coordinates": [ [ [ 36.948, 11.002 ], [ 36.948, 10.994 ], [ 36.956, 10.994 ], [ 36.956, 10.986 ], [ 36.964, 10.986 ], [ 36.964, 10.962 ], [ 36.972, 10.962 ], [ 36.972, 10.946 ], [ 36.948, 10.946 ], [ 36.948, 10.962 ], [ 36.956, 10.962 ], [ 36.956, 10.97 ], [ 36.94, 10.97 ], [ 36.94, 10.978 ], [ 36.932, 10.978 ], [ 36.932, 10.994 ], [ 36.94, 10.994 ], [ 36.94, 11.002 ], [ 36.948, 11.002 ] ] ] } },
{ "type": "Feature", "properties": { "value": 241.0 }, "geometry": { "type": "Polygon", "coordinates": [ [ [ 36.988, 11.01 ], [ 36.988, 11.002 ], [ 37.012, 11.002 ], [ 37.012, 10.994 ], [ 37.028, 10.994 ], [ 37.028, 10.986 ], [ 37.036, 10.986 ], [ 37.036, 10.978 ], [ 37.052, 10.978 ], [ 37.052, 10.97 ], [ 37.044, 10.97 ], [ 37.044, 10.962 ], [ 37.036, 10.962 ], [ 37.036, 10.946 ], [ 37.02, 10.946 ], [ 37.02, 10.954 ], [ 37.012, 10.954 ], [ 37.012, 10.962 ], [ 36.996, 10.962 ], [ 36.996, 10.954 ], [ 36.988, 10.954 ], [ 36.988, 10.946 ], [ 36.972, 10.946 ], [ 36.972, 10.962 ], [ 36.964, 10.962 ], [ 36.964, 10.986 ], [ 36.956, 10.986 ], [ 36.956, 10.994 ], [ 36.948, 10.994 ], [ 36.948, 11.002 ], [ 36.972, 11.002 ], [ 36.972, 11.01 ], [ 36.988, 11.01 ] ] ] } },
{ "type": "Feature", "properties": { "value": 242.0 }, "geometry": { "type": "Polygon", "coordinates": [ [ [ 37.012, 10.962 ], [ 37.012, 10.954 ], [ 37.02, 10.954 ], [ 37.02, 10.946 ], [ 36.988, 10.946 ], [ 36.988, 10.954 ], [ 36.996, 10.954 ], [ 36.996, 10.962 ], [ 37.012, 10.962 ] ] ] } },
{ "type": "Feature", "properties": { "value": 243.0 }, "geometry": { "type": "Polygon", "coordinates": [ [ [ 37.116, 10.978 ], [ 37.116, 10.97 ], [ 37.124, 10.97 ], [ 37.124, 10.978 ], [ 37.132, 10.978 ], [ 37.132, 10.97 ], [ 37.14, 10.97 ], [ 37.14, 10.962 ], [ 37.148, 10.962 ], [ 37.148, 10.954 ], [ 37.156, 10.954 ], [ 37.156, 10.946 ], [ 37.108, 10.946 ], [ 37.108, 10.954 ], [ 37.1, 10.954 ], [ 37.1, 10.946 ], [ 37.036, 10.946 ], [ 37.036, 10.962 ], [ 37.044, 10.962 ], [ 37.044, 10.97 ], [ 37.068, 10.97 ], [ 37.068, 10.978 ], [ 37.116, 10.978 ] ] ] } },
{ "type": "Feature", "properties": { "value": 244.0 }, "geometry": { "type": "Polygon", "coordinates": [ [ [ 37.108, 10.954 ], [ 37.108, 10.946 ], [ 37.1, 10.946 ], [ 37.1, 10.954 ], [ 37.108, 10.954 ] ] ] } },
{ "type": "Feature", "properties": { "value": 245.0 }, "geometry": { "type": "Polygon", "coordinates": [ [ [ 37.236, 10.97 ], [ 37.236, 10.962 ], [ 37.228, 10.962 ], [ 37.228, 10.954 ], [ 37.236, 10.954 ], [ 37.236, 10.946 ], [ 37.18, 10.946 ], [ 37.18, 10.962 ], [ 37.204, 10.962 ], [ 37.204, 10.97 ], [ 37.236, 10.97 ] ] ] } },
{ "type": "Feature", "properties": { "value": 246.0 }, "geometry": { "type": "Polygon", "coordinates": [ [ [ 37.252, 10.978 ], [ 37.252, 10.946 ], [ 37.236, 10.946 ], [ 37.236, 10.954 ], [ 37.228, 10.954 ], [ 37.228, 10.962 ], [ 37.236, 10.962 ], [ 37.236, 10.978 ], [ 37.252, 10.978 ] ] ] } },
{ "type": "Feature", "properties": { "value": 247.0 }, "geometry": { "type": "Polygon", "coordinates": [ [ [ 37.26, 10.954 ], [ 37.26, 10.946 ], [ 37.252, 10.946 ], [ 37.252, 10.954 ], [ 37.26, 10.954 ] ] ] } },
{ "type": "Feature", "properties": { "value": 248.0 }, "geometry": { "type": "Polygon", "coordinates": [ [ [ 37.268, 10.978 ], [ 37.268, 10.97 ], [ 37.284, 10.97 ], [ 37.284, 10.954 ], [ 37.268, 10.954 ], [ 37.268, 10.946 ], [ 37.26, 10.946 ], [ 37.26, 10.954 ], [ 37.252, 10.954 ], [ 37.252, 10.978 ], [ 37.268, 10.978 ] ] ] } },
{ "type": "Feature", "properties": { "value": 249.0 }, "geometry": { "type": "Polygon", "coordinates": [ [ [ 37.276, 10.954 ], [ 37.276, 10.946 ], [ 37.268, 10.946 ], [ 37.268, 10.954 ], [ 37.276, 10.954 ] ] ] } },
{ "type": "Feature", "properties": { "value": 250.0 }, "geometry": { "type": "Polygon", "coordinates": [ [ [ 37.292, 10.962 ], [ 37.292, 10.946 ], [ 37.276, 10.946 ], [ 37.276, 10.954 ], [ 37.284, 10.954 ], [ 37.284, 10.962 ], [ 37.292, 10.962 ] ] ] } },
{ "type": "Feature", "properties": { "value": 251.0 }, "geometry": { "type": "Polygon", "coordinates": [ [ [ 37.348, 10.954 ], [ 37.348, 10.946 ], [ 37.324, 10.946 ], [ 37.324, 10.954 ], [ 37.348, 10.954 ] ] ] } },
{ "type": "Feature", "properties": { "value": 252.0 }, "geometry": { "type": "Polygon", "coordinates": [ [ [ 37.356, 10.962 ], [ 37.356, 10.954 ], [ 37.364, 10.954 ], [ 37.364, 10.946 ], [ 37.348, 10.946 ], [ 37.348, 10.962 ], [ 37.356, 10.962 ] ] ] } },
{ "type": "Feature", "properties": { "value": 253.0 }, "geometry": { "type": "Polygon", "coordinates": [ [ [ 37.396, 11.09 ], [ 37.396, 11.074 ], [ 37.404, 11.074 ], [ 37.404, 11.05 ], [ 37.396, 11.05 ], [ 37.396, 11.034 ], [ 37.388, 11.034 ], [ 37.388, 11.01 ], [ 37.396, 11.01 ], [ 37.396, 10.994 ], [ 37.388, 10.994 ], [ 37.388, 10.978 ], [ 37.38, 10.978 ], [ 37.38, 10.97 ], [ 37.388, 10.97 ], [ 37.388, 10.962 ], [ 37.38, 10.962 ], [ 37.38, 10.954 ], [ 37.372, 10.954 ], [ 37.372, 10.946 ], [ 37.364, 10.946 ], [ 37.364, 10.954 ], [ 37.356, 10.954 ], [ 37.356, 10.962 ], [ 37.348, 10.962 ], [ 37.348, 10.954 ], [ 37.324, 10.954 ], [ 37.324, 10.946 ], [ 37.292, 10.946 ], [ 37.292, 10.962 ], [ 37.284, 10.962 ], [ 37.284, 10.97 ], [ 37.268, 10.97 ], [ 37.268, 10.978 ], [ 37.26, 10.978 ], [ 37.26, 11.002 ], [ 37.252, 11.002 ], [ 37.252, 11.034 ], [ 37.26, 11.034 ], [ 37.26, 11.042 ], [ 37.268, 11.042 ], [ 37.268, 11.05 ], [ 37.284, 11.05 ], [ 37.284, 11.058 ], [ 37.324, 11.058 ], [ 37.324, 11.066 ], [ 37.332, 11.066 ], [ 37.332, 11.058 ], [ 37.356, 11.058 ], [ 37.356, 11.066 ], [ 37.364, 11.066 ], [ 37.364, 11.074 ], [ 37.372, 11.074 ], [ 37.372, 11.082 ], [ 37.38, 11.082 ], [ 37.38, 11.09 ], [ 37.396, 11.09 ] ] ] } },
{ "type": "Feature", "properties": { "value": 254.0 }, "geometry": { "type": "MultiPolygon", "coordinates": [ [ [ [ 37.38, 10.962 ], [ 37.388, 10.962 ], [ 37.388, 10.97 ], [ 37.38, 10.97 ], [ 37.38, 10.978 ], [ 37.388, 10.978 ], [ 37.388, 10.994 ], [ 37.404, 10.994 ], [ 37.404, 10.962 ], [ 37.396, 10.962 ], [ 37.396, 10.954 ], [ 37.38, 10.954 ], [ 37.38, 10.962 ] ] ], [ [ [ 37.38, 10.946 ], [ 37.372, 10.946 ], [ 37.372, 10.954 ], [ 37.38, 10.954 ], [ 37.38, 10.946 ] ] ] ] } },
{ "type": "Feature", "properties": { "value": 255.0 }, "geometry": { "type": "Polygon", "coordinates": [ [ [ 37.412, 10.962 ], [ 37.412, 10.946 ], [ 37.38, 10.946 ], [ 37.38, 10.954 ], [ 37.396, 10.954 ], [ 37.396, 10.962 ], [ 37.412, 10.962 ] ] ] } },
{ "type": "Feature", "properties": { "value": 256.0 }, "geometry": { "type": "Polygon", "coordinates": [ [ [ 37.396, 11.122 ], [ 37.396, 11.106 ], [ 37.412, 11.106 ], [ 37.412, 11.098 ], [ 37.42, 11.098 ], [ 37.42, 11.09 ], [ 37.428, 11.09 ], [ 37.428, 11.082 ], [ 37.444, 11.082 ], [ 37.444, 11.074 ], [ 37.452, 11.074 ], [ 37.452, 11.066 ], [ 37.468, 11.066 ], [ 37.468, 11.058 ], [ 37.46, 11.058 ], [ 37.46, 11.042 ], [ 37.452, 11.042 ], [ 37.452, 11.026 ], [ 37.46, 11.026 ], [ 37.46, 11.018 ], [ 37.468, 11.018 ], [ 37.468, 11.01 ], [ 37.484, 11.01 ], [ 37.484, 10.994 ], [ 37.5, 10.994 ], [ 37.5, 10.97 ], [ 37.508, 10.97 ], [ 37.508, 10.954 ], [ 37.492, 10.954 ], [ 37.492, 10.946 ], [ 37.412, 10.946 ], [ 37.412, 10.962 ], [ 37.404, 10.962 ], [ 37.404, 10.994 ], [ 37.396, 10.994 ], [ 37.396, 11.01 ], [ 37.388, 11.01 ], [ 37.388, 11.034 ], [ 37.396, 11.034 ], [ 37.396, 11.05 ], [ 37.404, 11.05 ], [ 37.404, 11.074 ], [ 37.396, 11.074 ], [ 37.396, 11.09 ], [ 37.388, 11.09 ], [ 37.388, 11.122 ], [ 37.396, 11.122 ] ] ] } },
{ "type": "Feature", "properties": { "value": 257.0 }, "geometry": { "type": "Polygon", "coordinates": [ [ [ 37.5, 10.954 ], [ 37.5, 10.946 ], [ 37.492, 10.946 ], [ 37.492, 10.954 ], [ 37.5, 10.954 ] ] ] } },
{ "type": "Feature", "properties": { "value": 258.0 }, "geometry": { "type": "Polygon", "coordinates": [ [ [ 37.508, 10.954 ], [ 37.508, 10.946 ], [ 37.5, 10.946 ], [ 37.5, 10.954 ], [ 37.508, 10.954 ] ] ] } },
{ "type": "Feature", "properties": { "value": 259.0 }, "geometry": { "type": "Polygon", "coordinates": [ [ [ 37.516, 10.954 ], [ 37.516, 10.946 ], [ 37.508, 10.946 ], [ 37.508, 10.954 ], [ 37.516, 10.954 ] ] ] } },
{ "type": "Feature", "properties": { "value": 260.0 }, "geometry": { "type": "Polygon", "coordinates": [ [ [ 37.532, 10.954 ], [ 37.532, 10.946 ], [ 37.516, 10.946 ], [ 37.516, 10.954 ], [ 37.532, 10.954 ] ] ] } },
{ "type": "Feature", "properties": { "value": 261.0 }, "geometry": { "type": "Polygon", "coordinates": [ [ [ 37.54, 10.962 ], [ 37.54, 10.954 ], [ 37.548, 10.954 ], [ 37.548, 10.946 ], [ 37.532, 10.946 ], [ 37.532, 10.954 ], [ 37.508, 10.954 ], [ 37.508, 10.962 ], [ 37.54, 10.962 ] ] ] } },
{ "type": "Feature", "properties": { "value": 262.0 }, "geometry": { "type": "Polygon", "coordinates": [ [ [ 37.684, 10.97 ], [ 37.684, 10.946 ], [ 37.636, 10.946 ], [ 37.636, 10.954 ], [ 37.644, 10.954 ], [ 37.644, 10.962 ], [ 37.652, 10.962 ], [ 37.652, 10.97 ], [ 37.684, 10.97 ] ] ] } },
{ "type": "Feature", "properties": { "value": 263.0 }, "geometry": { "type": "Polygon", "coordinates": [ [ [ 37.692, 10.962 ], [ 37.692, 10.954 ], [ 37.7, 10.954 ], [ 37.7, 10.946 ], [ 37.684, 10.946 ], [ 37.684, 10.962 ], [ 37.692, 10.962 ] ] ] } },
{ "type": "Feature", "properties": { "value": 264.0 }, "geometry": { "type": "Polygon", "coordinates": [ [ [ 37.94, 10.962 ], [ 37.94, 10.954 ], [ 37.948, 10.954 ], [ 37.948, 10.946 ], [ 37.924, 10.946 ], [ 37.924, 10.954 ], [ 37.932, 10.954 ], [ 37.932, 10.962 ], [ 37.94, 10.962 ] ] ] } },
{ "type": "Feature", "properties": { "value": 265.0 }, "geometry": { "type": "Polygon", "coordinates": [ [ [ 37.972, 10.954 ], [ 37.972, 10.946 ], [ 37.956, 10.946 ], [ 37.956, 10.954 ], [ 37.972, 10.954 ] ] ] } },
{ "type": "Feature", "properties": { "value": 266.0 }, "geometry": { "type": "Polygon", "coordinates": [ [ [ 37.996, 10.954 ], [ 37.996, 10.946 ], [ 37.988, 10.946 ], [ 37.988, 10.954 ], [ 37.996, 10.954 ] ] ] } },
{ "type": "Feature", "properties": { "value": 267.0 }, "geometry": { "type": "MultiPolygon", "coordinates": [ [ [ [ 38.076, 10.962 ], [ 38.084, 10.962 ], [ 38.084, 10.954 ], [ 38.076, 10.954 ], [ 38.076, 10.962 ] ] ], [ [ [ 38.076, 10.946 ], [ 38.068, 10.946 ], [ 38.068, 10.954 ], [ 38.076, 10.954 ], [ 38.076, 10.946 ] ] ] ] } },
{ "type": "Feature", "properties": { "value": 268.0 }, "geometry": { "type": "Polygon", "coordinates": [ [ [ 38.236, 10.962 ], [ 38.236, 10.946 ], [ 38.22, 10.946 ], [ 38.22, 10.954 ], [ 38.228, 10.954 ], [ 38.228, 10.962 ], [ 38.236, 10.962 ] ] ] } }
]
}
