time,Gabay
1991-01-03T00:00:00,4.2
1991-01-04T00:00:00,4.2
1991-01-05T00:00:00,4.5
1991-01-06T00:00:00,4.2
1991-01-07T00:00:00,4.2
1991-01-08T00:00:00,4.2
1991-01-09T00:00:00,4
1991-01-10T00:00:00,4
1991-01-11T00:00:00,4
1991-01-12T00:00:00,3.8
1991-01-13T00:00:00,3.8
1991-01-14T00:00:00,3.8
1991-01-15T00:00:00,3.6
1991-01-16T00:00:00,3.8
1991-01-17T00:00:00,3.8
1991-01-18T00:00:00,3.8
1991-01-19T00:00:00,3.6
1991-01-20T00:00:00,3.4
1991-01-21T00:00:00,3.4
1991-01-22T00:00:00,3.4
1991-01-23T00:00:00,3.4
1991-01-24T00:00:00,3.3
1991-01-25T00:00:00,3.3
1991-01-26T00:00:00,3.3
1991-01-27T00:00:00,3.3
1991-01-28T00:00:00,3.1
1991-01-29T00:00:00,3.1
1991-01-30T00:00:00,3.1
1991-01-31T00:00:00,3.1
1991-02-01T00:00:00,2.9
1991-02-02T00:00:00,3.1
1991-02-03T00:00:00,2.9
1991-02-04T00:00:00,2.9
1991-02-05T00:00:00,2.7
1991-02-06T00:00:00,2.7
1991-02-07T00:00:00,2.9
1991-02-08T00:00:00,2.7
1991-02-09T00:00:00,2.7
1991-02-10T00:00:00,2.7
1991-02-11T00:00:00,2.6
1991-02-12T00:00:00,2.6
1991-02-13T00:00:00,2.6
1991-02-14T00:00:00,2.6
1991-02-15T00:00:00,2.6
1991-02-16T00:00:00,2.4
1991-02-17T00:00:00,2.4
1991-02-18T00:00:00,2.4
1991-02-19T00:00:00,2.4
1991-02-20T00:00:00,2.3
1991-02-21T00:00:00,2.3
1991-02-22T00:00:00,2.3
1991-02-23T00:00:00,2.3
1991-02-24T00:00:00,2.3
1991-02-25T00:00:00,2.3
1991-02-26T00:00:00,2.1
1991-02-27T00:00:00,2.1
1991-02-28T00:00:00,2.1
1991-03-01T00:00:00,2.1
1991-03-02T00:00:00,2.3
1991-03-03T00:00:00,2.3
1991-03-04T00:00:00,2.3
1991-03-05T00:00:00,2.1
1991-03-06T00:00:00,2.1
1991-03-07T00:00:00,2.1
1991-03-08T00:00:00,2.1
1991-03-09T00:00:00,2
1991-03-10T00:00:00,2.1
1991-03-11T00:00:00,2.1
1991-03-12T00:00:00,2
1991-03-13T00:00:00,2
1991-03-14T00:00:00,2
1991-03-15T00:00:00,2
1991-03-16T00:00:00,1.8
1991-03-17T00:00:00,1.8
1991-03-18T00:00:00,1.8
1991-03-19T00:00:00,1.8
1991-03-20T00:00:00,1.8
1991-03-21T00:00:00,2
1991-03-22T00:00:00,2
1991-03-23T00:00:00,2
1991-03-24T00:00:00,2.3
1991-03-25T00:00:00,2.3
1991-03-26T00:00:00,2.6
1991-03-27T00:00:00,2.1
1991-03-28T00:00:00,2.3
1991-03-29T00:00:00,2.1
1991-03-30T00:00:00,2
1991-03-31T00:00:00,1.8
1991-04-01T00:00:00,1.6
1991-04-02T00:00:00,1.6
1991-04-03T00:00:00,1.6
1991-04-04T00:00:00,1.6
1991-04-05T00:00:00,1.6
1991-04-06T00:00:00,1.6
1991-04-07T00:00:00,2.1
1991-04-08T00:00:00,2.4
1991-04-09T00:00:00,3.1
1991-04-10T00:00:00,3.4
1991-04-11T00:00:00,5.2
1991-04-12T00:00:00,13.8
1991-04-13T00:00:00,5.2
1991-04-14T00:00:00,5.4
1991-04-15T00:00:00,5.7
1991-04-16T00:00:00,5.7
1991-04-17T00:00:00,3.3
1991-04-18T00:00:00,2.9
1991-04-19T00:00:00,6.2
1991-04-20T00:00:00,8.2
1991-04-21T00:00:00,5.7
1991-04-22T00:00:00,6.4
1991-04-23T00:00:00,7.9
1991-04-24T00:00:00,4.7
1991-04-25T00:00:00,3.6
1991-04-26T00:00:00,7.9
1991-04-27T00:00:00,4.2
1991-04-28T00:00:00,2.9
1991-04-29T00:00:00,2.7
1991-04-30T00:00:00,2.7
1991-05-01T00:00:00,2.7
1991-05-02T00:00:00,2.7
1991-05-03T00:00:00,2.7
1991-05-04T00:00:00,2.7
1991-05-05T00:00:00,3.1
1991-05-06T00:00:00,2.7
1991-05-07T00:00:00,3.1
1991-05-08T00:00:00,2.7
1991-05-09T00:00:00,6.2
1991-05-10T00:00:00,4.9
1991-05-11T00:00:00,7.3
1991-05-12T00:00:00,3.1
1991-05-13T00:00:00,8.2
1991-05-14T00:00:00,7.3
1991-05-15T00:00:00,8.5
1991-05-16T00:00:00,9.2
1991-05-17T00:00:00,12.1
1991-05-18T00:00:00,6.2
1991-05-19T00:00:00,4.7
1991-05-20T00:00:00,12.9
1991-05-21T00:00:00,11.3
1991-05-22T00:00:00,14.2
1991-05-23T00:00:00,13.8
1991-05-24T00:00:00,9.9
1991-05-25T00:00:00,12.9
1991-05-26T00:00:00,20.5
1991-05-27T00:00:00,17.4
1991-05-28T00:00:00,9.2
1991-05-29T00:00:00,18.9
1991-05-30T00:00:00,14.2
1991-05-31T00:00:00,9.9
1991-06-01T00:00:00,12.1
1991-06-02T00:00:00,26.3
1991-06-03T00:00:00,22.7
1991-06-04T00:00:00,23.3
1991-06-05T00:00:00,19.5
1991-06-06T00:00:00,15.5
1991-06-07T00:00:00,14.6
1991-06-08T00:00:00,21.6
1991-06-09T00:00:00,16.5
1991-06-10T00:00:00,25.1
1991-06-11T00:00:00,27.6
1991-06-12T00:00:00,33
1991-06-13T00:00:00,35.9
1991-06-14T00:00:00,25.1
1991-06-15T00:00:00,37.5
1991-06-16T00:00:00,36.7
1991-06-17T00:00:00,39
1991-06-18T00:00:00,43.9
1991-06-19T00:00:00,62.7
1991-06-20T00:00:00,67
1991-06-21T00:00:00,78.3
1991-06-22T00:00:00,42.2
1991-06-23T00:00:00,85.6
1991-06-24T00:00:00,83.1
1991-06-25T00:00:00,67
1991-06-26T00:00:00,98.6
1991-06-27T00:00:00,112.7
1991-06-28T00:00:00,102.7
1991-06-29T00:00:00,132.7
1991-06-30T00:00:00,52.8
1991-07-01T00:00:00,210.9
1991-07-02T00:00:00,124.8
1991-07-03T00:00:00,244.1
1991-07-04T00:00:00,106.9
1991-07-05T00:00:00,65.9
1991-07-06T00:00:00,85.6
1991-07-07T00:00:00,221.7
1991-07-08T00:00:00,221.7
1991-07-09T00:00:00,146
1991-07-10T00:00:00,104.1
1991-07-11T00:00:00,151.2
1991-07-12T00:00:00,188.4
1991-07-13T00:00:00,277.7
1991-07-14T00:00:00,275.2
1991-07-15T00:00:00,186.4
1991-07-16T00:00:00,248.8
1991-07-17T00:00:00,303.2
1991-07-18T00:00:00,196.4
1991-07-19T00:00:00,188.4
1991-07-20T00:00:00,272.7
1991-07-21T00:00:00,217.3
1991-07-22T00:00:00,200.5
1991-07-23T00:00:00,186.4
1991-07-24T00:00:00,241.8
1991-07-25T00:00:00,230.5
1991-07-26T00:00:00,174.8
1991-07-27T00:00:00,192.4
1991-07-28T00:00:00,165.5
1991-07-29T00:00:00,239.5
1991-07-30T00:00:00,147.7
1991-07-31T00:00:00,152.9
1991-08-01T00:00:00,151.2
1991-08-02T00:00:00,178.6
1991-08-03T00:00:00,154.7
1991-08-04T00:00:00,136
1991-08-05T00:00:00,171
1991-08-06T00:00:00,248.8
1991-08-07T00:00:00,206.7
1991-08-08T00:00:00,156.4
1991-08-09T00:00:00,163.6
1991-08-10T00:00:00,208.8
1991-08-11T00:00:00,272.7
1991-08-12T00:00:00,324.6
1991-08-13T00:00:00,303.2
1991-08-14T00:00:00,321.9
1991-08-15T00:00:00,204.6
1991-08-16T00:00:00,213.1
1991-08-17T00:00:00,152.9
1991-08-18T00:00:00,153.8
1991-08-19T00:00:00,160
1991-08-20T00:00:00,163.6
1991-08-21T00:00:00,198.5
1991-08-22T00:00:00,263
1991-08-23T00:00:00,258.2
1991-08-24T00:00:00,235
1991-08-25T00:00:00,213.1
1991-08-26T00:00:00,341.3
1991-08-27T00:00:00,244.1
1991-08-28T00:00:00,215.2
1991-08-29T00:00:00,248.8
1991-08-30T00:00:00,241.8
1991-08-31T00:00:00,210.9
1991-09-01T00:00:00,171
1991-09-02T00:00:00,344.1
1991-09-03T00:00:00,163.6
1991-09-04T00:00:00,223.9
1991-09-05T00:00:00,352.6
1991-09-06T00:00:00,258.2
1991-09-07T00:00:00,204.6
1991-09-08T00:00:00,160
1991-09-09T00:00:00,277.7
1991-09-10T00:00:00,230.5
1991-09-11T00:00:00,161.8
1991-09-12T00:00:00,251.1
1991-09-13T00:00:00,172.9
1991-09-14T00:00:00,237.3
1991-09-15T00:00:00,147.7
1991-09-16T00:00:00,131.1
1991-09-17T00:00:00,131.1
1991-09-18T00:00:00,98.6
1991-09-19T00:00:00,104.1
1991-09-20T00:00:00,73.6
1991-09-21T00:00:00,90.6
1991-09-22T00:00:00,81.9
1991-09-23T00:00:00,244.1
1991-09-24T00:00:00,78.3
1991-09-25T00:00:00,98.6
1991-09-26T00:00:00,132.7
1991-09-27T00:00:00,123.2
1991-09-28T00:00:00,90.6
1991-09-29T00:00:00,117.1
1991-09-30T00:00:00,51
1991-10-01T00:00:00,50
1991-10-02T00:00:00,46.5
1991-10-03T00:00:00,43.9
1991-10-04T00:00:00,46.5
1991-10-05T00:00:00,51.9
1991-10-06T00:00:00,69.1
1991-10-07T00:00:00,88.1
1991-10-08T00:00:00,101.3
1991-10-09T00:00:00,43.9
1991-10-10T00:00:00,58.6
1991-10-11T00:00:00,37.5
1991-10-12T00:00:00,80.7
1991-10-13T00:00:00,51.9
1991-10-14T00:00:00,47.4
1991-10-15T00:00:00,40.6
1991-10-16T00:00:00,33
1991-10-17T00:00:00,29.6
1991-10-18T00:00:00,27
1991-10-19T00:00:00,29.6
1991-10-20T00:00:00,30.9
1991-10-21T00:00:00,26.3
1991-10-22T00:00:00,28.2
1991-10-23T00:00:00,28.9
1991-10-24T00:00:00,35.9
1991-10-25T00:00:00,35.9
1991-10-26T00:00:00,31.6
1991-10-27T00:00:00,30.2
1991-10-28T00:00:00,29.6
1991-10-29T00:00:00,28.9
1991-10-30T00:00:00,21.1
1991-10-31T00:00:00,22.2
1991-11-01T00:00:00,28.9
1991-11-02T00:00:00,21.6
1991-11-03T00:00:00,26.3
1991-11-04T00:00:00,23.9
1991-11-05T00:00:00,20
1991-11-06T00:00:00,18.4
1991-11-07T00:00:00,17.4
1991-11-08T00:00:00,17.4
1991-11-09T00:00:00,15.1
1991-11-10T00:00:00,12.5
1991-11-11T00:00:00,11.7
1991-11-12T00:00:00,9.5
1991-11-13T00:00:00,8.9
1991-11-14T00:00:00,8.2
1991-11-15T00:00:00,7.9
1991-11-16T00:00:00,7.6
1991-11-17T00:00:00,7.3
1991-11-18T00:00:00,7
1991-11-19T00:00:00,7
1991-11-20T00:00:00,7
1991-11-21T00:00:00,7
1991-11-22T00:00:00,6.7
1991-11-23T00:00:00,6.4
1991-11-24T00:00:00,6.2
1991-11-25T00:00:00,5.9
1991-11-26T00:00:00,5.7
1991-11-27T00:00:00,5.7
1991-11-28T00:00:00,8.2
1991-11-29T00:00:00,8.2
1991-11-30T00:00:00,8.5
1991-12-01T00:00:00,8.2
1991-12-02T00:00:00,7.9
1991-12-03T00:00:00,7.9
1991-12-04T00:00:00,8.2
1991-12-05T00:00:00,7.9
1991-12-06T00:00:00,7.3
1991-12-07T00:00:00,7.3
1991-12-08T00:00:00,7.3
1991-12-09T00:00:00,8.5
1991-12-10T00:00:00,7.3
1991-12-11T00:00:00,7
1991-12-12T00:00:00,6.7
1991-12-13T00:00:00,6.9
1991-12-14T00:00:00,6.2
1991-12-15T00:00:00,6.2
1991-12-16T00:00:00,5.9
1991-12-17T00:00:00,6.2
1991-12-18T00:00:00,6.2
1991-12-19T00:00:00,5.9
1991-12-20T00:00:00,5.9
1991-12-21T00:00:00,5.7
1991-12-22T00:00:00,5.7
1991-12-23T00:00:00,5.2
1991-12-24T00:00:00,5.4
1991-12-25T00:00:00,5.4
1991-12-26T00:00:00,5.7
1991-12-27T00:00:00,5.2
1991-12-28T00:00:00,5.2
1991-12-29T00:00:00,5.2
1991-12-30T00:00:00,5.2
1991-12-31T00:00:00,4.9
1992-01-01T00:00:00,4.9
1992-01-02T00:00:00,4.7
1992-01-03T00:00:00,4.7
1992-01-04T00:00:00,4.7
1992-01-05T00:00:00,4.7
1992-01-06T00:00:00,4.7
1992-01-07T00:00:00,4.7
1992-01-08T00:00:00,4.7
1992-01-09T00:00:00,4.7
1992-01-10T00:00:00,4.5
1992-01-11T00:00:00,4.7
1992-01-12T00:00:00,4.5
1992-01-13T00:00:00,4.5
1992-01-14T00:00:00,4.2
1992-01-15T00:00:00,4.2
1992-01-16T00:00:00,4.2
1992-01-17T00:00:00,4.2
1992-01-18T00:00:00,4.2
1992-01-19T00:00:00,4.2
1992-01-20T00:00:00,4.2
1992-01-21T00:00:00,3.8
1992-01-22T00:00:00,3.8
1992-01-23T00:00:00,3.8
1992-01-24T00:00:00,3.8
1992-01-25T00:00:00,3.8
1992-01-26T00:00:00,3.8
1992-01-27T00:00:00,3.8
1992-01-28T00:00:00,3.6
1992-01-29T00:00:00,3.6
1992-01-30T00:00:00,3.6
1992-01-31T00:00:00,3.4
1992-02-01T00:00:00,3.4
1992-02-02T00:00:00,3.4
1992-02-03T00:00:00,3.4
1992-02-04T00:00:00,3.4
1992-02-05T00:00:00,3.4
1992-02-06T00:00:00,3.4
1992-02-07T00:00:00,3.4
1992-02-08T00:00:00,3.3
1992-02-09T00:00:00,3.4
1992-02-10T00:00:00,3.3
1992-02-11T00:00:00,3.1
1992-02-12T00:00:00,3.1
1992-02-13T00:00:00,3.1
1992-02-14T00:00:00,3.1
1992-02-15T00:00:00,3.1
1992-02-16T00:00:00,2.9
1992-02-17T00:00:00,2.9
1992-02-18T00:00:00,2.7
1992-02-19T00:00:00,2.7
1992-02-20T00:00:00,2.7
1992-02-21T00:00:00,2.7
1992-02-22T00:00:00,2.7
1992-02-23T00:00:00,2.6
1992-02-24T00:00:00,2.6
1992-02-25T00:00:00,2.6
1992-02-26T00:00:00,2.4
1992-02-27T00:00:00,2.4
1992-02-28T00:00:00,2.4
1992-02-29T00:00:00,2.4
1992-03-01T00:00:00,2.4
1992-03-02T00:00:00,2.4
1992-03-03T00:00:00,2.4
1992-03-04T00:00:00,2.3
1992-03-05T00:00:00,2.3
1992-03-06T00:00:00,2.4
1992-03-07T00:00:00,2.4
1992-03-08T00:00:00,2.3
1992-03-09T00:00:00,2.4
1992-03-10T00:00:00,2.3
1992-03-11T00:00:00,2.3
1992-03-12T00:00:00,2.1
1992-03-13T00:00:00,2.1
1992-03-14T00:00:00,2.1
1992-03-15T00:00:00,2.1
1992-03-16T00:00:00,2.1
1992-03-17T00:00:00,2.1
1992-03-18T00:00:00,2.1
1992-03-19T00:00:00,2.4
1992-03-20T00:00:00,3.1
1992-03-21T00:00:00,2.7
1992-03-22T00:00:00,2.7
1992-03-23T00:00:00,2.6
1992-03-24T00:00:00,2.4
1992-03-25T00:00:00,2.3
1992-03-26T00:00:00,2.1
1992-03-27T00:00:00,2.1
1992-03-28T00:00:00,2.1
1992-03-29T00:00:00,2.1
1992-03-30T00:00:00,2
1992-03-31T00:00:00,2
1992-04-01T00:00:00,1.8
1992-04-02T00:00:00,1.8
1992-04-03T00:00:00,1.8
1992-04-04T00:00:00,1.8
1992-04-05T00:00:00,1.8
1992-04-06T00:00:00,1.8
1992-04-07T00:00:00,1.7
1992-04-08T00:00:00,1.7
1992-04-09T00:00:00,1.6
1992-04-10T00:00:00,1.6
1992-04-11T00:00:00,1.6
1992-04-12T00:00:00,1.6
1992-04-13T00:00:00,1.6
1992-04-14T00:00:00,1.6
1992-04-15T00:00:00,1.6
1992-04-16T00:00:00,1.6
1992-04-17T00:00:00,1.6
1992-04-18T00:00:00,1.6
1992-04-19T00:00:00,1.6
1992-04-20T00:00:00,1.6
1992-04-21T00:00:00,2.1
1992-04-22T00:00:00,4.2
1992-04-23T00:00:00,4.5
1992-04-24T00:00:00,4.7
1992-04-25T00:00:00,4.7
1992-04-26T00:00:00,10.6
1992-04-27T00:00:00,17.9
1992-04-28T00:00:00,7.3
1992-04-29T00:00:00,9.5
1992-04-30T00:00:00,9.9
1992-05-01T00:00:00,6.2
1992-05-02T00:00:00,4.2
1992-05-03T00:00:00,3.4
1992-05-04T00:00:00,3.1
1992-05-05T00:00:00,2.7
1992-05-06T00:00:00,2.7
1992-05-07T00:00:00,2.6
1992-05-08T00:00:00,2.6
1992-05-09T00:00:00,2.9
1992-05-10T00:00:00,2.6
1992-05-11T00:00:00,5.9
1992-05-12T00:00:00,21.1
1992-05-13T00:00:00,43.9
1992-05-14T00:00:00,10.6
1992-05-15T00:00:00,6.7
1992-05-16T00:00:00,5.2
1992-05-17T00:00:00,4.9
1992-05-18T00:00:00,5.2
1992-05-19T00:00:00,5.7
1992-05-20T00:00:00,9.5
1992-05-21T00:00:00,5.4
1992-05-22T00:00:00,12.9
1992-05-23T00:00:00,6.7
1992-05-24T00:00:00,4.7
1992-05-25T00:00:00,6.4
1992-05-26T00:00:00,5.4
1992-05-27T00:00:00,3.4
1992-05-28T00:00:00,3.3
1992-05-29T00:00:00,3.3
1992-05-30T00:00:00,2.9
1992-05-31T00:00:00,2.7
1992-06-01T00:00:00,2.7
1992-06-02T00:00:00,2.7
1992-06-03T00:00:00,3.1
1992-06-04T00:00:00,3.8
1992-06-05T00:00:00,3.8
1992-06-06T00:00:00,3.8
1992-06-07T00:00:00,9.5
1992-06-08T00:00:00,12.9
1992-06-09T00:00:00,30.9
1992-06-10T00:00:00,16.5
1992-06-11T00:00:00,17.4
1992-06-12T00:00:00,10.2
1992-06-13T00:00:00,10.6
1992-06-14T00:00:00,12.9
1992-06-15T00:00:00,10.6
1992-06-16T00:00:00,13.3
1992-06-17T00:00:00,16.9
1992-06-18T00:00:00,52.8
1992-06-19T00:00:00,37.5
1992-06-20T00:00:00,13.3
1992-06-21T00:00:00,15.5
1992-06-22T00:00:00,34.5
1992-06-23T00:00:00,80.7
1992-06-24T00:00:00,72.5
1992-06-25T00:00:00,59.6
1992-06-26T00:00:00,52.8
1992-06-27T00:00:00,47.4
1992-06-28T00:00:00,77.1
1992-06-29T00:00:00,61.7
1992-06-30T00:00:00,71.4
1992-07-01T00:00:00,60.7
1992-07-02T00:00:00,85.6
1992-07-03T00:00:00,147.7
1992-07-04T00:00:00,131.1
1992-07-05T00:00:00,118.6
1992-07-06T00:00:00,118.6
1992-07-07T00:00:00,86.8
1992-07-08T00:00:00,200.5
1992-07-09T00:00:00,200.5
1992-07-10T00:00:00,154.7
1992-07-11T00:00:00,165.5
1992-07-12T00:00:00,134.3
1992-07-13T00:00:00,91.9
1992-07-14T00:00:00,43.9
1992-07-15T00:00:00,31.6
1992-07-16T00:00:00,127.9
1992-07-17T00:00:00,81.9
1992-07-18T00:00:00,81.9
1992-07-19T00:00:00,156.4
1992-07-20T00:00:00,71.4
1992-07-21T00:00:00,62.7
1992-07-22T00:00:00,134.3
1992-07-23T00:00:00,101.3
1992-07-24T00:00:00,104.1
1992-07-25T00:00:00,137.6
1992-07-26T00:00:00,85.6
1992-07-27T00:00:00,134.3
1992-07-28T00:00:00,169.2
1992-07-29T00:00:00,169.2
1992-07-30T00:00:00,165.5
1992-07-31T00:00:00,156.4
1992-08-01T00:00:00,112.7
1992-08-02T00:00:00,151.2
1992-08-03T00:00:00,120.2
1992-08-04T00:00:00,115.6
1992-08-05T00:00:00,169.2
1992-08-06T00:00:00,196.4
1992-08-07T00:00:00,152.9
1992-08-08T00:00:00,147.7
1992-08-09T00:00:00,129.5
1992-08-10T00:00:00,123.2
1992-08-11T00:00:00,158.2
1992-08-12T00:00:00,139.3
1992-08-13T00:00:00,237.3
1992-08-14T00:00:00,160
1992-08-15T00:00:00,147.7
1992-08-16T00:00:00,136
1992-08-17T00:00:00,156.4
1992-08-18T00:00:00,172.9
1992-08-19T00:00:00,178.6
1992-08-20T00:00:00,230.5
1992-08-21T00:00:00,160
1992-08-22T00:00:00,232.7
1992-08-23T00:00:00,144.3
1992-08-24T00:00:00,192.4
1992-08-25T00:00:00,248.8
1992-08-26T00:00:00,208.8
1992-08-27T00:00:00,194.4
1992-08-28T00:00:00,412.6
1992-08-29T00:00:00,265.4
1992-08-30T00:00:00,381.9
1992-08-31T00:00:00,290.3
1992-09-01T00:00:00,308.5
1992-09-02T00:00:00,208.8
1992-09-03T00:00:00,178.6
1992-09-04T00:00:00,147.7
1992-09-05T00:00:00,123.2
1992-09-06T00:00:00,147.7
1992-09-07T00:00:00,244.1
1992-09-08T00:00:00,219.5
1992-09-09T00:00:00,215.2
1992-09-10T00:00:00,165.5
1992-09-11T00:00:00,134.3
1992-09-12T00:00:00,169.2
1992-09-13T00:00:00,137.6
1992-09-14T00:00:00,93.3
1992-09-15T00:00:00,156.4
1992-09-16T00:00:00,158.2
1992-09-17T00:00:00,167.3
1992-09-18T00:00:00,158.2
1992-09-19T00:00:00,217.3
1992-09-20T00:00:00,204.6
1992-09-21T00:00:00,134.3
1992-09-22T00:00:00,131.1
1992-09-23T00:00:00,88.1
1992-09-24T00:00:00,80.7
1992-09-25T00:00:00,78.3
1992-09-26T00:00:00,115.6
1992-09-27T00:00:00,97.2
1992-09-28T00:00:00,132.7
1992-09-29T00:00:00,105.5
1992-09-30T00:00:00,63.8
1992-10-01T00:00:00,79.5
1992-10-02T00:00:00,98.6
1992-10-03T00:00:00,136
1992-10-04T00:00:00,137.6
1992-10-05T00:00:00,86.8
1992-10-06T00:00:00,109.8
1992-10-07T00:00:00,106.9
1992-10-08T00:00:00,120.2
1992-10-09T00:00:00,106.9
1992-10-10T00:00:00,78.3
1992-10-11T00:00:00,81.9
1992-10-12T00:00:00,105.5
1992-10-13T00:00:00,112.7
1992-10-14T00:00:00,112.7
1992-10-15T00:00:00,151.2
1992-10-16T00:00:00,72.5
1992-10-17T00:00:00,84.3
1992-10-18T00:00:00,75.9
1992-10-19T00:00:00,114.2
1992-10-20T00:00:00,97.2
1992-10-21T00:00:00,95.9
1992-10-22T00:00:00,75.9
1992-10-23T00:00:00,58.6
1992-10-24T00:00:00,115.6
1992-10-25T00:00:00,50
1992-10-26T00:00:00,78.3
1992-10-27T00:00:00,78.3
1992-10-28T00:00:00,70.2
1992-10-29T00:00:00,50
1992-10-30T00:00:00,43.9
1992-10-31T00:00:00,39
1992-11-01T00:00:00,38.2
1992-11-02T00:00:00,37.5
1992-11-03T00:00:00,35.2
1992-11-04T00:00:00,35.9
1992-11-05T00:00:00,31.6
1992-11-06T00:00:00,31.6
1992-11-07T00:00:00,36.7
1992-11-08T00:00:00,31.6
1992-11-09T00:00:00,85.6
1992-11-10T00:00:00,31.6
1992-11-11T00:00:00,37.5
1992-11-12T00:00:00,46.5
1992-11-13T00:00:00,44.8
1992-11-14T00:00:00,45.6
1992-11-15T00:00:00,31.6
1992-11-16T00:00:00,27.6
1992-11-17T00:00:00,26.3
1992-11-18T00:00:00,24.5
1992-11-19T00:00:00,22.7
1992-11-20T00:00:00,21.6
1992-11-21T00:00:00,21.1
1992-11-22T00:00:00,21.1
1992-11-23T00:00:00,18.4
1992-11-24T00:00:00,18.4
1992-11-25T00:00:00,18.4
1992-11-26T00:00:00,17.4
1992-11-27T00:00:00,16.5
1992-11-28T00:00:00,16.9
1992-11-29T00:00:00,16.5
1992-11-30T00:00:00,16.5
1992-12-01T00:00:00,15.5
1992-12-02T00:00:00,19.5
1992-12-03T00:00:00,15.5
1992-12-04T00:00:00,14.6
1992-12-05T00:00:00,13.8
1992-12-06T00:00:00,13.8
1992-12-07T00:00:00,12.9
1992-12-08T00:00:00,12.9
1992-12-09T00:00:00,18.9
1992-12-10T00:00:00,12.5
1992-12-11T00:00:00,11
1992-12-12T00:00:00,11.3
1992-12-13T00:00:00,10.6
1992-12-14T00:00:00,10.6
1992-12-15T00:00:00,10.6
1992-12-16T00:00:00,12.9
1992-12-17T00:00:00,12.1
1992-12-18T00:00:00,10.6
1992-12-19T00:00:00,9.5
1992-12-20T00:00:00,9.2
1992-12-21T00:00:00,9.2
1992-12-22T00:00:00,8.9
1992-12-23T00:00:00,8.5
1992-12-24T00:00:00,8.5
1992-12-25T00:00:00,8.2
1992-12-26T00:00:00,7.3
1992-12-27T00:00:00,7.3
1992-12-28T00:00:00,7.3
1992-12-29T00:00:00,7.3
1992-12-30T00:00:00,7.3
1992-12-31T00:00:00,8.5
1993-01-01T00:00:00,7.3
1993-01-02T00:00:00,7.3
1993-01-03T00:00:00,7
1993-01-04T00:00:00,6.7
1993-01-05T00:00:00,6.7
1993-01-06T00:00:00,6.7
1993-01-07T00:00:00,6.4
1993-01-08T00:00:00,6.7
1993-01-09T00:00:00,6.2
1993-01-10T00:00:00,6.2
1993-01-11T00:00:00,5.7
1993-01-12T00:00:00,5.7
1993-01-13T00:00:00,5.9
1993-01-14T00:00:00,5.7
1993-01-15T00:00:00,5.7
1993-01-16T00:00:00,5.4
1993-01-17T00:00:00,5.4
1993-01-18T00:00:00,5.2
1993-01-19T00:00:00,5.2
1993-01-20T00:00:00,5.2
1993-01-21T00:00:00,4.9
1993-01-22T00:00:00,4.9
1993-01-23T00:00:00,4.9
1993-01-24T00:00:00,4.7
1993-01-25T00:00:00,4.7
1993-01-26T00:00:00,4.7
1993-01-27T00:00:00,4.7
1993-01-28T00:00:00,4.7
1993-01-29T00:00:00,4.7
1993-01-30T00:00:00,4.5
1993-01-31T00:00:00,4.5
1993-02-01T00:00:00,4.2
1993-02-02T00:00:00,4.2
1993-02-03T00:00:00,4.2
1993-02-04T00:00:00,4.2
1993-02-05T00:00:00,4.2
1993-02-06T00:00:00,4.2
1993-02-07T00:00:00,4
1993-02-08T00:00:00,3.8
1993-02-09T00:00:00,3.8
1993-02-10T00:00:00,3.8
1993-02-11T00:00:00,3.8
1993-02-12T00:00:00,3.8
1993-02-13T00:00:00,3.8
1993-02-14T00:00:00,3.8
1993-02-15T00:00:00,3.8
1993-02-16T00:00:00,4
1993-02-17T00:00:00,3.8
1993-02-18T00:00:00,3.8
1993-02-19T00:00:00,3.8
1993-02-20T00:00:00,3.6
1993-02-21T00:00:00,3.4
1993-02-22T00:00:00,3.4
1993-02-23T00:00:00,3.4
1993-02-24T00:00:00,3.4
1993-02-25T00:00:00,3.4
1993-02-26T00:00:00,3.4
1993-02-27T00:00:00,3.4
1993-02-28T00:00:00,3.3
1993-03-01T00:00:00,3.1
1993-03-02T00:00:00,3.1
1993-03-03T00:00:00,2.7
1993-03-04T00:00:00,2.7
1993-03-05T00:00:00,2.7
1993-03-06T00:00:00,2.7
1993-03-07T00:00:00,2.7
1993-03-08T00:00:00,2.7
1993-03-09T00:00:00,2.6
1993-03-10T00:00:00,2.6
1993-03-11T00:00:00,2.7
1993-03-12T00:00:00,2.7
1993-03-13T00:00:00,2.6
1993-03-14T00:00:00,2.7
1993-03-15T00:00:00,2.7
1993-03-16T00:00:00,2.7
1993-03-17T00:00:00,3.1
1993-03-18T00:00:00,3.1
1993-03-19T00:00:00,2.7
1993-03-20T00:00:00,2.7
1993-03-21T00:00:00,2.7
1993-03-22T00:00:00,2.7
1993-03-23T00:00:00,2.7
1993-03-24T00:00:00,3.1
1993-03-25T00:00:00,3.1
1993-03-26T00:00:00,4.5
1993-03-27T00:00:00,6.7
1993-03-28T00:00:00,4.7
1993-03-29T00:00:00,5.2
1993-03-30T00:00:00,3.6
1993-03-31T00:00:00,3.4
1993-04-01T00:00:00,3.4
1993-04-02T00:00:00,3.8
1993-04-03T00:00:00,3.8
1993-04-04T00:00:00,4.5
1993-04-05T00:00:00,4.2
1993-04-06T00:00:00,3.1
1993-04-07T00:00:00,2.7
1993-04-08T00:00:00,2.7
1993-04-09T00:00:00,2.7
1993-04-10T00:00:00,4.2
1993-04-11T00:00:00,6.7
1993-04-12T00:00:00,8.9
1993-04-13T00:00:00,9.9
1993-04-14T00:00:00,5.7
1993-04-15T00:00:00,4.2
1993-04-16T00:00:00,3.8
1993-04-17T00:00:00,3.8
1993-04-18T00:00:00,3.4
1993-04-19T00:00:00,7.9
1993-04-20T00:00:00,4.9
1993-04-21T00:00:00,4.2
1993-04-22T00:00:00,3.4
1993-04-23T00:00:00,3.1
1993-04-24T00:00:00,4.2
1993-04-25T00:00:00,7.3
1993-04-26T00:00:00,4.2
1993-04-27T00:00:00,4.2
1993-04-28T00:00:00,9.9
1993-04-29T00:00:00,9.5
1993-04-30T00:00:00,5.2
1993-05-01T00:00:00,4
1993-05-02T00:00:00,3.6
1993-05-03T00:00:00,3.4
1993-05-04T00:00:00,3.1
1993-05-05T00:00:00,2.9
1993-05-06T00:00:00,2.7
1993-05-07T00:00:00,2.7
1993-05-08T00:00:00,2.7
1993-05-09T00:00:00,2.7
1993-05-10T00:00:00,2.7
1993-05-11T00:00:00,2.6
1993-05-12T00:00:00,2.6
1993-05-13T00:00:00,2.6
1993-05-14T00:00:00,2.7
1993-05-15T00:00:00,2.7
1993-05-16T00:00:00,2.6
1993-05-17T00:00:00,2.6
1993-05-18T00:00:00,3.1
1993-05-19T00:00:00,2.4
1993-05-20T00:00:00,2.7
1993-05-21T00:00:00,4.5
1993-05-22T00:00:00,5.2
1993-05-23T00:00:00,7.9
1993-05-24T00:00:00,11.7
1993-05-25T00:00:00,11.7
1993-05-26T00:00:00,25.7
1993-05-27T00:00:00,39
1993-05-28T00:00:00,49.1
1993-05-29T00:00:00,15.5
1993-05-30T00:00:00,19.5
1993-05-31T00:00:00,17.9
1993-06-01T00:00:00,17.4
1993-06-02T00:00:00,23.3
1993-06-03T00:00:00,24.5
1993-06-04T00:00:00,46.5
1993-06-05T00:00:00,44.8
1993-06-06T00:00:00,101.3
1993-06-07T00:00:00,72.5
1993-06-08T00:00:00,85.6
1993-06-09T00:00:00,140.9
1993-06-10T00:00:00,131.1
1993-06-11T00:00:00,111.2
1993-06-12T00:00:00,81.9
1993-06-13T00:00:00,106.9
1993-06-14T00:00:00,77.1
1993-06-15T00:00:00,41.4
1993-06-16T00:00:00,83.1
1993-06-17T00:00:00,80.7
1993-06-18T00:00:00,45.6
1993-06-19T00:00:00,51
1993-06-20T00:00:00,72.5
1993-06-21T00:00:00,58.6
1993-06-22T00:00:00,95.9
1993-06-23T00:00:00,58.6
1993-06-24T00:00:00,56.7
1993-06-25T00:00:00,40.6
1993-06-26T00:00:00,90.6
1993-06-27T00:00:00,101.3
1993-06-28T00:00:00,77.1
1993-06-29T00:00:00,78.3
1993-06-30T00:00:00,56.7
1993-07-01T00:00:00,111.2
1993-07-02T00:00:00,223.9
1993-07-03T00:00:00,180.6
1993-07-04T00:00:00,151.2
1993-07-05T00:00:00,57.6
1993-07-06T00:00:00,8.5
1993-07-07T00:00:00,58.6
1993-07-08T00:00:00,104.1
1993-07-09T00:00:00,115.6
1993-07-10T00:00:00,147.7
1993-07-11T00:00:00,93.3
1993-07-12T00:00:00,152.9
1993-07-13T00:00:00,117.1
1993-07-14T00:00:00,244.1
1993-07-15T00:00:00,235
1993-07-16T00:00:00,235
1993-07-17T00:00:00,270.3
1993-07-18T00:00:00,292.9
1993-07-19T00:00:00,308.5
1993-07-20T00:00:00,330.1
1993-07-21T00:00:00,196.4
1993-07-22T00:00:00,253.5
1993-07-23T00:00:00,255.8
1993-07-24T00:00:00,263
1993-07-25T00:00:00,226.1
1993-07-26T00:00:00,260.6
1993-07-27T00:00:00,292.9
1993-07-28T00:00:00,139.3
1993-07-29T00:00:00,152.9
1993-07-30T00:00:00,152.9
1993-07-31T00:00:00,152.9
1993-08-01T00:00:00,152.9
1993-08-02T00:00:00,152.9
1993-08-03T00:00:00,152.9
1993-08-04T00:00:00,152.9
1993-08-05T00:00:00,152.9
1993-08-06T00:00:00,152.9
1993-08-07T00:00:00,165.5
1993-08-08T00:00:00,174.8
1993-08-09T00:00:00,178.6
1993-08-10T00:00:00,151.2
1993-08-11T00:00:00,151.2
1993-08-12T00:00:00,174.8
1993-08-13T00:00:00,190.4
1993-08-14T00:00:00,165.5
1993-08-15T00:00:00,180.6
1993-08-16T00:00:00,180.6
1993-08-17T00:00:00,174.8
1993-08-18T00:00:00,171
1993-08-19T00:00:00,182.5
1993-08-20T00:00:00,174.8
1993-08-21T00:00:00,176.7
1993-08-22T00:00:00,171
1993-08-23T00:00:00,180.6
1993-08-24T00:00:00,313.8
1993-08-25T00:00:00,188.4
1993-08-26T00:00:00,285.2
1993-08-27T00:00:00,184.4
1993-08-28T00:00:00,161.8
1993-08-29T00:00:00,172.9
1993-08-30T00:00:00,174.8
1993-08-31T00:00:00,180.6
1993-09-01T00:00:00,188.4
1993-09-02T00:00:00,169.2
1993-09-03T00:00:00,174.8
1993-09-04T00:00:00,154.7
1993-09-05T00:00:00,311.2
1993-09-06T00:00:00,381.9
1993-09-07T00:00:00,235
1993-09-08T00:00:00,158.2
1993-09-09T00:00:00,174.8
1993-09-10T00:00:00,171
1993-09-11T00:00:00,165.5
1993-09-12T00:00:00,161.8
1993-09-13T00:00:00,147.7
1993-09-14T00:00:00,149.4
1993-09-15T00:00:00,163.6
1993-09-16T00:00:00,152.9
1993-09-17T00:00:00,147.7
1993-09-18T00:00:00,149.4
1993-09-19T00:00:00,134.3
1993-09-20T00:00:00,98.6
1993-09-21T00:00:00,89.4
1993-09-22T00:00:00,114.2
1993-09-23T00:00:00,98.6
1993-09-24T00:00:00,147.7
1993-09-25T00:00:00,106.9
1993-09-26T00:00:00,105.5
1993-09-27T00:00:00,74.8
1993-09-28T00:00:00,105.5
1993-09-29T00:00:00,123.2
1993-09-30T00:00:00,126.3
1993-10-01T00:00:00,151.2
1993-10-02T00:00:00,180.6
1993-10-03T00:00:00,151.2
1993-10-04T00:00:00,136
1993-10-05T00:00:00,134.3
1993-10-06T00:00:00,137.6
1993-10-07T00:00:00,158.2
1993-10-08T00:00:00,115.6
1993-10-09T00:00:00,156.4
1993-10-10T00:00:00,200.5
1993-10-11T00:00:00,186.4
1993-10-12T00:00:00,144.3
1993-10-13T00:00:00,85.6
1993-10-14T00:00:00,64.8
1993-10-15T00:00:00,55.7
1993-10-16T00:00:00,48.2
1993-10-17T00:00:00,46.5
1993-10-18T00:00:00,43.9
1993-10-19T00:00:00,40.6
1993-10-20T00:00:00,37.5
1993-10-21T00:00:00,34.5
1993-10-22T00:00:00,35.2
1993-10-23T00:00:00,35.9
1993-10-24T00:00:00,58.6
1993-10-25T00:00:00,47.4
1993-10-26T00:00:00,40.6
1993-10-27T00:00:00,39.8
1993-10-28T00:00:00,75.9
1993-10-29T00:00:00,71.4
1993-10-30T00:00:00,101.3
1993-10-31T00:00:00,59.6
1993-11-01T00:00:00,57.6
1993-11-02T00:00:00,40.6
1993-11-03T00:00:00,38.2
1993-11-04T00:00:00,37.5
1993-11-05T00:00:00,32.3
1993-11-06T00:00:00,30.2
1993-11-07T00:00:00,31.6
1993-11-08T00:00:00,35.9
1993-11-09T00:00:00,30.9
1993-11-10T00:00:00,27.6
1993-11-11T00:00:00,25.1
1993-11-12T00:00:00,25.1
1993-11-13T00:00:00,23.9
1993-11-14T00:00:00,22.7
1993-11-15T00:00:00,24.5
1993-11-16T00:00:00,22.2
1993-11-17T00:00:00,19.5
1993-11-18T00:00:00,18.4
1993-11-19T00:00:00,17.9
1993-11-20T00:00:00,16.5
1993-11-21T00:00:00,16.9
1993-11-22T00:00:00,16.5
1993-11-23T00:00:00,15.5
1993-11-24T00:00:00,17.4
1993-11-25T00:00:00,16.5
1993-11-26T00:00:00,14.6
1993-11-27T00:00:00,14.6
1993-11-28T00:00:00,15.1
1993-11-29T00:00:00,15.5
1993-11-30T00:00:00,12.1
1993-12-01T00:00:00,12.1
1993-12-02T00:00:00,11.7
1993-12-03T00:00:00,12.1
1993-12-04T00:00:00,11
1993-12-05T00:00:00,10.6
1993-12-06T00:00:00,9.9
1993-12-07T00:00:00,9.9
1993-12-08T00:00:00,9.5
1993-12-09T00:00:00,9.2
1993-12-10T00:00:00,8.5
1993-12-11T00:00:00,9.2
1993-12-12T00:00:00,8.5
1993-12-13T00:00:00,7.9
1993-12-14T00:00:00,8.2
1993-12-15T00:00:00,7.9
1993-12-16T00:00:00,7.9
1993-12-17T00:00:00,7.9
1993-12-18T00:00:00,7.9
1993-12-19T00:00:00,8.2
1993-12-20T00:00:00,7.9
1993-12-21T00:00:00,7.9
1993-12-22T00:00:00,7.3
1993-12-23T00:00:00,7.3
1993-12-24T00:00:00,6.7
1993-12-25T00:00:00,6.7
1993-12-26T00:00:00,6.7
1993-12-27T00:00:00,6.4
1993-12-28T00:00:00,6.4
1993-12-29T00:00:00,6.4
1993-12-30T00:00:00,6.4
1993-12-31T00:00:00,5.9
1994-01-01T00:00:00,5.7
1994-01-02T00:00:00,5.7
1994-01-03T00:00:00,5.7
1994-01-04T00:00:00,5.7
1994-01-05T00:00:00,5.4
1994-01-06T00:00:00,5.4
1994-01-07T00:00:00,5.2
1994-01-08T00:00:00,5.2
1994-01-09T00:00:00,5.2
1994-01-10T00:00:00,5.2
1994-01-11T00:00:00,5.4
1994-01-12T00:00:00,5.2
1994-01-13T00:00:00,5.2
1994-01-14T00:00:00,5.2
1994-01-15T00:00:00,5.2
1994-01-16T00:00:00,4.9
1994-01-17T00:00:00,4.7
1994-01-18T00:00:00,4.7
1994-01-19T00:00:00,4.7
1994-01-20T00:00:00,4.7
1994-01-21T00:00:00,4.7
1994-01-22T00:00:00,4.7
1994-01-23T00:00:00,4.5
1994-01-24T00:00:00,4.2
1994-01-25T00:00:00,4.2
1994-01-26T00:00:00,4.2
1994-01-27T00:00:00,4.2
1994-01-28T00:00:00,4.2
1994-01-29T00:00:00,4
1994-01-30T00:00:00,4
1994-01-31T00:00:00,3.8
1994-02-01T00:00:00,3.8
1994-02-02T00:00:00,3.8
1994-02-03T00:00:00,3.8
1994-02-04T00:00:00,3.8
1994-02-05T00:00:00,3.6
1994-02-06T00:00:00,3.6
1994-02-07T00:00:00,3.4
1994-02-08T00:00:00,3.4
1994-02-09T00:00:00,3.4
1994-02-10T00:00:00,3.4
1994-02-11T00:00:00,3.4
1994-02-12T00:00:00,3.4
1994-02-13T00:00:00,3.4
1994-02-14T00:00:00,3.3
1994-02-15T00:00:00,3.3
1994-02-16T00:00:00,3.3
1994-02-17T00:00:00,3.1
1994-02-18T00:00:00,3.1
1994-02-19T00:00:00,3.1
1994-02-20T00:00:00,3.1
1994-02-21T00:00:00,3.1
1994-02-22T00:00:00,3.1
1994-02-23T00:00:00,3.1
1994-02-24T00:00:00,3.1
1994-02-25T00:00:00,2.9
1994-02-26T00:00:00,3.1
1994-02-27T00:00:00,3.4
1994-02-28T00:00:00,4
1994-03-01T00:00:00,3.8
1994-03-02T00:00:00,3.4
1994-03-03T00:00:00,3.1
1994-03-04T00:00:00,3.1
1994-03-05T00:00:00,3.1
1994-03-06T00:00:00,2.7
1994-03-07T00:00:00,2.7
1994-03-08T00:00:00,2.7
1994-03-09T00:00:00,2.7
1994-03-10T00:00:00,2.7
1994-03-11T00:00:00,2.7
1994-03-12T00:00:00,2.4
1994-03-13T00:00:00,2.4
1994-03-14T00:00:00,2.3
1994-03-15T00:00:00,2.3
1994-03-16T00:00:00,2.3
1994-03-17T00:00:00,2.3
1994-03-18T00:00:00,2.3
1994-03-19T00:00:00,2.3
1994-03-20T00:00:00,2.4
1994-03-21T00:00:00,2.4
1994-03-22T00:00:00,2.4
1994-03-23T00:00:00,2.4
1994-03-24T00:00:00,2.3
1994-03-25T00:00:00,2.1
1994-03-26T00:00:00,2.1
1994-03-27T00:00:00,2.1
1994-03-28T00:00:00,2
1994-03-29T00:00:00,2
1994-03-30T00:00:00,2
1994-03-31T00:00:00,2
1994-04-01T00:00:00,2
1994-04-02T00:00:00,2
1994-04-03T00:00:00,2
1994-04-04T00:00:00,2.1
1994-04-05T00:00:00,2.1
1994-04-06T00:00:00,2.1
1994-04-07T00:00:00,2
1994-04-08T00:00:00,2
1994-04-09T00:00:00,2
1994-04-10T00:00:00,2
1994-04-11T00:00:00,2
1994-04-12T00:00:00,2
1994-04-13T00:00:00,2
1994-04-14T00:00:00,2
1994-04-15T00:00:00,2
1994-04-16T00:00:00,2
1994-04-17T00:00:00,2.3
1994-04-18T00:00:00,2.7
1994-04-19T00:00:00,2.7
1994-04-20T00:00:00,2.7
1994-04-21T00:00:00,2.7
1994-04-22T00:00:00,2.6
1994-04-23T00:00:00,2.1
1994-04-24T00:00:00,1.8
1994-04-25T00:00:00,1.7
1994-04-26T00:00:00,1.7
1994-04-27T00:00:00,1.8
1994-04-28T00:00:00,1.8
1994-04-29T00:00:00,1.8
1994-04-30T00:00:00,2.1
1994-05-01T00:00:00,2.4
1994-05-02T00:00:00,4.5
1994-05-03T00:00:00,7.9
1994-05-04T00:00:00,9.9
1994-05-05T00:00:00,9.9
1994-05-06T00:00:00,6.7
1994-05-07T00:00:00,8.2
1994-05-08T00:00:00,7.9
1994-05-09T00:00:00,15.1
1994-05-10T00:00:00,12.1
1994-05-11T00:00:00,11.3
1994-05-12T00:00:00,39
1994-05-13T00:00:00,11.3
1994-05-14T00:00:00,11.7
1994-05-15T00:00:00,5.2
1994-05-16T00:00:00,4.2
1994-05-17T00:00:00,4.2
1994-05-18T00:00:00,4.5
1994-05-19T00:00:00,4.2
1994-05-20T00:00:00,3.8
1994-05-21T00:00:00,3.8
1994-05-22T00:00:00,3.4
1994-05-23T00:00:00,3.1
1994-05-24T00:00:00,3.1
1994-05-25T00:00:00,3.1
1994-05-26T00:00:00,3.1
1994-05-27T00:00:00,3.1
1994-05-28T00:00:00,2.9
1994-05-29T00:00:00,3.4
1994-05-30T00:00:00,4
1994-05-31T00:00:00,3.8
1994-06-01T00:00:00,3.8
1994-06-02T00:00:00,7
1994-06-03T00:00:00,6.7
1994-06-04T00:00:00,7.3
1994-06-05T00:00:00,12.9
1994-06-06T00:00:00,47.4
1994-06-07T00:00:00,37.5
1994-06-08T00:00:00,28.9
1994-06-09T00:00:00,31.6
1994-06-10T00:00:00,46.5
1994-06-11T00:00:00,39.8
1994-06-12T00:00:00,23.9
1994-06-13T00:00:00,28.9
1994-06-14T00:00:00,42.2
1994-06-15T00:00:00,39
1994-06-16T00:00:00,42.2
1994-06-17T00:00:00,33.7
1994-06-18T00:00:00,31.6
1994-06-19T00:00:00,30.9
1994-06-20T00:00:00,27.6
1994-06-21T00:00:00,36.7
1994-06-22T00:00:00,64.8
1994-06-23T00:00:00,63.8
1994-06-24T00:00:00,89.4
1994-06-25T00:00:00,71.4
1994-06-26T00:00:00,140.9
1994-06-27T00:00:00,147.7
1994-06-28T00:00:00,167.3
1994-06-29T00:00:00,161.8
1994-06-30T00:00:00,192.4
1994-07-01T00:00:00,144.3
1994-07-02T00:00:00,84.3
1994-07-03T00:00:00,123.2
1994-07-04T00:00:00,198.5
1994-07-05T00:00:00,174.8
1994-07-06T00:00:00,174.8
1994-07-07T00:00:00,186.4
1994-07-08T00:00:00,228.3
1994-07-09T00:00:00,167.3
1994-07-10T00:00:00,176.7
1994-07-11T00:00:00,178.6
1994-07-12T00:00:00,127.9
1994-07-13T00:00:00,132.7
1994-07-14T00:00:00,117.1
1994-07-15T00:00:00,124.8
1994-07-16T00:00:00,118.6
1994-07-17T00:00:00,136
1994-07-18T00:00:00,137.6
1994-07-19T00:00:00,101.3
1994-07-20T00:00:00,91.9
1994-07-21T00:00:00,132.7
1994-07-22T00:00:00,136
1994-07-23T00:00:00,149.4
1994-07-24T00:00:00,147.7
1994-07-25T00:00:00,151.2
1994-07-26T00:00:00,132.7
1994-07-27T00:00:00,156.4
1994-07-28T00:00:00,161.8
1994-07-29T00:00:00,152.9
1994-07-30T00:00:00,147.7
1994-07-31T00:00:00,192.4
1994-08-01T00:00:00,134.3
1994-08-02T00:00:00,137.6
1994-08-03T00:00:00,165.5
1994-08-04T00:00:00,124.8
1994-08-05T00:00:00,139.3
1994-08-06T00:00:00,169.2
1994-08-07T00:00:00,156.4
1994-08-08T00:00:00,134.3
1994-08-09T00:00:00,161.8
1994-08-10T00:00:00,147.7
1994-08-11T00:00:00,176.7
1994-08-12T00:00:00,308.5
1994-08-13T00:00:00,277.7
1994-08-14T00:00:00,198.5
1994-08-15T00:00:00,280.2
1994-08-16T00:00:00,196.4
1994-08-17T00:00:00,163.6
1994-08-18T00:00:00,169.2
1994-08-19T00:00:00,174.8
1994-08-20T00:00:00,188.4
1994-08-21T00:00:00,156.4
1994-08-22T00:00:00,151.2
1994-08-23T00:00:00,192.4
1994-08-24T00:00:00,147.7
1994-08-25T00:00:00,198.5
1994-08-26T00:00:00,165.5
1994-08-27T00:00:00,202.6
1994-08-28T00:00:00,208.8
1994-08-29T00:00:00,123.2
1994-08-30T00:00:00,144.3
1994-08-31T00:00:00,114.2
1994-09-01T00:00:00,230.5
1994-09-02T00:00:00,146.5
1994-09-03T00:00:00,180.6
1994-09-04T00:00:00,184.4
1994-09-05T00:00:00,161.8
1994-09-06T00:00:00,263
1994-09-07T00:00:00,213.1
1994-09-08T00:00:00,184.4
1994-09-09T00:00:00,206.7
1994-09-10T00:00:00,147.7
1994-09-11T00:00:00,147.7
1994-09-12T00:00:00,151.2
1994-09-13T00:00:00,137.6
1994-09-14T00:00:00,104.1
1994-09-15T00:00:00,88.1
1994-09-16T00:00:00,91.9
1994-09-17T00:00:00,83.1
1994-09-18T00:00:00,94.6
1994-09-19T00:00:00,95.9
1994-09-20T00:00:00,70.2
1994-09-21T00:00:00,60.7
1994-09-22T00:00:00,98.6
1994-09-23T00:00:00,101.3
1994-09-24T00:00:00,109.8
1994-09-25T00:00:00,86.8
1994-09-26T00:00:00,83.1
1994-09-27T00:00:00,67
1994-09-28T00:00:00,52.8
1994-09-29T00:00:00,52.8
1994-09-30T00:00:00,47.4
1994-10-01T00:00:00,46.5
1994-10-02T00:00:00,44.8
1994-10-03T00:00:00,38.2
1994-10-04T00:00:00,35.9
1994-10-05T00:00:00,33
1994-10-06T00:00:00,35.2
1994-10-07T00:00:00,31.6
1994-10-08T00:00:00,30.2
1994-10-09T00:00:00,29.6
1994-10-10T00:00:00,28.9
1994-10-11T00:00:00,29.6
1994-10-12T00:00:00,30.2
1994-10-13T00:00:00,27.6
1994-10-14T00:00:00,24.5
1994-10-15T00:00:00,22.7
1994-10-16T00:00:00,20.5
1994-10-17T00:00:00,20.5
1994-10-18T00:00:00,19.5
1994-10-19T00:00:00,20.5
1994-10-20T00:00:00,18.4
1994-10-21T00:00:00,21.6
1994-10-22T00:00:00,17.9
1994-10-23T00:00:00,16.9
1994-10-24T00:00:00,16
1994-10-25T00:00:00,15.5
1994-10-26T00:00:00,15.1
1994-10-27T00:00:00,14.6
1994-10-28T00:00:00,14.2
1994-10-29T00:00:00,12.9
1994-10-30T00:00:00,12.1
1994-10-31T00:00:00,12.9
1994-11-01T00:00:00,13.3
1994-11-02T00:00:00,17.4
1994-11-03T00:00:00,18.9
1994-11-04T00:00:00,16.5
1994-11-05T00:00:00,13.8
1994-11-06T00:00:00,11.3
1994-11-07T00:00:00,10.6
1994-11-08T00:00:00,10.2
1994-11-09T00:00:00,9.9
1994-11-10T00:00:00,9.9
1994-11-11T00:00:00,9.9
1994-11-12T00:00:00,9.9
1994-11-13T00:00:00,9.9
1994-11-14T00:00:00,9.9
1994-11-15T00:00:00,9.9
1994-11-16T00:00:00,9.5
1994-11-17T00:00:00,8.2
1994-11-18T00:00:00,12.5
1994-11-19T00:00:00,9.9
1994-11-20T00:00:00,9.2
1994-11-21T00:00:00,8.9
1994-11-22T00:00:00,8.5
1994-11-23T00:00:00,8.2
1994-11-24T00:00:00,9.2
1994-11-25T00:00:00,9.9
1994-11-26T00:00:00,9.9
1994-11-27T00:00:00,8.5
1994-11-28T00:00:00,8.2
1994-11-29T00:00:00,8.9
1994-11-30T00:00:00,8.5
1994-12-01T00:00:00,8.2
1994-12-02T00:00:00,7.9
1994-12-03T00:00:00,7.9
1994-12-04T00:00:00,7.6
1994-12-05T00:00:00,7.9
1994-12-06T00:00:00,8.5
1994-12-07T00:00:00,7.9
1994-12-08T00:00:00,7.3
1994-12-09T00:00:00,7.3
1994-12-10T00:00:00,11.3
1994-12-11T00:00:00,11.7
1994-12-12T00:00:00,7.9
1994-12-13T00:00:00,7.3
1994-12-14T00:00:00,6.2
1994-12-15T00:00:00,5.7
1994-12-16T00:00:00,5.4
1994-12-17T00:00:00,6.2
1994-12-18T00:00:00,6.2
1994-12-19T00:00:00,5.7
1994-12-20T00:00:00,5.7
1994-12-21T00:00:00,5.4
1994-12-22T00:00:00,5.2
1994-12-23T00:00:00,5.2
1994-12-24T00:00:00,4.9
1994-12-25T00:00:00,4.7
1994-12-26T00:00:00,4.7
1994-12-27T00:00:00,4.7
1994-12-28T00:00:00,4.2
1994-12-29T00:00:00,4.2
1994-12-30T00:00:00,4.2
1994-12-31T00:00:00,4.2
1995-01-01T00:00:00,4.2
1995-01-02T00:00:00,4
1995-01-03T00:00:00,3.8
1995-01-04T00:00:00,3.8
1995-01-05T00:00:00,3.8
1995-01-06T00:00:00,3.8
1995-01-07T00:00:00,3.8
1995-01-08T00:00:00,3.8
1995-01-09T00:00:00,3.8
1995-01-10T00:00:00,3.8
1995-01-11T00:00:00,3.8
1995-01-12T00:00:00,3.6
1995-01-13T00:00:00,3.6
1995-01-14T00:00:00,3.6
1995-01-15T00:00:00,3.6
1995-01-16T00:00:00,3.6
1995-01-17T00:00:00,3.6
1995-01-18T00:00:00,3.6
1995-01-19T00:00:00,3.6
1995-01-20T00:00:00,3.6
1995-01-21T00:00:00,3.6
1995-01-22T00:00:00,3.6
1995-01-23T00:00:00,3.3
1995-01-24T00:00:00,3.3
1995-01-25T00:00:00,3.3
1995-01-26T00:00:00,3.3
1995-01-27T00:00:00,3.3
1995-01-28T00:00:00,3.3
1995-01-29T00:00:00,3.3
1995-01-30T00:00:00,3.1
1995-01-31T00:00:00,3.1
1995-02-01T00:00:00,3.1
1995-02-02T00:00:00,3.1
1995-02-03T00:00:00,2.9
1995-02-04T00:00:00,2.9
1995-02-05T00:00:00,2.7
1995-02-06T00:00:00,2.7
1995-02-07T00:00:00,2.7
1995-02-08T00:00:00,2.7
1995-02-09T00:00:00,2.7
1995-02-10T00:00:00,2.7
1995-02-11T00:00:00,2.7
1995-02-12T00:00:00,2.7
1995-02-13T00:00:00,2.7
1995-02-14T00:00:00,2.7
1995-02-15T00:00:00,2.6
1995-02-16T00:00:00,2.4
1995-02-17T00:00:00,2.4
1995-02-18T00:00:00,2.4
1995-02-19T00:00:00,2.4
1995-02-20T00:00:00,2.4
1995-02-21T00:00:00,2.3
1995-02-22T00:00:00,2.3
1995-02-23T00:00:00,2.3
1995-02-24T00:00:00,2.3
1995-02-25T00:00:00,2.1
1995-02-26T00:00:00,2.1
1995-02-27T00:00:00,2.1
1995-02-28T00:00:00,2.1
1995-03-01T00:00:00,2.1
1995-03-02T00:00:00,2.1
1995-03-03T00:00:00,2.1
1995-03-04T00:00:00,2.1
1995-03-05T00:00:00,1.8
1995-03-06T00:00:00,1.8
1995-03-07T00:00:00,1.8
1995-03-08T00:00:00,1.8
1995-03-09T00:00:00,1.8
1995-03-10T00:00:00,1.8
1995-03-11T00:00:00,1.8
1995-03-12T00:00:00,1.8
1995-03-13T00:00:00,1.7
1995-03-14T00:00:00,1.7
1995-03-15T00:00:00,1.7
1995-03-16T00:00:00,1.7
1995-03-17T00:00:00,1.7
1995-03-18T00:00:00,1.6
1995-03-19T00:00:00,1.6
1995-03-20T00:00:00,1.6
1995-03-21T00:00:00,1.6
1995-03-22T00:00:00,1.6
1995-03-23T00:00:00,1.8
1995-03-24T00:00:00,1.7
1995-03-25T00:00:00,1.7
1995-03-26T00:00:00,2.1
1995-03-27T00:00:00,2.9
1995-03-28T00:00:00,2.7
1995-03-29T00:00:00,2.3
1995-03-30T00:00:00,2
1995-03-31T00:00:00,1.7
1995-04-01T00:00:00,1.6
1995-04-02T00:00:00,1.7
1995-04-03T00:00:00,1.8
1995-04-04T00:00:00,1.8
1995-04-05T00:00:00,1.8
1995-04-06T00:00:00,1.8
1995-04-07T00:00:00,1.7
1995-04-08T00:00:00,1.7
1995-04-09T00:00:00,1.6
1995-04-10T00:00:00,1.5
1995-04-11T00:00:00,1.5
1995-04-12T00:00:00,1.5
1995-04-13T00:00:00,1.5
1995-04-14T00:00:00,1.4
1995-04-15T00:00:00,1.4
1995-04-16T00:00:00,1.3
1995-04-17T00:00:00,1.3
1995-04-18T00:00:00,1.3
1995-04-19T00:00:00,1.3
1995-04-20T00:00:00,1.3
1995-04-21T00:00:00,1.6
1995-04-22T00:00:00,1.6
1995-04-23T00:00:00,3.4
1995-04-24T00:00:00,4
1995-04-25T00:00:00,4
1995-04-26T00:00:00,3.4
1995-04-27T00:00:00,3.1
1995-04-28T00:00:00,2.4
1995-04-29T00:00:00,2.1
1995-04-30T00:00:00,1.8
1995-05-01T00:00:00,1.8
1995-05-02T00:00:00,1.6
1995-05-03T00:00:00,2.6
1995-05-04T00:00:00,2.4
1995-05-05T00:00:00,2.4
1995-05-06T00:00:00,3.6
1995-05-07T00:00:00,8.9
1995-05-08T00:00:00,6.4
1995-05-09T00:00:00,4
1995-05-10T00:00:00,3.6
1995-05-11T00:00:00,10.2
1995-05-12T00:00:00,16.5
1995-05-13T00:00:00,5.7
1995-05-14T00:00:00,3.3
1995-05-15T00:00:00,2.7
1995-05-16T00:00:00,2.6
1995-05-17T00:00:00,2.4
1995-05-18T00:00:00,2.1
1995-05-19T00:00:00,2.1
1995-05-20T00:00:00,2
1995-05-21T00:00:00,2
1995-05-22T00:00:00,2
1995-05-23T00:00:00,2
1995-05-24T00:00:00,2.1
1995-05-25T00:00:00,2.1
1995-05-26T00:00:00,34.5
1995-05-27T00:00:00,4.9
1995-05-28T00:00:00,12.5
1995-05-29T00:00:00,63.8
1995-05-30T00:00:00,67
1995-05-31T00:00:00,24.5
1995-06-01T00:00:00,40.6
1995-06-02T00:00:00,51
1995-06-03T00:00:00,33
1995-06-04T00:00:00,48.2
1995-06-05T00:00:00,93.3
1995-06-06T00:00:00,86.8
1995-06-07T00:00:00,71.4
1995-06-08T00:00:00,131.1
1995-06-09T00:00:00,19.5
1995-06-10T00:00:00,21.6
1995-06-11T00:00:00,9.2
1995-06-12T00:00:00,75.9
1995-06-13T00:00:00,16
1995-06-14T00:00:00,58.6
1995-06-15T00:00:00,30.2
1995-06-16T00:00:00,38.2
1995-06-17T00:00:00,25.1
1995-06-18T00:00:00,27.6
1995-06-19T00:00:00,28.9
1995-06-20T00:00:00,31.6
1995-06-21T00:00:00,52.8
1995-06-22T00:00:00,30.9
1995-06-23T00:00:00,61.7
1995-06-24T00:00:00,35.9
1995-06-25T00:00:00,36.7
1995-06-26T00:00:00,34.5
1995-06-27T00:00:00,21.6
1995-06-28T00:00:00,36.7
1995-06-29T00:00:00,61.7
1995-06-30T00:00:00,49.1
1995-07-01T00:00:00,37.5
1995-07-02T00:00:00,49.1
1995-07-03T00:00:00,137.6
1995-07-04T00:00:00,64.8
1995-07-05T00:00:00,64.8
1995-07-06T00:00:00,33
1995-07-07T00:00:00,49.1
1995-07-08T00:00:00,59.6
1995-07-09T00:00:00,35.9
1995-07-10T00:00:00,56.7
1995-07-11T00:00:00,111.2
1995-07-12T00:00:00,112.7
1995-07-13T00:00:00,71.4
1995-07-14T00:00:00,54.7
1995-07-15T00:00:00,118.6
1995-07-16T00:00:00,89.4
1995-07-17T00:00:00,95.9
1995-07-18T00:00:00,80.7
1995-07-19T00:00:00,72.5
1995-07-20T00:00:00,114.2
1995-07-21T00:00:00,93.3
1995-07-22T00:00:00,91.9
1995-07-23T00:00:00,88.1
1995-07-24T00:00:00,88.1
1995-07-25T00:00:00,114.2
1995-07-26T00:00:00,104.1
1995-07-27T00:00:00,137.6
1995-07-28T00:00:00,99.9
1995-07-29T00:00:00,115.6
1995-07-30T00:00:00,142.6
1995-07-31T00:00:00,136
1995-08-01T00:00:00,188.4
1995-08-02T00:00:00,144.3
1995-08-03T00:00:00,152.9
1995-08-04T00:00:00,158.2
1995-08-05T00:00:00,120.2
1995-08-06T00:00:00,94.6
1995-08-07T00:00:00,180.6
1995-08-08T00:00:00,176.7
1995-08-09T00:00:00,117.1
1995-08-10T00:00:00,285.2
1995-08-11T00:00:00,158.2
1995-08-12T00:00:00,136
1995-08-13T00:00:00,194.4
1995-08-14T00:00:00,324.6
1995-08-15T00:00:00,83.1
1995-08-16T00:00:00,464.7
1995-08-17T00:00:00,384.9
1995-08-18T00:00:00,428.5
1995-08-19T00:00:00,188.4
1995-08-20T00:00:00,200.5
1995-08-21T00:00:00,215.2
1995-08-22T00:00:00,217.3
1995-08-23T00:00:00,154.7
1995-08-24T00:00:00,152.9
1995-08-25T00:00:00,144.3
1995-08-26T00:00:00,180.6
1995-08-27T00:00:00,208.8
1995-08-28T00:00:00,180.6
1995-08-29T00:00:00,210.9
1995-08-30T00:00:00,156.4
1995-08-31T00:00:00,182.5
1995-09-01T00:00:00,171
1995-09-02T00:00:00,137.6
1995-09-03T00:00:00,163.6
1995-09-04T00:00:00,132.7
1995-09-05T00:00:00,124.8
1995-09-06T00:00:00,112.7
1995-09-07T00:00:00,86.8
1995-09-08T00:00:00,188.4
1995-09-09T00:00:00,163.6
1995-09-10T00:00:00,131.1
1995-09-11T00:00:00,146
1995-09-12T00:00:00,134.3
1995-09-13T00:00:00,134.3
1995-09-14T00:00:00,290.3
1995-09-15T00:00:00,144.3
1995-09-16T00:00:00,97.2
1995-09-17T00:00:00,171
1995-09-18T00:00:00,176.7
1995-09-19T00:00:00,151.2
1995-09-20T00:00:00,117.1
1995-09-21T00:00:00,75.9
1995-09-22T00:00:00,142.6
1995-09-23T00:00:00,176.7
1995-09-24T00:00:00,186.4
1995-09-25T00:00:00,131.1
1995-09-26T00:00:00,91.9
1995-09-27T00:00:00,88.1
1995-09-28T00:00:00,75.9
1995-09-29T00:00:00,51.9
1995-09-30T00:00:00,65.9
1995-10-01T00:00:00,62.7
1995-10-02T00:00:00,44.8
1995-10-03T00:00:00,51
1995-10-04T00:00:00,36.7
1995-10-05T00:00:00,34.5
1995-10-06T00:00:00,30.9
1995-10-07T00:00:00,45.6
1995-10-08T00:00:00,28.9
1995-10-09T00:00:00,26.3
1995-10-10T00:00:00,23.9
1995-10-11T00:00:00,23.3
1995-10-12T00:00:00,22.2
1995-10-13T00:00:00,20.5
1995-10-14T00:00:00,20.5
1995-10-15T00:00:00,21.1
1995-10-16T00:00:00,20.5
1995-10-17T00:00:00,33
1995-10-18T00:00:00,37.5
1995-10-19T00:00:00,33.7
1995-10-20T00:00:00,21.6
1995-10-21T00:00:00,19.5
1995-10-22T00:00:00,19.5
1995-10-23T00:00:00,18.4
1995-10-24T00:00:00,17.4
1995-10-25T00:00:00,28.2
1995-10-26T00:00:00,20.5
1995-10-27T00:00:00,16.5
1995-10-28T00:00:00,15.5
1995-10-29T00:00:00,14.6
1995-10-30T00:00:00,14.6
1995-10-31T00:00:00,13.8
1995-11-01T00:00:00,13.3
1995-11-02T00:00:00,13.3
1995-11-03T00:00:00,16.9
1995-11-04T00:00:00,21.6
1995-11-05T00:00:00,14.6
1995-11-06T00:00:00,12.9
1995-11-07T00:00:00,12.9
1995-11-08T00:00:00,12.1
1995-11-09T00:00:00,11.7
1995-11-10T00:00:00,11.3
1995-11-11T00:00:00,10.6
1995-11-12T00:00:00,10.6
1995-11-13T00:00:00,10.2
1995-11-14T00:00:00,9.9
1995-11-15T00:00:00,9.9
1995-11-16T00:00:00,9.9
1995-11-17T00:00:00,9.2
1995-11-18T00:00:00,9.2
1995-11-19T00:00:00,8.5
1995-11-20T00:00:00,8.5
1995-11-21T00:00:00,8.5
1995-11-22T00:00:00,8.2
1995-11-23T00:00:00,7.9
1995-11-24T00:00:00,8.2
1995-11-25T00:00:00,7.9
1995-11-26T00:00:00,7.6
1995-11-27T00:00:00,7.3
1995-11-28T00:00:00,7.3
1995-11-29T00:00:00,7
1995-11-30T00:00:00,6.7
1995-12-01T00:00:00,6.2
1995-12-02T00:00:00,6.2
1995-12-03T00:00:00,6.2
1995-12-04T00:00:00,6.2
1995-12-05T00:00:00,5.9
1995-12-06T00:00:00,5.7
1995-12-07T00:00:00,5.7
1995-12-08T00:00:00,5.4
1995-12-09T00:00:00,5.4
1995-12-10T00:00:00,5.2
1995-12-11T00:00:00,5.2
1995-12-12T00:00:00,5.2
1995-12-13T00:00:00,5.2
1995-12-14T00:00:00,6.7
1995-12-15T00:00:00,5.9
1995-12-16T00:00:00,5.7
1995-12-17T00:00:00,5.9
1995-12-18T00:00:00,5.9
1995-12-19T00:00:00,6.2
1995-12-20T00:00:00,5.7
1995-12-21T00:00:00,5.7
1995-12-22T00:00:00,5.7
1995-12-23T00:00:00,5.7
1995-12-24T00:00:00,5.7
1995-12-25T00:00:00,7
1995-12-26T00:00:00,6.2
1995-12-27T00:00:00,5.2
1995-12-28T00:00:00,5.2
1995-12-29T00:00:00,5.2
1995-12-30T00:00:00,4.9
1995-12-31T00:00:00,4.9
1996-01-01T00:00:00,4.7
1996-01-02T00:00:00,4.7
1996-01-03T00:00:00,4.5
1996-01-04T00:00:00,4.5
1996-01-05T00:00:00,4.2
1996-01-06T00:00:00,4
1996-01-07T00:00:00,3.8
1996-01-08T00:00:00,3.8
1996-01-09T00:00:00,3.8
1996-01-10T00:00:00,3.8
1996-01-11T00:00:00,3.8
1996-01-12T00:00:00,3.8
1996-01-13T00:00:00,3.8
1996-01-14T00:00:00,3.8
1996-01-15T00:00:00,3.6
1996-01-16T00:00:00,3.4
1996-01-17T00:00:00,3.4
1996-01-18T00:00:00,3.4
1996-01-19T00:00:00,3.4
1996-01-20T00:00:00,3.4
1996-01-21T00:00:00,3.1
1996-01-22T00:00:00,3.3
1996-01-23T00:00:00,3.4
1996-01-24T00:00:00,3.1
1996-01-25T00:00:00,3.1
1996-01-26T00:00:00,3.1
1996-01-27T00:00:00,3.1
1996-01-28T00:00:00,3.1
1996-01-29T00:00:00,3.1
1996-01-30T00:00:00,3.1
1996-01-31T00:00:00,3.1
1996-02-01T00:00:00,3.1
1996-02-02T00:00:00,3.1
1996-02-03T00:00:00,2.9
1996-02-04T00:00:00,2.7
1996-02-05T00:00:00,2.7
1996-02-06T00:00:00,2.7
1996-02-07T00:00:00,2.7
1996-02-08T00:00:00,2.7
1996-02-09T00:00:00,2.7
1996-02-10T00:00:00,2.7
1996-02-11T00:00:00,2.7
1996-02-12T00:00:00,2.6
1996-02-13T00:00:00,2.6
1996-02-14T00:00:00,2.4
1996-02-15T00:00:00,2.4
1996-02-16T00:00:00,2.4
1996-02-17T00:00:00,2.4
1996-02-18T00:00:00,2.1
1996-02-19T00:00:00,1.8
1996-02-20T00:00:00,1.8
1996-02-21T00:00:00,1.8
1996-02-22T00:00:00,1.8
1996-02-23T00:00:00,1.8
1996-02-24T00:00:00,1.7
1996-02-25T00:00:00,1.7
1996-02-26T00:00:00,1.7
1996-02-27T00:00:00,1.7
1996-02-28T00:00:00,1.7
1996-02-29T00:00:00,1.7
1996-03-01T00:00:00,1.6
1996-03-02T00:00:00,1.6
1996-03-03T00:00:00,1.6
1996-03-04T00:00:00,1.4
1996-03-05T00:00:00,1.4
1996-03-06T00:00:00,1.4
1996-03-07T00:00:00,1.4
1996-03-08T00:00:00,1.5
1996-03-09T00:00:00,1.6
1996-03-10T00:00:00,1.6
1996-03-11T00:00:00,1.4
1996-03-12T00:00:00,1.4
1996-03-13T00:00:00,1.3
1996-03-14T00:00:00,1.3
1996-03-15T00:00:00,1.2
1996-03-16T00:00:00,1.2
1996-03-17T00:00:00,1.2
1996-03-18T00:00:00,1.1
1996-03-19T00:00:00,1.1
1996-03-20T00:00:00,1.1
1996-03-21T00:00:00,1.1
1996-03-22T00:00:00,1.1
1996-03-23T00:00:00,1.6
1996-03-24T00:00:00,2
1996-03-25T00:00:00,15.5
1996-03-26T00:00:00,30.9
1996-03-27T00:00:00,22.7
1996-03-28T00:00:00,11.3
1996-03-29T00:00:00,5.2
1996-03-30T00:00:00,4
1996-03-31T00:00:00,3.1
1996-04-01T00:00:00,2.9
1996-04-02T00:00:00,2.7
1996-04-03T00:00:00,2.4
1996-04-04T00:00:00,2.4
1996-04-05T00:00:00,2.4
1996-04-06T00:00:00,2.4
1996-04-07T00:00:00,2.4
1996-04-08T00:00:00,2.1
1996-04-09T00:00:00,2.1
1996-04-10T00:00:00,2
1996-04-11T00:00:00,1.7
1996-04-12T00:00:00,1.6
1996-04-13T00:00:00,1.4
1996-04-14T00:00:00,1.4
1996-04-15T00:00:00,1.2
1996-04-16T00:00:00,1.2
1996-04-17T00:00:00,1.2
1996-04-18T00:00:00,1.2
1996-04-19T00:00:00,1.2
1996-04-20T00:00:00,1.2
1996-04-21T00:00:00,1.2
1996-04-22T00:00:00,1.1
1996-04-23T00:00:00,1.1
1996-04-24T00:00:00,1.2
1996-04-25T00:00:00,2.1
1996-04-26T00:00:00,11.3
1996-04-27T00:00:00,6.2
1996-04-28T00:00:00,12.9
1996-04-29T00:00:00,16
1996-04-30T00:00:00,9.9
1996-05-01T00:00:00,20.5
1996-05-02T00:00:00,6.7
1996-05-03T00:00:00,4.5
1996-05-04T00:00:00,3.8
1996-05-05T00:00:00,3.1
1996-05-06T00:00:00,3.1
1996-05-07T00:00:00,2.7
1996-05-08T00:00:00,2.6
1996-05-09T00:00:00,2.4
1996-05-10T00:00:00,5.7
1996-05-11T00:00:00,5.2
1996-05-12T00:00:00,9.9
1996-05-13T00:00:00,10.6
1996-05-14T00:00:00,5.7
1996-05-15T00:00:00,4.5
1996-05-16T00:00:00,4.7
1996-05-17T00:00:00,6.4
1996-05-18T00:00:00,35.9
1996-05-19T00:00:00,9.2
1996-05-20T00:00:00,22.7
1996-05-21T00:00:00,35.2
1996-05-22T00:00:00,29.6
1996-05-23T00:00:00,31.6
1996-05-24T00:00:00,26.3
1996-05-25T00:00:00,42.2
1996-05-26T00:00:00,35.9
1996-05-27T00:00:00,101.3
1996-05-28T00:00:00,21.1
1996-05-29T00:00:00,14.6
1996-05-30T00:00:00,28.9
1996-05-31T00:00:00,25.7
1996-06-01T00:00:00,70.2
1996-06-02T00:00:00,25.1
1996-06-03T00:00:00,14.6
1996-06-04T00:00:00,35.2
1996-06-05T00:00:00,43.9
1996-06-06T00:00:00,16.9
1996-06-07T00:00:00,99.9
1996-06-08T00:00:00,46.5
1996-06-09T00:00:00,81.9
1996-06-10T00:00:00,74.8
1996-06-11T00:00:00,115.6
1996-06-12T00:00:00,62.7
1996-06-13T00:00:00,33
1996-06-14T00:00:00,88.1
1996-06-15T00:00:00,80.7
1996-06-16T00:00:00,99.9
1996-06-17T00:00:00,91.9
1996-06-18T00:00:00,77.1
1996-06-19T00:00:00,73.6
1996-06-20T00:00:00,109.8
1996-06-21T00:00:00,126.3
1996-06-22T00:00:00,80.7
1996-06-23T00:00:00,132.7
1996-06-24T00:00:00,109.8
1996-06-25T00:00:00,98.6
1996-06-26T00:00:00,93.3
1996-06-27T00:00:00,102.7
1996-06-28T00:00:00,190.4
1996-06-29T00:00:00,98.6
1996-06-30T00:00:00,78.3
1996-07-01T00:00:00,172.9
1996-07-02T00:00:00,95.9
1996-07-03T00:00:00,84.3
1996-07-04T00:00:00,258.2
1996-07-05T00:00:00,244.1
1996-07-06T00:00:00,364.2
1996-07-07T00:00:00,213.1
1996-07-08T00:00:00,121.7
1996-07-09T00:00:00,221.7
1996-07-10T00:00:00,137.6
1996-07-11T00:00:00,131.1
1996-07-12T00:00:00,102.7
1996-07-13T00:00:00,226.1
1996-07-14T00:00:00,200.5
1996-07-15T00:00:00,192.4
1996-07-16T00:00:00,300.6
1996-07-17T00:00:00,313.8
1996-07-18T00:00:00,267.8
1996-07-19T00:00:00,263
1996-07-20T00:00:00,226.1
1996-07-21T00:00:00,277.7
1996-07-22T00:00:00,192.4
1996-07-23T00:00:00,163.6
1996-07-24T00:00:00,204.6
1996-07-25T00:00:00,237.3
1996-07-26T00:00:00,244.1
1996-07-27T00:00:00,182.5
1996-07-28T00:00:00,121.7
1996-07-29T00:00:00,71.4
1996-07-30T00:00:00,248.8
1996-07-31T00:00:00,204.6
1996-08-01T00:00:00,178.6
1996-08-02T00:00:00,270.3
1996-08-03T00:00:00,139.3
1996-08-04T00:00:00,321.9
1996-08-05T00:00:00,321.9
1996-08-06T00:00:00,152.9
1996-08-07T00:00:00,235
1996-08-08T00:00:00,200.5
1996-08-09T00:00:00,147.7
1996-08-10T00:00:00,198.5
1996-08-11T00:00:00,267.8
1996-08-12T00:00:00,248.8
1996-08-13T00:00:00,253.5
1996-08-14T00:00:00,332.9
1996-08-15T00:00:00,180.6
1996-08-16T00:00:00,355.5
1996-08-17T00:00:00,228.3
1996-08-18T00:00:00,147.7
1996-08-19T00:00:00,126.3
1996-08-20T00:00:00,186.4
1996-08-21T00:00:00,253.5
1996-08-22T00:00:00,202.6
1996-08-23T00:00:00,171
1996-08-24T00:00:00,277.7
1996-08-25T00:00:00,258.2
1996-08-26T00:00:00,219.5
1996-08-27T00:00:00,196.4
1996-08-28T00:00:00,160
1996-08-29T00:00:00,215.2
1996-08-30T00:00:00,158.2
1996-08-31T00:00:00,200.5
1996-09-01T00:00:00,300.6
1996-09-02T00:00:00,251.1
1996-09-03T00:00:00,253.5
1996-09-04T00:00:00,139.3
1996-09-05T00:00:00,139.3
1996-09-06T00:00:00,158.2
1996-09-07T00:00:00,235
1996-09-08T00:00:00,114.2
1996-09-09T00:00:00,98.6
1996-09-10T00:00:00,140.9
1996-09-11T00:00:00,117.1
1996-09-12T00:00:00,221.7
1996-09-13T00:00:00,169.2
1996-09-14T00:00:00,158.2
1996-09-15T00:00:00,167.3
1996-09-16T00:00:00,124.8
1996-09-17T00:00:00,108.3
1996-09-18T00:00:00,123.2
1996-09-19T00:00:00,106.9
1996-09-20T00:00:00,221.7
1996-09-21T00:00:00,134.3
1996-09-22T00:00:00,114.2
1996-09-23T00:00:00,124.8
1996-09-24T00:00:00,108.3
1996-09-25T00:00:00,104.1
1996-09-26T00:00:00,117.1
1996-09-27T00:00:00,99.9
1996-09-28T00:00:00,101.3
1996-09-29T00:00:00,95.9
1996-09-30T00:00:00,121.7
1996-10-01T00:00:00,80.7
1996-10-02T00:00:00,80.7
1996-10-03T00:00:00,147.7
1996-10-04T00:00:00,104.1
1996-10-05T00:00:00,73.6
1996-10-06T00:00:00,64.8
1996-10-07T00:00:00,80.7
1996-10-08T00:00:00,65.9
1996-10-09T00:00:00,151.2
1996-10-10T00:00:00,118.6
1996-10-11T00:00:00,55.7
1996-10-12T00:00:00,54.7
1996-10-13T00:00:00,39
1996-10-14T00:00:00,35.9
1996-10-15T00:00:00,31.6
1996-10-16T00:00:00,30.2
1996-10-17T00:00:00,28.9
1996-10-18T00:00:00,30.2
1996-10-19T00:00:00,28.9
1996-10-20T00:00:00,27
1996-10-21T00:00:00,132.7
1996-10-22T00:00:00,131.1
1996-10-23T00:00:00,124.8
1996-10-24T00:00:00,124.8
1996-10-25T00:00:00,118.6
1996-10-26T00:00:00,118.6
1996-10-27T00:00:00,115.6
1996-10-28T00:00:00,114.2
1996-10-29T00:00:00,109.8
1996-10-30T00:00:00,108.3
1996-10-31T00:00:00,104.1
1996-11-01T00:00:00,98.6
1996-11-02T00:00:00,97.2
1996-11-03T00:00:00,93.3
1996-11-04T00:00:00,93.3
1996-11-05T00:00:00,90.6
1996-11-06T00:00:00,90.6
1996-11-07T00:00:00,85.6
1996-11-08T00:00:00,86.8
1996-11-09T00:00:00,80.7
1996-11-10T00:00:00,80.7
1996-11-11T00:00:00,75.9
1996-11-12T00:00:00,75.9
1996-11-13T00:00:00,74.8
1996-11-14T00:00:00,73.6
1996-11-15T00:00:00,72.5
1996-11-16T00:00:00,69.1
1996-11-17T00:00:00,73.6
1996-11-18T00:00:00,78.3
1996-11-19T00:00:00,73.6
1996-11-20T00:00:00,69.1
1996-11-21T00:00:00,69.1
1996-11-22T00:00:00,71.4
1996-11-23T00:00:00,67
1996-11-24T00:00:00,65.9
1996-11-25T00:00:00,37.5
1996-11-26T00:00:00,19.5
1996-11-27T00:00:00,9.9
1996-11-28T00:00:00,22.7
1996-11-29T00:00:00,62.7
1996-11-30T00:00:00,62.7
1996-12-01T00:00:00,18.4
1996-12-02T00:00:00,33
1996-12-03T00:00:00,58.6
1996-12-04T00:00:00,56.7
1996-12-05T00:00:00,54.7
1996-12-06T00:00:00,54.7
1996-12-07T00:00:00,54.7
1996-12-08T00:00:00,53.8
1996-12-09T00:00:00,52.8
1996-12-10T00:00:00,51.9
1996-12-11T00:00:00,51.9
1996-12-12T00:00:00,51
1996-12-13T00:00:00,50
1996-12-14T00:00:00,49.1
1996-12-15T00:00:00,49.1
1996-12-16T00:00:00,47.4
1996-12-17T00:00:00,47.4
1996-12-18T00:00:00,47.4
1996-12-19T00:00:00,47.4
1996-12-20T00:00:00,45.6
1996-12-21T00:00:00,45.6
1996-12-22T00:00:00,45.6
1996-12-23T00:00:00,45.6
1996-12-24T00:00:00,45.6
1996-12-25T00:00:00,43.9
1996-12-26T00:00:00,43.9
1996-12-27T00:00:00,43.9
1996-12-28T00:00:00,43.9
1996-12-29T00:00:00,42.2
1996-12-30T00:00:00,42.2
1996-12-31T00:00:00,42.2
1997-01-01T00:00:00,42.2
1997-01-02T00:00:00,3.8
1997-01-03T00:00:00,3.4
1997-01-04T00:00:00,3.4
1997-01-05T00:00:00,3.3
1997-01-06T00:00:00,3.1
1997-01-07T00:00:00,3.1
1997-01-08T00:00:00,3.1
1997-01-09T00:00:00,3.1
1997-01-10T00:00:00,3.1
1997-01-11T00:00:00,3.1
1997-01-12T00:00:00,3.1
1997-01-13T00:00:00,2.9
1997-01-14T00:00:00,2.9
1997-01-15T00:00:00,2.9
1997-01-16T00:00:00,2.9
1997-01-17T00:00:00,2.9
1997-01-18T00:00:00,2.7
1997-01-19T00:00:00,2.7
1997-01-20T00:00:00,2.7
1997-01-21T00:00:00,2.7
1997-01-22T00:00:00,3.1
1997-01-23T00:00:00,3.1
1997-01-24T00:00:00,3.1
1997-01-25T00:00:00,2.7
1997-01-26T00:00:00,2.7
1997-01-27T00:00:00,2.7
1997-01-28T00:00:00,2.7
1997-01-29T00:00:00,2.6
1997-01-30T00:00:00,2.6
1997-01-31T00:00:00,2.6
1997-02-01T00:00:00,2.4
1997-02-02T00:00:00,2.6
1997-02-03T00:00:00,2.4
1997-02-04T00:00:00,2.4
1997-02-05T00:00:00,2.4
1997-02-06T00:00:00,2.3
1997-02-07T00:00:00,2.1
1997-02-08T00:00:00,2.1
1997-02-09T00:00:00,2.1
1997-02-10T00:00:00,2
1997-02-11T00:00:00,2
1997-02-12T00:00:00,2
1997-02-13T00:00:00,2
1997-02-14T00:00:00,2
1997-02-15T00:00:00,2
1997-02-16T00:00:00,1.8
1997-02-17T00:00:00,1.8
1997-02-18T00:00:00,1.7
1997-02-19T00:00:00,1.8
1997-02-20T00:00:00,1.7
1997-02-21T00:00:00,1.7
1997-02-22T00:00:00,1.7
1997-02-23T00:00:00,1.7
1997-02-24T00:00:00,1.6
1997-02-25T00:00:00,1.6
1997-02-26T00:00:00,1.6
1997-02-27T00:00:00,1.6
1997-02-28T00:00:00,1.6
1997-03-01T00:00:00,1.6
1997-03-02T00:00:00,1.6
1997-03-03T00:00:00,1.6
1997-03-04T00:00:00,1.6
1997-03-05T00:00:00,1.6
1997-03-06T00:00:00,1.6
1997-03-07T00:00:00,1.6
1997-03-08T00:00:00,1.6
1997-03-09T00:00:00,1.6
1997-03-10T00:00:00,1.6
1997-03-11T00:00:00,1.6
1997-03-12T00:00:00,1.6
1997-03-13T00:00:00,2
1997-03-14T00:00:00,2.1
1997-03-15T00:00:00,2.1
1997-03-16T00:00:00,1.8
1997-03-17T00:00:00,1.7
1997-03-18T00:00:00,1.6
1997-03-19T00:00:00,1.6
1997-03-20T00:00:00,1.6
1997-03-21T00:00:00,1.6
1997-03-22T00:00:00,2.7
1997-03-23T00:00:00,2.1
1997-03-24T00:00:00,2.7
1997-03-25T00:00:00,2.1
1997-03-26T00:00:00,1.8
1997-03-27T00:00:00,1.8
1997-03-28T00:00:00,1.6
1997-03-29T00:00:00,1.6
1997-03-30T00:00:00,1.4
1997-03-31T00:00:00,1.4
1997-04-01T00:00:00,1.2
1997-04-02T00:00:00,1.2
1997-04-03T00:00:00,1.2
1997-04-04T00:00:00,1.1
1997-04-05T00:00:00,1.1
1997-04-06T00:00:00,1.1
1997-04-07T00:00:00,4.2
1997-04-08T00:00:00,2.4
1997-04-09T00:00:00,1.8
1997-04-10T00:00:00,2
1997-04-11T00:00:00,2.1
1997-04-12T00:00:00,1.8
1997-04-13T00:00:00,2.4
1997-04-14T00:00:00,1.8
1997-04-15T00:00:00,1.6
1997-04-16T00:00:00,1.5
1997-04-17T00:00:00,1.5
1997-04-18T00:00:00,1.6
1997-04-19T00:00:00,1.5
1997-04-20T00:00:00,1.6
1997-04-21T00:00:00,1.6
1997-04-22T00:00:00,2
1997-04-23T00:00:00,1.5
1997-04-24T00:00:00,1.4
1997-04-25T00:00:00,1.4
1997-04-26T00:00:00,1.4
1997-04-27T00:00:00,1.4
1997-04-28T00:00:00,1.3
1997-04-29T00:00:00,1.4
1997-04-30T00:00:00,1.4
1997-05-01T00:00:00,2.1
1997-05-02T00:00:00,2.1
1997-05-03T00:00:00,1.8
1997-05-04T00:00:00,4.5
1997-05-05T00:00:00,3.1
1997-05-06T00:00:00,3.4
1997-05-07T00:00:00,2.9
1997-05-08T00:00:00,21.1
1997-05-09T00:00:00,12.9
1997-05-10T00:00:00,69.1
1997-05-11T00:00:00,14.6
1997-05-12T00:00:00,7.6
1997-05-13T00:00:00,6.2
1997-05-14T00:00:00,9.5
1997-05-15T00:00:00,15.5
1997-05-16T00:00:00,14.2
1997-05-17T00:00:00,5.9
1997-05-18T00:00:00,12.1
1997-05-19T00:00:00,30.9
1997-05-20T00:00:00,25.1
1997-05-21T00:00:00,28.9
1997-05-22T00:00:00,25.7
1997-05-23T00:00:00,9.9
1997-05-24T00:00:00,14.2
1997-05-25T00:00:00,6.2
1997-05-26T00:00:00,8.5
1997-05-27T00:00:00,25.1
1997-05-28T00:00:00,16.5
1997-05-29T00:00:00,11.3
1997-05-30T00:00:00,9.2
1997-05-31T00:00:00,78.3
1997-06-01T00:00:00,73.6
1997-06-02T00:00:00,54.7
1997-06-03T00:00:00,39
1997-06-04T00:00:00,23.9
1997-06-05T00:00:00,28.9
1997-06-06T00:00:00,58.6
1997-06-07T00:00:00,73.6
1997-06-08T00:00:00,69.1
1997-06-09T00:00:00,69.1
1997-06-10T00:00:00,39
1997-06-11T00:00:00,50
1997-06-12T00:00:00,28.9
1997-06-13T00:00:00,39
1997-06-14T00:00:00,20.5
1997-06-15T00:00:00,30.2
1997-06-16T00:00:00,64.8
1997-06-17T00:00:00,33
1997-06-18T00:00:00,30.2
1997-06-19T00:00:00,27.6
1997-06-20T00:00:00,115.6
1997-06-21T00:00:00,129.5
1997-06-22T00:00:00,67
1997-06-23T00:00:00,65.9
1997-06-24T00:00:00,142.6
1997-06-25T00:00:00,134.3
1997-06-26T00:00:00,127.9
1997-06-27T00:00:00,67
1997-06-28T00:00:00,67
1997-06-29T00:00:00,50
1997-06-30T00:00:00,44.8
1997-07-01T00:00:00,31.6
1997-07-02T00:00:00,31.6
1997-07-03T00:00:00,89.4
1997-07-04T00:00:00,45.6
1997-07-05T00:00:00,46.5
1997-07-06T00:00:00,34.5
1997-07-07T00:00:00,72.5
1997-07-08T00:00:00,93.3
1997-07-09T00:00:00,115.6
1997-07-10T00:00:00,184.4
1997-07-11T00:00:00,169.2
1997-07-12T00:00:00,188.4
1997-07-13T00:00:00,161.8
1997-07-14T00:00:00,223.9
1997-07-15T00:00:00,182.5
1997-07-16T00:00:00,253.5
1997-07-17T00:00:00,208.8
1997-07-18T00:00:00,217.3
1997-07-19T00:00:00,188.4
1997-07-20T00:00:00,161.8
1997-07-21T00:00:00,258.2
1997-07-22T00:00:00,204.6
1997-07-23T00:00:00,244.1
1997-07-24T00:00:00,192.4
1997-07-25T00:00:00,169.2
1997-07-26T00:00:00,200.5
1997-07-27T00:00:00,196.4
1997-07-28T00:00:00,192.4
1997-07-29T00:00:00,156.4
1997-07-30T00:00:00,147.7
1997-07-31T00:00:00,188.4
1997-08-01T00:00:00,167.3
1997-08-02T00:00:00,165.5
1997-08-03T00:00:00,184.4
1997-08-04T00:00:00,239.5
1997-08-05T00:00:00,169.2
1997-08-06T00:00:00,172.9
1997-08-07T00:00:00,217.3
1997-08-08T00:00:00,196.4
1997-08-09T00:00:00,172.9
1997-08-10T00:00:00,239.5
1997-08-11T00:00:00,221.7
1997-08-12T00:00:00,180.6
1997-08-13T00:00:00,184.4
1997-08-14T00:00:00,172.9
1997-08-15T00:00:00,275.2
1997-08-16T00:00:00,358.4
1997-08-17T00:00:00,244.1
1997-08-18T00:00:00,324.6
1997-08-19T00:00:00,287.8
1997-08-20T00:00:00,184.4
1997-08-21T00:00:00,172.9
1997-08-22T00:00:00,182.5
1997-08-23T00:00:00,182.5
1997-08-24T00:00:00,174.8
1997-08-25T00:00:00,121.7
1997-08-26T00:00:00,88.1
1997-08-27T00:00:00,134.3
1997-08-28T00:00:00,174.8
1997-08-29T00:00:00,253.5
1997-08-30T00:00:00,140.9
1997-08-31T00:00:00,151.2
1997-09-01T00:00:00,129.5
1997-09-02T00:00:00,111.2
1997-09-03T00:00:00,132.7
1997-09-04T00:00:00,131.1
1997-09-05T00:00:00,115.6
1997-09-06T00:00:00,172.9
1997-09-07T00:00:00,118.6
1997-09-08T00:00:00,184.4
1997-09-09T00:00:00,102.7
1997-09-10T00:00:00,109.8
1997-09-11T00:00:00,109.8
1997-09-12T00:00:00,90.6
1997-09-13T00:00:00,131.1
1997-09-14T00:00:00,73.6
1997-09-15T00:00:00,73.6
1997-09-16T00:00:00,188.4
1997-09-17T00:00:00,137.6
1997-09-18T00:00:00,202.6
1997-09-19T00:00:00,144.3
1997-09-20T00:00:00,121.7
1997-09-21T00:00:00,91.9
1997-09-22T00:00:00,134.3
1997-09-23T00:00:00,169.2
1997-09-24T00:00:00,184.4
1997-09-25T00:00:00,154.7
1997-09-26T00:00:00,79.5
1997-09-27T00:00:00,55.7
1997-09-28T00:00:00,80.7
1997-09-29T00:00:00,101.3
1997-09-30T00:00:00,131.1
1997-10-01T00:00:00,117.1
1997-10-02T00:00:00,56.7
1997-10-03T00:00:00,74.8
1997-10-04T00:00:00,54.7
1997-10-05T00:00:00,68
1997-10-06T00:00:00,45.6
1997-10-07T00:00:00,37.5
1997-10-08T00:00:00,33
1997-10-09T00:00:00,73.6
1997-10-10T00:00:00,39
1997-10-11T00:00:00,50
1997-10-12T00:00:00,52.8
1997-10-13T00:00:00,29.6
1997-10-14T00:00:00,27.6
1997-10-15T00:00:00,25.7
1997-10-16T00:00:00,28.9
1997-10-17T00:00:00,24.5
1997-10-18T00:00:00,60.7
1997-10-19T00:00:00,64.8
1997-10-20T00:00:00,44.8
1997-10-21T00:00:00,75.9
1997-10-22T00:00:00,54.7
1997-10-23T00:00:00,94.6
1997-10-24T00:00:00,104.1
1997-10-25T00:00:00,74.8
1997-10-26T00:00:00,67
1997-10-27T00:00:00,102.7
1997-10-28T00:00:00,109.8
1997-10-29T00:00:00,48.2
1997-10-30T00:00:00,158.2
1997-10-31T00:00:00,98.6
1997-11-01T00:00:00,89.4
1997-11-02T00:00:00,58.6
1997-11-03T00:00:00,74.8
1997-11-04T00:00:00,71.4
1997-11-05T00:00:00,56.7
1997-11-06T00:00:00,46.5
1997-11-07T00:00:00,39.8
1997-11-08T00:00:00,35.2
1997-11-09T00:00:00,31.6
1997-11-10T00:00:00,33
1997-11-11T00:00:00,73.6
1997-11-12T00:00:00,49.1
1997-11-13T00:00:00,56.7
1997-11-14T00:00:00,31.6
1997-11-15T00:00:00,44.8
1997-11-16T00:00:00,28.9
1997-11-17T00:00:00,31.6
1997-11-18T00:00:00,24.5
1997-11-19T00:00:00,23.3
1997-11-20T00:00:00,22.2
1997-11-21T00:00:00,20.5
1997-11-22T00:00:00,19.5
1997-11-23T00:00:00,20.5
1997-11-24T00:00:00,20.5
1997-11-25T00:00:00,19.5
1997-11-26T00:00:00,17.4
1997-11-27T00:00:00,17.4
1997-11-28T00:00:00,20
1997-11-29T00:00:00,17.4
1997-11-30T00:00:00,17.9
1997-12-01T00:00:00,45.6
1997-12-02T00:00:00,43.9
1997-12-03T00:00:00,17.4
1997-12-04T00:00:00,14.6
1997-12-05T00:00:00,12.9
1997-12-06T00:00:00,12.9
1997-12-07T00:00:00,12.9
1997-12-08T00:00:00,11.7
1997-12-09T00:00:00,11.7
1997-12-10T00:00:00,11.3
1997-12-11T00:00:00,11
1997-12-12T00:00:00,10.2
1997-12-13T00:00:00,9.9
1997-12-14T00:00:00,9.2
1997-12-15T00:00:00,9.2
1997-12-16T00:00:00,9.2
1997-12-17T00:00:00,8.5
1997-12-18T00:00:00,8.5
1997-12-19T00:00:00,8.5
1997-12-20T00:00:00,7.9
1997-12-21T00:00:00,7.3
1997-12-22T00:00:00,7
1997-12-23T00:00:00,7
1997-12-24T00:00:00,7.6
1997-12-25T00:00:00,7.3
1997-12-26T00:00:00,7.3
1997-12-27T00:00:00,7.6
1997-12-28T00:00:00,7.3
1997-12-29T00:00:00,7.3
1997-12-30T00:00:00,6.7
1997-12-31T00:00:00,6.7
1998-01-01T00:00:00,6.2
1998-01-02T00:00:00,6.2
1998-01-03T00:00:00,5.9
1998-01-04T00:00:00,5.4
1998-01-05T00:00:00,5.4
1998-01-06T00:00:00,5.4
1998-01-07T00:00:00,5.4
1998-01-08T00:00:00,5.2
1998-01-09T00:00:00,4.9
1998-01-10T00:00:00,4.9
1998-01-11T00:00:00,4.9
1998-01-12T00:00:00,4.7
1998-01-13T00:00:00,4.7
1998-01-14T00:00:00,4.7
1998-01-15T00:00:00,4.7
1998-01-16T00:00:00,4.7
1998-01-17T00:00:00,4.2
1998-01-18T00:00:00,4.2
1998-01-19T00:00:00,4
1998-01-20T00:00:00,4
1998-01-21T00:00:00,4
1998-01-22T00:00:00,4
1998-01-23T00:00:00,4
1998-01-24T00:00:00,3.8
1998-01-25T00:00:00,3.8
1998-01-26T00:00:00,3.8
1998-01-27T00:00:00,3.8
1998-01-28T00:00:00,3.8
1998-01-29T00:00:00,3.6
1998-01-30T00:00:00,3.4
1998-01-31T00:00:00,3.4
1998-02-01T00:00:00,3.4
1998-02-02T00:00:00,3.4
1998-02-03T00:00:00,3.4
1998-02-04T00:00:00,3.1
1998-02-05T00:00:00,3.1
1998-02-06T00:00:00,2.9
1998-02-07T00:00:00,2.9
1998-02-08T00:00:00,2.7
1998-02-09T00:00:00,2.7
1998-02-10T00:00:00,2.7
1998-02-11T00:00:00,2.7
1998-02-12T00:00:00,2.7
1998-02-13T00:00:00,2.6
1998-02-14T00:00:00,2.6
1998-02-15T00:00:00,2.4
1998-02-16T00:00:00,2.3
1998-02-17T00:00:00,2.1
1998-02-18T00:00:00,2.1
1998-02-19T00:00:00,2.1
1998-02-20T00:00:00,2.3
1998-02-21T00:00:00,2.3
1998-02-22T00:00:00,2.3
1998-02-23T00:00:00,2.3
1998-02-24T00:00:00,2.3
1998-02-25T00:00:00,2.3
1998-02-26T00:00:00,2.3
1998-02-27T00:00:00,2.1
1998-02-28T00:00:00,2.1
1998-03-01T00:00:00,2.1
1998-03-02T00:00:00,2.1
1998-03-03T00:00:00,2.1
1998-03-04T00:00:00,2.1
1998-03-05T00:00:00,2.1
1998-03-06T00:00:00,2.1
1998-03-07T00:00:00,1.8
1998-03-08T00:00:00,2.1
1998-03-09T00:00:00,2.1
1998-03-10T00:00:00,2.1
1998-03-11T00:00:00,2.1
1998-03-12T00:00:00,2.1
1998-03-13T00:00:00,2
1998-03-14T00:00:00,1.8
1998-03-15T00:00:00,1.7
1998-03-16T00:00:00,1.7
1998-03-17T00:00:00,1.7
1998-03-18T00:00:00,1.6
1998-03-19T00:00:00,1.6
1998-03-20T00:00:00,1.6
1998-03-21T00:00:00,1.6
1998-03-22T00:00:00,1.5
1998-03-23T00:00:00,1.5
1998-03-24T00:00:00,1.5
1998-03-25T00:00:00,1.5
1998-03-26T00:00:00,1.5
1998-03-27T00:00:00,1.6
1998-03-28T00:00:00,1.6
1998-03-29T00:00:00,2.1
1998-03-30T00:00:00,2.4
1998-03-31T00:00:00,2.1
1998-04-01T00:00:00,1.8
1998-04-02T00:00:00,1.8
1998-04-03T00:00:00,1.7
1998-04-04T00:00:00,1.6
1998-04-05T00:00:00,1.6
1998-04-06T00:00:00,1.6
1998-04-07T00:00:00,1.6
1998-04-08T00:00:00,1.5
1998-04-09T00:00:00,1.4
1998-04-10T00:00:00,1.4
1998-04-11T00:00:00,1.4
1998-04-12T00:00:00,1.4
1998-04-13T00:00:00,1.2
1998-04-14T00:00:00,1.3
1998-04-15T00:00:00,1.2
1998-04-16T00:00:00,1.2
1998-04-17T00:00:00,1.2
1998-04-18T00:00:00,1.2
1998-04-19T00:00:00,1.2
1998-04-20T00:00:00,1.2
1998-04-21T00:00:00,1.2
1998-04-22T00:00:00,1.1
1998-04-23T00:00:00,1.1
1998-04-24T00:00:00,1.1
1998-04-25T00:00:00,1
1998-04-26T00:00:00,1
1998-04-27T00:00:00,1.2
1998-04-28T00:00:00,1.2
1998-04-29T00:00:00,1.1
1998-04-30T00:00:00,1.2
1998-05-01T00:00:00,1.6
1998-05-02T00:00:00,2
1998-05-03T00:00:00,2.1
1998-05-04T00:00:00,3.1
1998-05-05T00:00:00,2.7
1998-05-06T00:00:00,2.7
1998-05-07T00:00:00,2.6
1998-05-08T00:00:00,2.4
1998-05-09T00:00:00,2.1
1998-05-10T00:00:00,2.1
1998-05-11T00:00:00,4.2
1998-05-12T00:00:00,4.5
1998-05-13T00:00:00,12.1
1998-05-14T00:00:00,101.3
1998-05-15T00:00:00,39
1998-05-16T00:00:00,40.6
1998-05-17T00:00:00,12.5
1998-05-18T00:00:00,6.2
1998-05-19T00:00:00,4.5
1998-05-20T00:00:00,3.8
1998-05-21T00:00:00,3.4
1998-05-22T00:00:00,3.1
1998-05-23T00:00:00,2.7
1998-05-24T00:00:00,2.7
1998-05-25T00:00:00,2.6
1998-05-26T00:00:00,2.4
1998-05-27T00:00:00,6.7
1998-05-28T00:00:00,6.7
1998-05-29T00:00:00,3.1
1998-05-30T00:00:00,2.7
1998-05-31T00:00:00,3.4
1998-06-01T00:00:00,23.9
1998-06-02T00:00:00,30.2
1998-06-03T00:00:00,28.9
1998-06-04T00:00:00,29.6
1998-06-05T00:00:00,62.7
1998-06-06T00:00:00,23.9
1998-06-07T00:00:00,52.8
1998-06-08T00:00:00,39
1998-06-09T00:00:00,13.8
1998-06-10T00:00:00,14.2
1998-06-11T00:00:00,13.3
1998-06-12T00:00:00,14.6
1998-06-13T00:00:00,12.1
1998-06-14T00:00:00,35.9
1998-06-15T00:00:00,16.5
1998-06-16T00:00:00,60.7
1998-06-17T00:00:00,60.7
1998-06-18T00:00:00,25.7
1998-06-19T00:00:00,51
1998-06-20T00:00:00,54.7
1998-06-21T00:00:00,40.6
1998-06-22T00:00:00,73.6
1998-06-23T00:00:00,83.1
1998-06-24T00:00:00,33.7
1998-06-25T00:00:00,172.9
1998-06-26T00:00:00,112.7
1998-06-27T00:00:00,152.9
1998-06-28T00:00:00,114.2
1998-06-29T00:00:00,188.4
1998-06-30T00:00:00,109.8
1998-07-01T00:00:00,206.7
1998-07-02T00:00:00,174.8
1998-07-03T00:00:00,101.3
1998-07-04T00:00:00,131.1
1998-07-05T00:00:00,115.6
1998-07-06T00:00:00,198.5
1998-07-07T00:00:00,101.3
1998-07-08T00:00:00,78.3
1998-07-09T00:00:00,275.2
1998-07-10T00:00:00,95.9
1998-07-11T00:00:00,124.8
1998-07-12T00:00:00,114.2
1998-07-13T00:00:00,142.6
1998-07-14T00:00:00,158.2
1998-07-15T00:00:00,106.9
1998-07-16T00:00:00,156.4
1998-07-17T00:00:00,156.4
1998-07-18T00:00:00,101.3
1998-07-19T00:00:00,56.7
1998-07-20T00:00:00,208.8
1998-07-21T00:00:00,160
1998-07-22T00:00:00,67
1998-07-23T00:00:00,161.8
1998-07-24T00:00:00,147.7
1998-07-25T00:00:00,106.9
1998-07-26T00:00:00,134.3
1998-07-27T00:00:00,188.4
1998-07-28T00:00:00,206.7
1998-07-29T00:00:00,121.7
1998-07-30T00:00:00,230.5
1998-07-31T00:00:00,184.4
1998-08-01T00:00:00,115.6
1998-08-02T00:00:00,98.6
1998-08-03T00:00:00,120.2
1998-08-04T00:00:00,146
1998-08-05T00:00:00,272.7
1998-08-06T00:00:00,178.6
1998-08-07T00:00:00,190.4
1998-08-08T00:00:00,196.4
1998-08-09T00:00:00,180.6
1998-08-10T00:00:00,298
1998-08-11T00:00:00,248.8
1998-08-12T00:00:00,158.2
1998-08-13T00:00:00,151.2
1998-08-14T00:00:00,221.7
1998-08-15T00:00:00,263
1998-08-16T00:00:00,160
1998-08-17T00:00:00,188.4
1998-08-18T00:00:00,267.8
1998-08-19T00:00:00,180.6
1998-08-20T00:00:00,188.4
1998-08-21T00:00:00,171
1998-08-22T00:00:00,167.3
1998-08-23T00:00:00,165.5
1998-08-24T00:00:00,230.5
1998-08-25T00:00:00,154.7
1998-08-26T00:00:00,188.4
1998-08-27T00:00:00,172.9
1998-08-28T00:00:00,144.3
1998-08-29T00:00:00,129.5
1998-08-30T00:00:00,149.4
1998-08-31T00:00:00,172.9
1998-09-01T00:00:00,165.5
1998-09-02T00:00:00,198.5
1998-09-03T00:00:00,192.4
1998-09-04T00:00:00,188.4
1998-09-05T00:00:00,192.4
1998-09-06T00:00:00,167.3
1998-09-07T00:00:00,204.6
1998-09-08T00:00:00,158.2
1998-09-09T00:00:00,192.4
1998-09-10T00:00:00,134.3
1998-09-11T00:00:00,241.8
1998-09-12T00:00:00,140.9
1998-09-13T00:00:00,134.3
1998-09-14T00:00:00,134.3
1998-09-15T00:00:00,134.3
1998-09-16T00:00:00,169.2
1998-09-17T00:00:00,109.8
1998-09-18T00:00:00,204.6
1998-09-19T00:00:00,131.1
1998-09-20T00:00:00,152.9
1998-09-21T00:00:00,117.1
1998-09-22T00:00:00,161.8
1998-09-23T00:00:00,137.6
1998-09-24T00:00:00,81.9
1998-09-25T00:00:00,88.1
1998-09-26T00:00:00,213.1
1998-09-27T00:00:00,140.9
1998-09-28T00:00:00,124.8
1998-09-29T00:00:00,172.9
1998-09-30T00:00:00,91.9
1998-10-01T00:00:00,99.9
1998-10-02T00:00:00,47.4
1998-10-03T00:00:00,57.6
1998-10-04T00:00:00,184.4
1998-10-05T00:00:00,127.9
1998-10-06T00:00:00,95.9
1998-10-07T00:00:00,213.1
1998-10-08T00:00:00,121.7
1998-10-09T00:00:00,81.9
1998-10-10T00:00:00,85.6
1998-10-11T00:00:00,124.8
1998-10-12T00:00:00,184.4
1998-10-13T00:00:00,221.7
1998-10-14T00:00:00,180.6
1998-10-15T00:00:00,108.3
1998-10-16T00:00:00,98.6
1998-10-17T00:00:00,134.3
1998-10-18T00:00:00,88.1
1998-10-19T00:00:00,60.7
1998-10-20T00:00:00,71.4
1998-10-21T00:00:00,71.4
1998-10-22T00:00:00,56.7
1998-10-23T00:00:00,114.2
1998-10-24T00:00:00,44.8
1998-10-25T00:00:00,43.9
1998-10-26T00:00:00,97.2
1998-10-27T00:00:00,39.8
1998-10-28T00:00:00,78.3
1998-10-29T00:00:00,42.2
1998-10-30T00:00:00,37.5
1998-10-31T00:00:00,34.5
1998-11-01T00:00:00,31.6
1998-11-02T00:00:00,28.9
1998-11-03T00:00:00,27.6
1998-11-04T00:00:00,26.3
1998-11-05T00:00:00,24.5
1998-11-06T00:00:00,23.9
1998-11-07T00:00:00,22.7
1998-11-08T00:00:00,21.1
1998-11-09T00:00:00,20.5
1998-11-10T00:00:00,20.5
1998-11-11T00:00:00,18.4
1998-11-12T00:00:00,18.4
1998-11-13T00:00:00,47.4
1998-11-14T00:00:00,19.5
1998-11-15T00:00:00,18.4
1998-11-16T00:00:00,18.4
1998-11-17T00:00:00,16.5
1998-11-18T00:00:00,16
1998-11-19T00:00:00,15.5
1998-11-20T00:00:00,14.6
1998-11-21T00:00:00,14.6
1998-11-22T00:00:00,13.8
1998-11-23T00:00:00,12.9
1998-11-24T00:00:00,12.9
1998-11-25T00:00:00,12.1
1998-11-26T00:00:00,11.7
1998-11-27T00:00:00,11.3
1998-11-28T00:00:00,11.3
1998-11-29T00:00:00,10.6
1998-11-30T00:00:00,9.9
1998-12-01T00:00:00,9.2
1998-12-02T00:00:00,9.9
1998-12-03T00:00:00,9.2
1998-12-04T00:00:00,9.2
1998-12-05T00:00:00,8.9
1998-12-06T00:00:00,8.9
1998-12-07T00:00:00,8.5
1998-12-08T00:00:00,7.9
1998-12-09T00:00:00,7.3
1998-12-10T00:00:00,7.3
1998-12-11T00:00:00,7.3
1998-12-12T00:00:00,7.3
1998-12-13T00:00:00,7
1998-12-14T00:00:00,7
1998-12-15T00:00:00,6.7
1998-12-16T00:00:00,6.2
1998-12-17T00:00:00,6.2
1998-12-18T00:00:00,5.7
1998-12-19T00:00:00,5.7
1998-12-20T00:00:00,5.2
1998-12-21T00:00:00,5.2
1998-12-22T00:00:00,5.7
1998-12-23T00:00:00,5.7
1998-12-24T00:00:00,5.7
1998-12-25T00:00:00,5.4
1998-12-26T00:00:00,5.2
1998-12-27T00:00:00,5.2
1998-12-28T00:00:00,5.2
1998-12-29T00:00:00,4.9
1998-12-30T00:00:00,4.7
1998-12-31T00:00:00,4.7
1999-01-01T00:00:00,4.5
1999-01-02T00:00:00,4.5
1999-01-03T00:00:00,4.2
1999-01-04T00:00:00,4
1999-01-05T00:00:00,4
1999-01-06T00:00:00,4.2
1999-01-07T00:00:00,4
1999-01-08T00:00:00,4
1999-01-09T00:00:00,3.8
1999-01-10T00:00:00,3.8
1999-01-11T00:00:00,3.8
1999-01-12T00:00:00,4.2
1999-01-13T00:00:00,4.2
1999-01-14T00:00:00,4.2
1999-01-15T00:00:00,4.2
1999-01-16T00:00:00,4
1999-01-17T00:00:00,3.8
1999-01-18T00:00:00,3.8
1999-01-19T00:00:00,3.8
1999-01-20T00:00:00,3.6
1999-01-21T00:00:00,3.6
1999-01-22T00:00:00,3.6
1999-01-23T00:00:00,3.6
1999-01-24T00:00:00,3.6
1999-01-25T00:00:00,3.4
1999-01-26T00:00:00,3.1
1999-01-27T00:00:00,3.1
1999-01-28T00:00:00,3.1
1999-01-29T00:00:00,2.9
1999-01-30T00:00:00,2.9
1999-01-31T00:00:00,2.7
1999-02-01T00:00:00,2.7
1999-02-02T00:00:00,2.7
1999-02-03T00:00:00,2.7
1999-02-04T00:00:00,2.4
1999-02-05T00:00:00,2.4
1999-02-06T00:00:00,2.4
1999-02-07T00:00:00,2.4
1999-02-08T00:00:00,2.4
1999-02-09T00:00:00,2.4
1999-02-10T00:00:00,2.3
1999-02-11T00:00:00,2.3
1999-02-12T00:00:00,2.3
1999-02-13T00:00:00,2.3
1999-02-14T00:00:00,2.1
1999-02-15T00:00:00,2.1
1999-02-16T00:00:00,2.1
1999-02-17T00:00:00,2
1999-02-18T00:00:00,2
1999-02-19T00:00:00,2
1999-02-20T00:00:00,2
1999-02-21T00:00:00,2
1999-02-22T00:00:00,1.8
1999-02-23T00:00:00,1.8
1999-02-24T00:00:00,1.8
1999-02-25T00:00:00,1.8
1999-02-26T00:00:00,1.8
1999-02-27T00:00:00,1.8
1999-02-28T00:00:00,1.8
1999-03-01T00:00:00,1.7
1999-03-02T00:00:00,1.7
1999-03-03T00:00:00,1.7
1999-03-04T00:00:00,1.7
1999-03-05T00:00:00,1.7
1999-03-06T00:00:00,1.7
1999-03-07T00:00:00,1.6
1999-03-08T00:00:00,1.6
1999-03-09T00:00:00,1.6
1999-03-10T00:00:00,1.6
1999-03-11T00:00:00,1.6
1999-03-12T00:00:00,1.6
1999-03-13T00:00:00,1.5
1999-03-14T00:00:00,1.4
1999-03-15T00:00:00,1.4
1999-03-16T00:00:00,1.4
1999-03-17T00:00:00,1.4
1999-03-18T00:00:00,1.4
1999-03-19T00:00:00,1.4
1999-03-20T00:00:00,1.4
1999-03-21T00:00:00,1.4
1999-03-22T00:00:00,1.4
1999-03-23T00:00:00,1.4
1999-03-24T00:00:00,1.4
1999-03-25T00:00:00,1.4
1999-03-26T00:00:00,1.3
1999-03-27T00:00:00,1.3
1999-03-28T00:00:00,1.3
1999-03-29T00:00:00,1.3
1999-03-30T00:00:00,1.2
1999-03-31T00:00:00,1.2
1999-04-01T00:00:00,1.2
1999-04-02T00:00:00,1.2
1999-04-03T00:00:00,1.2
1999-04-04T00:00:00,1.2
1999-04-05T00:00:00,1.2
1999-04-06T00:00:00,1.2
1999-04-07T00:00:00,1.2
1999-04-08T00:00:00,1.2
1999-04-09T00:00:00,1.2
1999-04-10T00:00:00,1.1
1999-04-11T00:00:00,1.1
1999-04-12T00:00:00,1.1
1999-04-13T00:00:00,1.1
1999-04-14T00:00:00,1.1
1999-04-15T00:00:00,1.1
1999-04-16T00:00:00,1.1
1999-04-17T00:00:00,1.1
1999-04-18T00:00:00,1.1
1999-04-19T00:00:00,1.1
1999-04-20T00:00:00,1.1
1999-04-21T00:00:00,1.2
1999-04-22T00:00:00,1.2
1999-04-23T00:00:00,1.1
1999-04-24T00:00:00,1.2
1999-04-25T00:00:00,1.4
1999-04-26T00:00:00,1.6
1999-04-27T00:00:00,3.8
1999-04-28T00:00:00,7.3
1999-04-29T00:00:00,5.4
1999-04-30T00:00:00,3.8
1999-05-01T00:00:00,2.6
1999-05-02T00:00:00,2.3
1999-05-03T00:00:00,2.7
1999-05-04T00:00:00,3.8
1999-05-05T00:00:00,3.1
1999-05-06T00:00:00,2.7
1999-05-07T00:00:00,3.4
1999-05-08T00:00:00,2.6
1999-05-09T00:00:00,2.7
1999-05-10T00:00:00,3.8
1999-05-11T00:00:00,3.4
1999-05-12T00:00:00,3.1
1999-05-13T00:00:00,3.8
1999-05-14T00:00:00,16.5
1999-05-15T00:00:00,5.7
1999-05-16T00:00:00,11.7
1999-05-17T00:00:00,7.3
1999-05-18T00:00:00,3.8
1999-05-19T00:00:00,6.4
1999-05-20T00:00:00,4
1999-05-21T00:00:00,3.1
1999-05-22T00:00:00,4
1999-05-23T00:00:00,5.9
1999-05-24T00:00:00,9.2
1999-05-25T00:00:00,8.5
1999-05-26T00:00:00,26.3
1999-05-27T00:00:00,4.7
1999-05-28T00:00:00,20
1999-05-29T00:00:00,31.6
1999-05-30T00:00:00,18.4
1999-05-31T00:00:00,18.4
1999-06-01T00:00:00,33
1999-06-02T00:00:00,35.9
1999-06-03T00:00:00,22.2
1999-06-04T00:00:00,62.7
1999-06-05T00:00:00,121.7
1999-06-06T00:00:00,25.1
1999-06-07T00:00:00,12.9
1999-06-08T00:00:00,16.9
1999-06-09T00:00:00,12.9
1999-06-10T00:00:00,12.9
1999-06-11T00:00:00,12.5
1999-06-12T00:00:00,49.1
1999-06-13T00:00:00,28.2
1999-06-14T00:00:00,52.8
1999-06-15T00:00:00,37.5
1999-06-16T00:00:00,51.9
1999-06-17T00:00:00,51
1999-06-18T00:00:00,61.7
1999-06-19T00:00:00,53.8
1999-06-20T00:00:00,23.9
1999-06-21T00:00:00,57.6
1999-06-22T00:00:00,104.1
1999-06-23T00:00:00,127.9
1999-06-24T00:00:00,86.8
1999-06-25T00:00:00,174.8
1999-06-26T00:00:00,59.6
1999-06-27T00:00:00,75.9
1999-06-28T00:00:00,77.1
1999-06-29T00:00:00,68
1999-06-30T00:00:00,95.9
1999-07-01T00:00:00,58.6
1999-07-02T00:00:00,118.6
1999-07-03T00:00:00,140.9
1999-07-04T00:00:00,223.9
1999-07-05T00:00:00,120.2
1999-07-06T00:00:00,65.9
1999-07-07T00:00:00,95.9
1999-07-08T00:00:00,108.3
1999-07-09T00:00:00,165.5
1999-07-10T00:00:00,77.1
1999-07-11T00:00:00,72.5
1999-07-12T00:00:00,246.4
1999-07-13T00:00:00,239.5
1999-07-14T00:00:00,200.5
1999-07-15T00:00:00,161.8
1999-07-16T00:00:00,151.2
1999-07-17T00:00:00,108.3
1999-07-18T00:00:00,115.6
1999-07-19T00:00:00,208.8
1999-07-20T00:00:00,163.6
1999-07-21T00:00:00,152.9
1999-07-22T00:00:00,149.4
1999-07-23T00:00:00,239.5
1999-07-24T00:00:00,136
1999-07-25T00:00:00,114.2
1999-07-26T00:00:00,186.4
1999-07-27T00:00:00,200.5
1999-07-28T00:00:00,169.2
1999-07-29T00:00:00,285.2
1999-07-30T00:00:00,200.5
1999-07-31T00:00:00,237.3
1999-08-01T00:00:00,198.5
1999-08-02T00:00:00,217.3
1999-08-03T00:00:00,228.3
1999-08-04T00:00:00,165.5
1999-08-05T00:00:00,194.4
1999-08-06T00:00:00,219.5
1999-08-07T00:00:00,223.9
1999-08-08T00:00:00,152.9
1999-08-09T00:00:00,174.8
1999-08-10T00:00:00,137.6
1999-08-11T00:00:00,165.5
1999-08-12T00:00:00,163.6
1999-08-13T00:00:00,204.6
1999-08-14T00:00:00,131.1
1999-08-15T00:00:00,121.7
1999-08-16T00:00:00,176.7
1999-08-17T00:00:00,298
1999-08-18T00:00:00,160
1999-08-19T00:00:00,147.7
1999-08-20T00:00:00,253.5
1999-08-21T00:00:00,230.5
1999-08-22T00:00:00,171
1999-08-23T00:00:00,188.4
1999-08-24T00:00:00,188.4
1999-08-25T00:00:00,265.4
1999-08-26T00:00:00,132.7
1999-08-27T00:00:00,142.6
1999-08-28T00:00:00,147.7
1999-08-29T00:00:00,178.6
1999-08-30T00:00:00,180.6
1999-08-31T00:00:00,275.2
1999-09-01T00:00:00,154.7
1999-09-02T00:00:00,109.8
1999-09-03T00:00:00,161.8
1999-09-04T00:00:00,109.8
1999-09-05T00:00:00,169.2
1999-09-06T00:00:00,188.4
1999-09-07T00:00:00,114.2
1999-09-08T00:00:00,156.4
1999-09-09T00:00:00,117.1
1999-09-10T00:00:00,127.9
1999-09-11T00:00:00,117.1
1999-09-12T00:00:00,72.5
1999-09-13T00:00:00,109.8
1999-09-14T00:00:00,134.3
1999-09-15T00:00:00,140.9
1999-09-16T00:00:00,114.2
1999-09-17T00:00:00,161.8
1999-09-18T00:00:00,95.9
1999-09-19T00:00:00,120.2
1999-09-20T00:00:00,94.6
1999-09-21T00:00:00,154.7
1999-09-22T00:00:00,123.2
1999-09-23T00:00:00,190.4
1999-09-24T00:00:00,97.2
1999-09-25T00:00:00,190.4
1999-09-26T00:00:00,134.3
1999-09-27T00:00:00,115.6
1999-09-28T00:00:00,80.7
1999-09-29T00:00:00,111.2
1999-09-30T00:00:00,93.3
1999-10-01T00:00:00,105.5
1999-10-02T00:00:00,184.4
1999-10-03T00:00:00,151.2
1999-10-04T00:00:00,109.8
1999-10-05T00:00:00,184.4
1999-10-06T00:00:00,114.2
1999-10-07T00:00:00,124.8
1999-10-08T00:00:00,188.4
1999-10-09T00:00:00,123.2
1999-10-10T00:00:00,178.6
1999-10-11T00:00:00,184.4
1999-10-12T00:00:00,172.9
1999-10-13T00:00:00,161.8
1999-10-14T00:00:00,106.9
1999-10-15T00:00:00,132.7
1999-10-16T00:00:00,112.7
1999-10-17T00:00:00,112.7
1999-10-18T00:00:00,101.3
1999-10-19T00:00:00,235
1999-10-20T00:00:00,149.4
1999-10-21T00:00:00,192.4
1999-10-22T00:00:00,127.9
1999-10-23T00:00:00,120.2
1999-10-24T00:00:00,75.9
1999-10-25T00:00:00,64.8
1999-10-26T00:00:00,58.6
1999-10-27T00:00:00,51.9
1999-10-28T00:00:00,83.1
1999-10-29T00:00:00,46.5
1999-10-30T00:00:00,64.8
1999-10-31T00:00:00,45.6
1999-11-01T00:00:00,37.5
1999-11-02T00:00:00,37.5
1999-11-03T00:00:00,40.6
1999-11-04T00:00:00,32.3
1999-11-05T00:00:00,30.2
1999-11-06T00:00:00,27.6
1999-11-07T00:00:00,26.3
1999-11-08T00:00:00,24.5
1999-11-09T00:00:00,22.7
1999-11-10T00:00:00,21.6
1999-11-11T00:00:00,20.5
1999-11-12T00:00:00,20.5
1999-11-13T00:00:00,18.4
1999-11-14T00:00:00,17.4
1999-11-15T00:00:00,18.9
1999-11-16T00:00:00,18.4
1999-11-17T00:00:00,18.4
1999-11-18T00:00:00,16.5
1999-11-19T00:00:00,14.6
1999-11-20T00:00:00,14.2
1999-11-21T00:00:00,22.2
1999-11-22T00:00:00,17.4
1999-11-23T00:00:00,14.6
1999-11-24T00:00:00,13.3
1999-11-25T00:00:00,12.9
1999-11-26T00:00:00,12.1
1999-11-27T00:00:00,12.1
1999-11-28T00:00:00,11.3
1999-11-29T00:00:00,11.3
1999-11-30T00:00:00,10.6
1999-12-01T00:00:00,10.6
1999-12-02T00:00:00,9.9
1999-12-03T00:00:00,9.9
1999-12-04T00:00:00,9.5
1999-12-05T00:00:00,9.2
1999-12-06T00:00:00,9.2
1999-12-07T00:00:00,8.9
1999-12-08T00:00:00,8.5
1999-12-09T00:00:00,8.5
1999-12-10T00:00:00,9.2
1999-12-11T00:00:00,12.1
1999-12-12T00:00:00,9.9
1999-12-13T00:00:00,9.5
1999-12-14T00:00:00,8.5
1999-12-15T00:00:00,7.9
1999-12-16T00:00:00,7.3
1999-12-17T00:00:00,7.3
1999-12-18T00:00:00,6.7
1999-12-19T00:00:00,6.7
1999-12-20T00:00:00,6.7
1999-12-21T00:00:00,7.9
1999-12-22T00:00:00,7.6
1999-12-23T00:00:00,6.7
1999-12-24T00:00:00,6.2
1999-12-25T00:00:00,6.2
1999-12-26T00:00:00,5.7
1999-12-27T00:00:00,5.4
1999-12-28T00:00:00,5.2
1999-12-29T00:00:00,5.2
1999-12-30T00:00:00,4.9
1999-12-31T00:00:00,4.7
2000-01-01T00:00:00,4.7
2000-01-02T00:00:00,4.9
2000-01-03T00:00:00,4.7
2000-01-04T00:00:00,4.7
2000-01-05T00:00:00,4.7
2000-01-06T00:00:00,4.5
2000-01-07T00:00:00,4.2
2000-01-08T00:00:00,3.8
2000-01-09T00:00:00,4
2000-01-10T00:00:00,3.8
2000-01-11T00:00:00,3.8
2000-01-12T00:00:00,3.8
2000-01-13T00:00:00,3.6
2000-01-14T00:00:00,3.4
2000-01-15T00:00:00,3.3
2000-01-16T00:00:00,3.3
2000-01-17T00:00:00,3.1
2000-01-18T00:00:00,3.3
2000-01-19T00:00:00,3.1
2000-01-20T00:00:00,3.1
2000-01-21T00:00:00,2.9
2000-01-22T00:00:00,2.7
2000-01-23T00:00:00,2.7
2000-01-24T00:00:00,2.9
2000-01-25T00:00:00,2.9
2000-01-26T00:00:00,3.1
2000-01-27T00:00:00,2.7
2000-01-28T00:00:00,2.7
2000-01-29T00:00:00,2.6
2000-01-30T00:00:00,2.6
2000-01-31T00:00:00,2.6
2000-02-01T00:00:00,2.6
2000-02-02T00:00:00,2.6
2000-02-03T00:00:00,2.4
2000-02-04T00:00:00,2.4
2000-02-05T00:00:00,2.4
2000-02-06T00:00:00,2.3
2000-02-07T00:00:00,2.3
2000-02-08T00:00:00,2.3
2000-02-09T00:00:00,2.3
2000-02-10T00:00:00,2.3
2000-02-11T00:00:00,2.1
2000-02-12T00:00:00,2.1
2000-02-13T00:00:00,2
2000-02-14T00:00:00,2
2000-02-15T00:00:00,2.1
2000-02-16T00:00:00,2.1
2000-02-17T00:00:00,2
2000-02-18T00:00:00,2
2000-02-19T00:00:00,2
2000-02-20T00:00:00,1.8
2000-02-21T00:00:00,1.7
2000-02-22T00:00:00,1.8
2000-02-23T00:00:00,1.8
2000-02-24T00:00:00,1.8
2000-02-25T00:00:00,1.7
2000-02-26T00:00:00,1.7
2000-02-27T00:00:00,1.7
2000-02-28T00:00:00,1.6
2000-02-29T00:00:00,1.7
2000-03-01T00:00:00,1.7
2000-03-02T00:00:00,1.6
2000-03-03T00:00:00,1.6
2000-03-04T00:00:00,1.6
2000-03-05T00:00:00,1.6
2000-03-06T00:00:00,1.6
2000-03-07T00:00:00,1.6
2000-03-08T00:00:00,1.6
2000-03-09T00:00:00,1.6
2000-03-10T00:00:00,1.6
2000-03-11T00:00:00,1.6
2000-03-12T00:00:00,1.6
2000-03-13T00:00:00,1.6
2000-03-14T00:00:00,1.6
2000-03-15T00:00:00,1.6
2000-03-16T00:00:00,1.5
2000-03-17T00:00:00,1.5
2000-03-18T00:00:00,1.6
2000-03-19T00:00:00,1.5
2000-03-20T00:00:00,1.5
2000-03-21T00:00:00,1.5
2000-03-22T00:00:00,1.5
2000-03-23T00:00:00,1.5
2000-03-24T00:00:00,1.4
2000-03-25T00:00:00,1.4
2000-03-26T00:00:00,1.4
2000-03-27T00:00:00,1.4
2000-03-28T00:00:00,1.4
2000-03-29T00:00:00,1.4
2000-03-30T00:00:00,1.3
2000-03-31T00:00:00,1.3
2000-04-01T00:00:00,1.3
2000-04-02T00:00:00,1.2
2000-04-03T00:00:00,1.2
2000-04-04T00:00:00,1.2
2000-04-05T00:00:00,1.3
2000-04-06T00:00:00,1.6
2000-04-07T00:00:00,1.8
2000-04-08T00:00:00,2.1
2000-04-09T00:00:00,2
2000-04-10T00:00:00,1.8
2000-04-11T00:00:00,1.6
2000-04-12T00:00:00,1.6
2000-04-13T00:00:00,1.5
2000-04-14T00:00:00,1.5
2000-04-15T00:00:00,1.5
2000-04-16T00:00:00,2.1
2000-04-17T00:00:00,4.2
2000-04-18T00:00:00,3.3
2000-04-19T00:00:00,3.4
2000-04-20T00:00:00,3.6
2000-04-21T00:00:00,2.9
2000-04-22T00:00:00,2.6
2000-04-23T00:00:00,7.9
2000-04-24T00:00:00,8.5
2000-04-25T00:00:00,7.9
2000-04-26T00:00:00,4.7
2000-04-27T00:00:00,4.7
2000-04-28T00:00:00,3.8
2000-04-29T00:00:00,3.8
2000-04-30T00:00:00,3.8
2000-05-01T00:00:00,3.8
2000-05-02T00:00:00,2.1
2000-05-03T00:00:00,2
2000-05-04T00:00:00,1.8
2000-05-05T00:00:00,1.6
2000-05-06T00:00:00,1.6
2000-05-07T00:00:00,1.6
2000-05-08T00:00:00,1.5
2000-05-09T00:00:00,1.6
2000-05-10T00:00:00,2.1
2000-05-11T00:00:00,3.4
2000-05-12T00:00:00,3.4
2000-05-13T00:00:00,4.7
2000-05-14T00:00:00,5.4
2000-05-15T00:00:00,3.1
2000-05-16T00:00:00,3.8
2000-05-17T00:00:00,3.1
2000-05-18T00:00:00,6.7
2000-05-19T00:00:00,6.2
2000-05-20T00:00:00,15.1
2000-05-21T00:00:00,3.8
2000-05-22T00:00:00,5.7
2000-05-23T00:00:00,3.4
2000-05-24T00:00:00,6.2
2000-05-25T00:00:00,4.7
2000-05-26T00:00:00,6.2
2000-05-27T00:00:00,33.7
2000-05-28T00:00:00,9.9
2000-05-29T00:00:00,13.8
2000-05-30T00:00:00,12.9
2000-05-31T00:00:00,11.7
2000-06-01T00:00:00,5.7
2000-06-02T00:00:00,38.2
2000-06-03T00:00:00,18.4
2000-06-04T00:00:00,9.2
2000-06-05T00:00:00,15.5
2000-06-06T00:00:00,16.9
2000-06-07T00:00:00,11.3
2000-06-08T00:00:00,47.4
2000-06-09T00:00:00,16
2000-06-10T00:00:00,60.7
2000-06-11T00:00:00,47.4
2000-06-12T00:00:00,12.1
2000-06-13T00:00:00,23.9
2000-06-14T00:00:00,15.5
2000-06-15T00:00:00,53.8
2000-06-16T00:00:00,38.2
2000-06-17T00:00:00,16.9
2000-06-18T00:00:00,13.8
2000-06-19T00:00:00,67
2000-06-20T00:00:00,109.8
2000-06-21T00:00:00,39
2000-06-22T00:00:00,64.8
2000-06-23T00:00:00,71.4
2000-06-24T00:00:00,27.8
2000-06-25T00:00:00,51
2000-06-26T00:00:00,88.1
2000-06-27T00:00:00,54.7
2000-06-28T00:00:00,121.7
2000-06-29T00:00:00,95.9
2000-06-30T00:00:00,134.3
2000-07-01T00:00:00,90.6
2000-07-02T00:00:00,58.6
2000-07-03T00:00:00,124.8
2000-07-04T00:00:00,198.5
2000-07-05T00:00:00,149.4
2000-07-06T00:00:00,129.5
2000-07-07T00:00:00,74.8
2000-07-08T00:00:00,221.7
2000-07-09T00:00:00,169.2
2000-07-10T00:00:00,139.3
2000-07-11T00:00:00,223.9
2000-07-12T00:00:00,146
2000-07-13T00:00:00,171
2000-07-14T00:00:00,180.6
2000-07-15T00:00:00,112.7
2000-07-16T00:00:00,200.5
2000-07-17T00:00:00,127.9
2000-07-18T00:00:00,86.8
2000-07-19T00:00:00,142.6
2000-07-20T00:00:00,114.2
2000-07-21T00:00:00,174.8
2000-07-22T00:00:00,89.4
2000-07-23T00:00:00,95.9
2000-07-24T00:00:00,217.3
2000-07-25T00:00:00,147.7
2000-07-26T00:00:00,223.9
2000-07-27T00:00:00,178.6
2000-07-28T00:00:00,144.3
2000-07-29T00:00:00,112.7
2000-07-30T00:00:00,163.6
2000-07-31T00:00:00,106.9
2000-08-01T00:00:00,99.9
2000-08-02T00:00:00,180.6
2000-08-03T00:00:00,275.2
2000-08-04T00:00:00,202.6
2000-08-05T00:00:00,194.4
2000-08-06T00:00:00,106.9
2000-08-07T00:00:00,137.6
2000-08-08T00:00:00,94.6
2000-08-09T00:00:00,80.7
2000-08-10T00:00:00,277.7
2000-08-11T00:00:00,169.2
2000-08-12T00:00:00,287.8
2000-08-13T00:00:00,244.1
2000-08-14T00:00:00,308.5
2000-08-15T00:00:00,182.5
2000-08-16T00:00:00,123.2
2000-08-17T00:00:00,198.5
2000-08-18T00:00:00,381.9
2000-08-19T00:00:00,287.8
2000-08-20T00:00:00,265.4
2000-08-21T00:00:00,251.1
2000-08-22T00:00:00,172.9
2000-08-23T00:00:00,251.1
2000-08-24T00:00:00,167.3
2000-08-25T00:00:00,198.5
2000-08-26T00:00:00,217.3
2000-08-27T00:00:00,253.5
2000-08-28T00:00:00,152.9
2000-08-29T00:00:00,137.6
2000-08-30T00:00:00,158.2
2000-08-31T00:00:00,176.7
2000-09-01T00:00:00,163.6
2000-09-02T00:00:00,163.6
2000-09-03T00:00:00,126.3
2000-09-04T00:00:00,160
2000-09-05T00:00:00,192.4
2000-09-06T00:00:00,134.3
2000-09-07T00:00:00,180.6
2000-09-08T00:00:00,137.6
2000-09-09T00:00:00,120.2
2000-09-10T00:00:00,124.8
2000-09-11T00:00:00,139.3
2000-09-12T00:00:00,176.7
2000-09-13T00:00:00,163.6
2000-09-14T00:00:00,204.6
2000-09-15T00:00:00,223.9
2000-09-16T00:00:00,165.5
2000-09-17T00:00:00,163.6
2000-09-18T00:00:00,97.2
2000-09-19T00:00:00,93.3
2000-09-20T00:00:00,112.7
2000-09-21T00:00:00,84.3
2000-09-22T00:00:00,88.1
2000-09-23T00:00:00,115.6
2000-09-24T00:00:00,90.6
2000-09-25T00:00:00,104.1
2000-09-26T00:00:00,93.3
2000-09-27T00:00:00,97.2
2000-09-28T00:00:00,85.6
2000-09-29T00:00:00,56.7
2000-09-30T00:00:00,167.3
2000-10-01T00:00:00,161.8
2000-10-02T00:00:00,154.7
2000-10-03T00:00:00,154.7
2000-10-04T00:00:00,213.1
2000-10-05T00:00:00,126.3
2000-10-06T00:00:00,109.8
2000-10-07T00:00:00,144.3
2000-10-08T00:00:00,102.7
2000-10-09T00:00:00,81.9
2000-10-10T00:00:00,131.1
2000-10-11T00:00:00,198.5
2000-10-12T00:00:00,90.6
2000-10-13T00:00:00,95.9
2000-10-14T00:00:00,101.3
2000-10-15T00:00:00,69.1
2000-10-16T00:00:00,68
2000-10-17T00:00:00,94.6
2000-10-18T00:00:00,80.7
2000-10-19T00:00:00,98.6
2000-10-20T00:00:00,67
2000-10-21T00:00:00,118.6
2000-10-22T00:00:00,208.8
2000-10-23T00:00:00,251.1
2000-10-24T00:00:00,114.2
2000-10-25T00:00:00,79.5
2000-10-26T00:00:00,106.9
2000-10-27T00:00:00,151.2
2000-10-28T00:00:00,114.2
2000-10-29T00:00:00,120.2
2000-10-30T00:00:00,194.4
2000-10-31T00:00:00,202.6
2000-11-01T00:00:00,91.9
2000-11-02T00:00:00,70.2
2000-11-03T00:00:00,58.6
2000-11-04T00:00:00,51.9
2000-11-05T00:00:00,49.1
2000-11-06T00:00:00,43.1
2000-11-07T00:00:00,37.5
2000-11-08T00:00:00,43.9
2000-11-09T00:00:00,39
2000-11-10T00:00:00,39.8
2000-11-11T00:00:00,30.2
2000-11-12T00:00:00,39
2000-11-13T00:00:00,55.7
2000-11-14T00:00:00,43.1
2000-11-15T00:00:00,31.6
2000-11-16T00:00:00,33.7
2000-11-17T00:00:00,104.1
2000-11-18T00:00:00,64.8
2000-11-19T00:00:00,33
2000-11-20T00:00:00,28.9
2000-11-21T00:00:00,24.5
2000-11-22T00:00:00,23.3
2000-11-23T00:00:00,22.2
2000-11-24T00:00:00,21.1
2000-11-25T00:00:00,18.4
2000-11-26T00:00:00,18.4
2000-11-27T00:00:00,17.4
2000-11-28T00:00:00,16
2000-11-29T00:00:00,14.6
2000-11-30T00:00:00,14.2
2000-12-01T00:00:00,13.8
2000-12-02T00:00:00,13.3
2000-12-03T00:00:00,13.3
2000-12-04T00:00:00,12.9
2000-12-05T00:00:00,12.1
2000-12-06T00:00:00,12.1
2000-12-07T00:00:00,11.3
2000-12-08T00:00:00,10.6
2000-12-09T00:00:00,10.2
2000-12-10T00:00:00,9.9
2000-12-11T00:00:00,9.9
2000-12-12T00:00:00,9.9
2000-12-13T00:00:00,9.2
2000-12-14T00:00:00,9.2
2000-12-15T00:00:00,10.6
2000-12-16T00:00:00,9.9
2000-12-17T00:00:00,9.2
2000-12-18T00:00:00,8.5
2000-12-19T00:00:00,8.5
2000-12-20T00:00:00,8.2
2000-12-21T00:00:00,7.9
2000-12-22T00:00:00,7.3
2000-12-23T00:00:00,7.3
2000-12-24T00:00:00,7.3
2000-12-25T00:00:00,7
2000-12-26T00:00:00,6.7
2000-12-27T00:00:00,6.4
2000-12-28T00:00:00,6.2
2000-12-29T00:00:00,5.9
2000-12-30T00:00:00,5.7
2000-12-31T00:00:00,5.7
2001-01-01T00:00:00,5.4
2001-01-02T00:00:00,5.2
2001-01-03T00:00:00,5.2
2001-01-04T00:00:00,4.7
2001-01-05T00:00:00,4.7
2001-01-06T00:00:00,4.7
2001-01-07T00:00:00,4.2
2001-01-08T00:00:00,4.2
2001-01-09T00:00:00,4.5
2001-01-10T00:00:00,4.5
2001-01-11T00:00:00,4.2
2001-01-12T00:00:00,4
2001-01-13T00:00:00,4
2001-01-14T00:00:00,3.8
2001-01-15T00:00:00,3.8
2001-01-16T00:00:00,3.8
2001-01-17T00:00:00,3.8
2001-01-18T00:00:00,3.6
2001-01-19T00:00:00,3.6
2001-01-20T00:00:00,3.4
2001-01-21T00:00:00,3.4
2001-01-22T00:00:00,3.4
2001-01-23T00:00:00,3.4
2001-01-24T00:00:00,3.4
2001-01-25T00:00:00,3.3
2001-01-26T00:00:00,3.1
2001-01-27T00:00:00,3.1
2001-01-28T00:00:00,3.1
2001-01-29T00:00:00,3.1
2001-01-30T00:00:00,3.1
2001-01-31T00:00:00,3.1
2001-02-01T00:00:00,3.1
2001-02-02T00:00:00,2.7
2001-02-03T00:00:00,2.7
2001-02-04T00:00:00,2.6
2001-02-05T00:00:00,2.6
2001-02-06T00:00:00,2.6
2001-02-07T00:00:00,2.4
2001-02-08T00:00:00,2.6
2001-02-09T00:00:00,2.4
2001-02-10T00:00:00,2.4
2001-02-11T00:00:00,2.4
2001-02-12T00:00:00,2.4
2001-02-13T00:00:00,2.4
2001-02-14T00:00:00,2.4
2001-02-15T00:00:00,2.4
2001-02-16T00:00:00,2.3
2001-02-17T00:00:00,2.3
2001-02-18T00:00:00,2.1
2001-02-19T00:00:00,2.3
2001-02-20T00:00:00,2.3
2001-02-21T00:00:00,2.3
2001-02-22T00:00:00,2.1
2001-02-23T00:00:00,2
2001-02-24T00:00:00,2.1
2001-02-25T00:00:00,2
2001-02-26T00:00:00,2.1
2001-02-27T00:00:00,2.1
2001-02-28T00:00:00,2.1
2001-03-01T00:00:00,2.1
2001-03-02T00:00:00,1.8
2001-03-03T00:00:00,1.8
2001-03-04T00:00:00,1.8
2001-03-05T00:00:00,1.8
2001-03-06T00:00:00,2
2001-03-07T00:00:00,1.8
2001-03-08T00:00:00,1.8
2001-03-09T00:00:00,1.8
2001-03-10T00:00:00,1.6
2001-03-11T00:00:00,1.6
2001-03-12T00:00:00,1.6
2001-03-13T00:00:00,1.6
2001-03-14T00:00:00,1.6
2001-03-15T00:00:00,1.6
2001-03-16T00:00:00,1.6
2001-03-17T00:00:00,1.6
2001-03-18T00:00:00,1.6
2001-03-19T00:00:00,1.8
2001-03-20T00:00:00,2
2001-03-21T00:00:00,2.1
2001-03-22T00:00:00,2.6
2001-03-23T00:00:00,2.4
2001-03-24T00:00:00,2.1
2001-03-25T00:00:00,2
2001-03-26T00:00:00,1.8
2001-03-27T00:00:00,1.7
2001-03-28T00:00:00,1.7
2001-03-29T00:00:00,1.6
2001-03-30T00:00:00,1.6
2001-03-31T00:00:00,1.6
2001-04-01T00:00:00,1.6
2001-04-02T00:00:00,1.6
2001-04-03T00:00:00,1.6
2001-04-04T00:00:00,1.5
2001-04-05T00:00:00,1.5
2001-04-06T00:00:00,1.5
2001-04-07T00:00:00,1.5
2001-04-08T00:00:00,3.6
2001-04-09T00:00:00,2.9
2001-04-10T00:00:00,2.1
2001-04-11T00:00:00,1.8
2001-04-12T00:00:00,1.6
2001-04-13T00:00:00,1.6
2001-04-14T00:00:00,1.6
2001-04-15T00:00:00,1.5
2001-04-16T00:00:00,1.4
2001-04-17T00:00:00,1.4
2001-04-18T00:00:00,1.4
2001-04-19T00:00:00,1.3
2001-04-20T00:00:00,1.3
2001-04-21T00:00:00,1.4
2001-04-22T00:00:00,1.8
2001-04-23T00:00:00,2.3
2001-04-24T00:00:00,2.1
2001-04-25T00:00:00,2.1
2001-04-26T00:00:00,1.7
2001-04-27T00:00:00,1.6
2001-04-28T00:00:00,1.6
2001-04-29T00:00:00,1.6
2001-04-30T00:00:00,3.3
2001-05-01T00:00:00,1.8
2001-05-02T00:00:00,1.6
2001-05-03T00:00:00,1.5
2001-05-04T00:00:00,1.4
2001-05-05T00:00:00,1.3
2001-05-06T00:00:00,1.2
2001-05-07T00:00:00,1.2
2001-05-08T00:00:00,1.1
2001-05-09T00:00:00,1.1
2001-05-10T00:00:00,1.1
2001-05-11T00:00:00,1.2
2001-05-12T00:00:00,1.6
2001-05-13T00:00:00,1.8
2001-05-14T00:00:00,4.2
2001-05-15T00:00:00,3.8
2001-05-16T00:00:00,2.4
2001-05-17T00:00:00,3.1
2001-05-18T00:00:00,6.7
2001-05-19T00:00:00,16.5
2001-05-20T00:00:00,5.2
2001-05-21T00:00:00,11.3
2001-05-22T00:00:00,9.5
2001-05-23T00:00:00,7.9
2001-05-24T00:00:00,7
2001-05-25T00:00:00,5.7
2001-05-26T00:00:00,9.2
2001-05-27T00:00:00,11.7
2001-05-28T00:00:00,11.7
2001-05-29T00:00:00,12.1
2001-05-30T00:00:00,21.1
2001-05-31T00:00:00,9.2
2001-06-01T00:00:00,12.1
2001-06-02T00:00:00,16.5
2001-06-03T00:00:00,12.1
2001-06-04T00:00:00,12.1
2001-06-05T00:00:00,25.7
2001-06-06T00:00:00,190.4
2001-06-07T00:00:00,45.6
2001-06-08T00:00:00,160
2001-06-09T00:00:00,27
2001-06-10T00:00:00,121.7
2001-06-11T00:00:00,50
2001-06-12T00:00:00,58.6
2001-06-13T00:00:00,26.3
2001-06-14T00:00:00,99.9
2001-06-15T00:00:00,33
2001-06-16T00:00:00,28.2
2001-06-17T00:00:00,45.6
2001-06-18T00:00:00,16.5
2001-06-19T00:00:00,28.2
2001-06-20T00:00:00,50
2001-06-21T00:00:00,95.9
2001-06-22T00:00:00,105.5
2001-06-23T00:00:00,80.7
2001-06-24T00:00:00,106.9
2001-06-25T00:00:00,88.1
2001-06-26T00:00:00,81.9
2001-06-27T00:00:00,65.9
2001-06-28T00:00:00,97.2
2001-06-29T00:00:00,84.3
2001-06-30T00:00:00,90.6
2001-07-01T00:00:00,70.2
2001-07-02T00:00:00,101.3
2001-07-03T00:00:00,79.5
2001-07-04T00:00:00,118.6
2001-07-05T00:00:00,117.1
2001-07-06T00:00:00,152.9
2001-07-07T00:00:00,134.3
2001-07-08T00:00:00,101.3
2001-07-09T00:00:00,115.6
2001-07-10T00:00:00,206.7
2001-07-11T00:00:00,105.5
2001-07-12T00:00:00,93.3
2001-07-13T00:00:00,61.7
2001-07-14T00:00:00,118.6
2001-07-15T00:00:00,147.7
2001-07-16T00:00:00,91.9
2001-07-17T00:00:00,88.1
2001-07-18T00:00:00,95.9
2001-07-19T00:00:00,200.5
2001-07-20T00:00:00,258.2
2001-07-21T00:00:00,300.6
2001-07-22T00:00:00,213.1
2001-07-23T00:00:00,165.5
2001-07-24T00:00:00,156.4
2001-07-25T00:00:00,228.3
2001-07-26T00:00:00,112.7
2001-07-27T00:00:00,124.8
2001-07-28T00:00:00,184.4
2001-07-29T00:00:00,136
2001-07-30T00:00:00,303.2
2001-07-31T00:00:00,142.6
2001-08-01T00:00:00,221.7
2001-08-02T00:00:00,202.6
2001-08-03T00:00:00,226.1
2001-08-04T00:00:00,285.2
2001-08-05T00:00:00,213.1
2001-08-06T00:00:00,258.2
2001-08-07T00:00:00,204.6
2001-08-08T00:00:00,295.4
2001-08-09T00:00:00,176.7
2001-08-10T00:00:00,255.8
2001-08-11T00:00:00,280.2
2001-08-12T00:00:00,263
2001-08-13T00:00:00,215.2
2001-08-14T00:00:00,219.5
2001-08-15T00:00:00,178.6
2001-08-16T00:00:00,230.5
2001-08-17T00:00:00,200.5
2001-08-18T00:00:00,215.2
2001-08-19T00:00:00,161.8
2001-08-20T00:00:00,165.5
2001-08-21T00:00:00,146
2001-08-22T00:00:00,152.9
2001-08-23T00:00:00,184.4
2001-08-24T00:00:00,169.2
2001-08-25T00:00:00,188.4
2001-08-26T00:00:00,129.5
2001-08-27T00:00:00,263
2001-08-28T00:00:00,165.5
2001-08-29T00:00:00,163.6
2001-08-30T00:00:00,165.5
2001-08-31T00:00:00,204.6
2001-09-01T00:00:00,202.6
2001-09-02T00:00:00,188.4
2001-09-03T00:00:00,184.4
2001-09-04T00:00:00,244.1
2001-09-05T00:00:00,126.3
2001-09-06T00:00:00,206.7
2001-09-07T00:00:00,161.8
2001-09-08T00:00:00,221.7
2001-09-09T00:00:00,237.3
2001-09-10T00:00:00,118.6
2001-09-11T00:00:00,115.6
2001-09-12T00:00:00,88.1
2001-09-13T00:00:00,118.6
2001-09-14T00:00:00,178.6
2001-09-15T00:00:00,129.5
2001-09-16T00:00:00,137.6
2001-09-17T00:00:00,146
2001-09-18T00:00:00,178.6
2001-09-19T00:00:00,126.3
2001-09-20T00:00:00,129.5
2001-09-21T00:00:00,75.9
2001-09-22T00:00:00,101.3
2001-09-23T00:00:00,105.5
2001-09-24T00:00:00,94.6
2001-09-25T00:00:00,62.7
2001-09-26T00:00:00,49.1
2001-09-27T00:00:00,74.8
2001-09-28T00:00:00,77.1
2001-09-29T00:00:00,94.6
2001-09-30T00:00:00,48.2
2001-10-01T00:00:00,39
2001-10-02T00:00:00,89.4
2001-10-03T00:00:00,46.5
2001-10-04T00:00:00,37.5
2001-10-05T00:00:00,32.3
2001-10-06T00:00:00,33
2001-10-07T00:00:00,28.2
2001-10-08T00:00:00,27.6
2001-10-09T00:00:00,29.6
2001-10-10T00:00:00,28.9
2001-10-11T00:00:00,45.6
2001-10-12T00:00:00,56.7
2001-10-13T00:00:00,54.7
2001-10-14T00:00:00,33
2001-10-15T00:00:00,27
2001-10-16T00:00:00,42.2
2001-10-17T00:00:00,65.9
2001-10-18T00:00:00,34.5
2001-10-19T00:00:00,49.1
2001-10-20T00:00:00,57.6
2001-10-21T00:00:00,50
2001-10-22T00:00:00,26.3
2001-10-23T00:00:00,37.5
2001-10-24T00:00:00,23.9
2001-10-25T00:00:00,20.5
2001-10-26T00:00:00,22.7
2001-10-27T00:00:00,65.9
2001-10-28T00:00:00,64.8
2001-10-29T00:00:00,39
2001-10-30T00:00:00,22.7
2001-10-31T00:00:00,53.8
2001-11-01T00:00:00,30.2
2001-11-02T00:00:00,33
2001-11-03T00:00:00,28.9
2001-11-04T00:00:00,21.6
2001-11-05T00:00:00,17.9
2001-11-06T00:00:00,16.9
2001-11-07T00:00:00,15.1
2001-11-08T00:00:00,14.6
2001-11-09T00:00:00,14.2
2001-11-10T00:00:00,13.8
2001-11-11T00:00:00,12.9
2001-11-12T00:00:00,12.1
2001-11-13T00:00:00,11.3
2001-11-14T00:00:00,11.3
2001-11-15T00:00:00,10.6
2001-11-16T00:00:00,10.6
2001-11-17T00:00:00,10.6
2001-11-18T00:00:00,10.2
2001-11-19T00:00:00,9.9
2001-11-20T00:00:00,9.5
2001-11-21T00:00:00,9.2
2001-11-22T00:00:00,10.6
2001-11-23T00:00:00,27.6
2001-11-24T00:00:00,17.4
2001-11-25T00:00:00,11.3
2001-11-26T00:00:00,10.6
2001-11-27T00:00:00,9.9
2001-11-28T00:00:00,9.2
2001-11-29T00:00:00,8.5
2001-11-30T00:00:00,8.5
2001-12-01T00:00:00,7.9
2001-12-02T00:00:00,7.9
2001-12-03T00:00:00,7.9
2001-12-04T00:00:00,7.3
2001-12-05T00:00:00,7
2001-12-06T00:00:00,6.7
2001-12-07T00:00:00,6.7
2001-12-08T00:00:00,6.2
2001-12-09T00:00:00,6.7
2001-12-10T00:00:00,7.6
2001-12-11T00:00:00,6.7
2001-12-12T00:00:00,6.2
2001-12-13T00:00:00,5.9
2001-12-14T00:00:00,5.7
2001-12-15T00:00:00,5.7
2001-12-16T00:00:00,5.7
2001-12-17T00:00:00,5.2
2001-12-18T00:00:00,5.2
2001-12-19T00:00:00,4.7
2001-12-20T00:00:00,4.7
2001-12-21T00:00:00,4.5
2001-12-22T00:00:00,4.3
2001-12-23T00:00:00,4
2001-12-24T00:00:00,4
2001-12-25T00:00:00,4
2001-12-26T00:00:00,3.8
2001-12-27T00:00:00,3.6
2001-12-28T00:00:00,3.6
2001-12-29T00:00:00,3.4
2001-12-30T00:00:00,3.6
2001-12-31T00:00:00,4.2
2002-01-01T00:00:00,4.2
2002-01-02T00:00:00,3.8
2002-01-03T00:00:00,3.8
2002-01-04T00:00:00,3.8
2002-01-05T00:00:00,3.8
2002-01-06T00:00:00,3.6
2002-01-07T00:00:00,3.6
2002-01-08T00:00:00,3.6
2002-01-09T00:00:00,3.7
2002-01-10T00:00:00,3.4
2002-01-11T00:00:00,3.4
2002-01-12T00:00:00,3.4
2002-01-13T00:00:00,3.1
2002-01-14T00:00:00,3.4
2002-01-15T00:00:00,3.8
2002-01-16T00:00:00,3.6
2002-01-17T00:00:00,3.4
2002-01-18T00:00:00,3.1
2002-01-19T00:00:00,2.9
2002-01-20T00:00:00,2.7
2002-01-21T00:00:00,2.7
2002-01-22T00:00:00,2.7
2002-01-23T00:00:00,2.7
2002-01-24T00:00:00,2.6
2002-01-25T00:00:00,2.4
2002-01-26T00:00:00,2.4
2002-01-27T00:00:00,2.3
2002-01-28T00:00:00,2.3
2002-01-29T00:00:00,2.3
2002-01-30T00:00:00,2.3
2002-01-31T00:00:00,2.3
2002-02-01T00:00:00,2.3
2002-02-02T00:00:00,2.3
2002-02-03T00:00:00,2.3
2002-02-04T00:00:00,2.1
2002-02-05T00:00:00,2.1
2002-02-06T00:00:00,2.1
2002-02-07T00:00:00,2
2002-02-08T00:00:00,2
2002-02-09T00:00:00,2
2002-02-10T00:00:00,2
2002-02-11T00:00:00,1.8
2002-02-12T00:00:00,1.8
2002-02-13T00:00:00,1.8
2002-02-14T00:00:00,1.7
2002-02-15T00:00:00,1.7
2002-02-16T00:00:00,1.7
2002-02-17T00:00:00,1.7
2002-02-18T00:00:00,1.7
2002-02-19T00:00:00,1.7
2002-02-20T00:00:00,1.7
2002-02-21T00:00:00,1.6
2002-02-22T00:00:00,1.6
2002-02-23T00:00:00,1.6
2002-02-24T00:00:00,1.6
2002-02-25T00:00:00,1.6
2002-02-26T00:00:00,1.5
2002-02-27T00:00:00,1.5
2002-02-28T00:00:00,1.5
2002-03-01T00:00:00,1.5
2002-03-02T00:00:00,1.4
2002-03-03T00:00:00,1.4
2002-03-04T00:00:00,1.6
2002-03-05T00:00:00,1.6
2002-03-06T00:00:00,1.6
2002-03-07T00:00:00,1.6
2002-03-08T00:00:00,1.5
2002-03-09T00:00:00,1.4
2002-03-10T00:00:00,1.4
2002-03-11T00:00:00,1.4
2002-03-12T00:00:00,1.4
2002-03-13T00:00:00,1.4
2002-03-14T00:00:00,1.3
2002-03-15T00:00:00,1.3
2002-03-16T00:00:00,1.5
2002-03-17T00:00:00,1.8
2002-03-18T00:00:00,1.6
2002-03-19T00:00:00,1.6
2002-03-20T00:00:00,1.6
2002-03-21T00:00:00,1.5
2002-03-22T00:00:00,1.4
2002-03-23T00:00:00,1.3
2002-03-24T00:00:00,1.3
2002-03-25T00:00:00,1.3
2002-03-26T00:00:00,1.4
2002-03-27T00:00:00,1.4
2002-03-28T00:00:00,1.4
2002-03-29T00:00:00,1.4
2002-03-30T00:00:00,1.3
2002-03-31T00:00:00,1.2
2002-04-01T00:00:00,1.2
2002-04-02T00:00:00,0.9
2002-04-03T00:00:00,1.3
2002-04-04T00:00:00,1.2
2002-04-05T00:00:00,1.2
2002-04-06T00:00:00,1.2
2002-04-07T00:00:00,1.3
2002-04-08T00:00:00,1.3
2002-04-09T00:00:00,1.3
2002-04-10T00:00:00,1.3
2002-04-11T00:00:00,1.6
2002-04-12T00:00:00,1.4
2002-04-13T00:00:00,1.4
2002-04-14T00:00:00,1.3
2002-04-15T00:00:00,1.1
2002-04-16T00:00:00,1.2
2002-04-17T00:00:00,1
2002-04-18T00:00:00,1
2002-04-19T00:00:00,0.9
2002-04-20T00:00:00,0.9
2002-04-21T00:00:00,0.9
2002-04-22T00:00:00,0.9
2002-04-23T00:00:00,0.8
2002-04-24T00:00:00,0.8
2002-04-25T00:00:00,0.8
2002-04-26T00:00:00,0.8
2002-04-27T00:00:00,0.8
2002-04-28T00:00:00,0.8
2002-04-29T00:00:00,0.7
2002-04-30T00:00:00,0.8
2002-05-01T00:00:00,0.8
2002-05-02T00:00:00,0.8
2002-05-03T00:00:00,0.8
2002-05-04T00:00:00,0.9
2002-05-05T00:00:00,1.2
2002-05-06T00:00:00,1.2
2002-05-07T00:00:00,1
2002-05-08T00:00:00,1
2002-05-09T00:00:00,0.9
2002-05-10T00:00:00,0.9
2002-05-11T00:00:00,0.9
2002-05-12T00:00:00,0.8
2002-05-13T00:00:00,0.8
2002-05-14T00:00:00,0.8
2002-05-15T00:00:00,0.8
2002-05-16T00:00:00,0.8
2002-05-17T00:00:00,0.7
2002-05-18T00:00:00,0.9
2002-05-19T00:00:00,0.9
2002-05-20T00:00:00,1
2002-05-21T00:00:00,1.3
2002-05-22T00:00:00,1.1
2002-05-23T00:00:00,0.9
2002-05-24T00:00:00,0.8
2002-05-25T00:00:00,0.8
2002-05-26T00:00:00,0.8
2002-05-27T00:00:00,0.6
2002-05-28T00:00:00,0.6
2002-05-29T00:00:00,0.6
2002-05-30T00:00:00,1.2
2002-05-31T00:00:00,2.1
2002-06-01T00:00:00,3.8
2002-06-02T00:00:00,5.9
2002-06-03T00:00:00,61.7
2002-06-04T00:00:00,28.9
2002-06-05T00:00:00,3.8
2002-06-06T00:00:00,9.9
2002-06-07T00:00:00,7.3
2002-06-08T00:00:00,3.3
2002-06-09T00:00:00,10.2
2002-06-10T00:00:00,48.2
2002-06-11T00:00:00,16.9
2002-06-12T00:00:00,37.5
2002-06-13T00:00:00,19.5
2002-06-14T00:00:00,19.5
2002-06-15T00:00:00,77.1
2002-06-16T00:00:00,42.2
2002-06-17T00:00:00,35.9
2002-06-18T00:00:00,60.7
2002-06-19T00:00:00,15.1
2002-06-20T00:00:00,47.4
2002-06-21T00:00:00,20.5
2002-06-22T00:00:00,40.6
2002-06-23T00:00:00,23.9
2002-06-24T00:00:00,12.5
2002-06-25T00:00:00,124.8
2002-06-26T00:00:00,47.4
2002-06-27T00:00:00,42.2
2002-06-28T00:00:00,80.7
2002-06-29T00:00:00,81.9
2002-06-30T00:00:00,62.7
2002-07-01T00:00:00,58.6
2002-07-02T00:00:00,81.9
2002-07-03T00:00:00,65.9
2002-07-04T00:00:00,84.3
2002-07-05T00:00:00,42.2
2002-07-06T00:00:00,115.6
2002-07-07T00:00:00,45.6
2002-07-08T00:00:00,73.6
2002-07-09T00:00:00,67
2002-07-10T00:00:00,131.1
2002-07-11T00:00:00,171
2002-07-12T00:00:00,126.3
2002-07-13T00:00:00,200.5
2002-07-14T00:00:00,149.4
2002-07-15T00:00:00,56.7
2002-07-16T00:00:00,213.1
2002-07-17T00:00:00,186.4
2002-07-18T00:00:00,144.3
2002-07-19T00:00:00,140.9
2002-07-20T00:00:00,114.2
2002-07-21T00:00:00,88.1
2002-07-22T00:00:00,123.2
2002-07-23T00:00:00,200.5
2002-07-24T00:00:00,228.3
2002-07-25T00:00:00,144.3
2002-07-26T00:00:00,263
2002-07-27T00:00:00,196.4
2002-07-28T00:00:00,180.6
2002-07-29T00:00:00,248.8
2002-07-30T00:00:00,244.1
2002-07-31T00:00:00,184.4
2002-08-01T00:00:00,180.6
2002-08-02T00:00:00,196.4
2002-08-03T00:00:00,221.7
2002-08-04T00:00:00,219.5
2002-08-05T00:00:00,221.7
2002-08-06T00:00:00,144.3
2002-08-07T00:00:00,303.2
2002-08-08T00:00:00,182.5
2002-08-09T00:00:00,188.4
2002-08-10T00:00:00,140.9
2002-08-11T00:00:00,151.2
2002-08-12T00:00:00,127.9
2002-08-13T00:00:00,151.2
2002-08-14T00:00:00,235
2002-08-15T00:00:00,263
2002-08-16T00:00:00,182.5
2002-08-17T00:00:00,184.4
2002-08-18T00:00:00,151.2
2002-08-19T00:00:00,144.3
2002-08-20T00:00:00,121.7
2002-08-21T00:00:00,104.1
2002-08-22T00:00:00,109.8
2002-08-23T00:00:00,127.9
2002-08-24T00:00:00,144.3
2002-08-25T00:00:00,165.5
2002-08-26T00:00:00,144.3
2002-08-27T00:00:00,136
2002-08-28T00:00:00,101.3
2002-08-29T00:00:00,171
2002-08-30T00:00:00,158.2
2002-08-31T00:00:00,235
2002-09-01T00:00:00,90.6
2002-09-02T00:00:00,90.6
2002-09-03T00:00:00,131.1
2002-09-04T00:00:00,131.1
2002-09-05T00:00:00,93.3
2002-09-06T00:00:00,186.4
2002-09-07T00:00:00,124.8
2002-09-08T00:00:00,112.7
2002-09-09T00:00:00,137.6
2002-09-10T00:00:00,167.3
2002-09-11T00:00:00,80.7
2002-09-12T00:00:00,127.9
2002-09-13T00:00:00,118.6
2002-09-14T00:00:00,137.6
2002-09-15T00:00:00,74.8
2002-09-16T00:00:00,90.6
2002-09-17T00:00:00,94.6
2002-09-18T00:00:00,152.9
2002-09-19T00:00:00,72.5
2002-09-20T00:00:00,109.8
2002-09-21T00:00:00,80.7
2002-09-22T00:00:00,51.9
2002-09-23T00:00:00,74.8
2002-09-24T00:00:00,62.7
2002-09-25T00:00:00,70.2
2002-09-26T00:00:00,88.1
2002-09-27T00:00:00,70.2
2002-09-28T00:00:00,52.8
2002-09-29T00:00:00,69.1
2002-09-30T00:00:00,88.1
2002-10-01T00:00:00,47.4
2002-10-02T00:00:00,40.6
2002-10-03T00:00:00,35.2
2002-10-04T00:00:00,31.6
2002-10-05T00:00:00,29.6
2002-10-06T00:00:00,27.6
2002-10-07T00:00:00,69.1
2002-10-08T00:00:00,31.6
2002-10-09T00:00:00,34.5
2002-10-10T00:00:00,25.1
2002-10-11T00:00:00,22.2
2002-10-12T00:00:00,21.6
2002-10-13T00:00:00,20
2002-10-14T00:00:00,17.4
2002-10-15T00:00:00,16.9
2002-10-16T00:00:00,20.5
2002-10-17T00:00:00,25.1
2002-10-18T00:00:00,16.9
2002-10-19T00:00:00,15.1
2002-10-20T00:00:00,14.6
2002-10-21T00:00:00,18.4
2002-10-22T00:00:00,71.4
2002-10-23T00:00:00,69.1
2002-10-24T00:00:00,38.2
2002-10-25T00:00:00,25.7
2002-10-26T00:00:00,30.2
2002-10-27T00:00:00,40.6
2002-10-28T00:00:00,20.5
2002-10-29T00:00:00,18.4
2002-10-30T00:00:00,17.4
2002-10-31T00:00:00,16.5
2002-11-01T00:00:00,15.5
2002-11-02T00:00:00,19.5
2002-11-03T00:00:00,12.9
2002-11-04T00:00:00,15.5
2002-11-05T00:00:00,12.9
2002-11-06T00:00:00,14.6
2002-11-07T00:00:00,12.9
2002-11-08T00:00:00,11.7
2002-11-09T00:00:00,11.3
2002-11-10T00:00:00,10.6
2002-11-11T00:00:00,10.6
2002-11-12T00:00:00,10.2
2002-11-13T00:00:00,9.9
2002-11-14T00:00:00,9.2
2002-11-15T00:00:00,9.2
2002-11-16T00:00:00,9.2
2002-11-17T00:00:00,8.9
2002-11-18T00:00:00,11
2002-11-19T00:00:00,9.5
2002-11-20T00:00:00,9.2
2002-11-21T00:00:00,9.5
2002-11-22T00:00:00,8.5
2002-11-23T00:00:00,7.9
2002-11-24T00:00:00,7.9
2002-11-25T00:00:00,7.9
2002-11-26T00:00:00,7.6
2002-11-27T00:00:00,7.3
2002-11-28T00:00:00,8.5
2002-11-29T00:00:00,7.9
2002-11-30T00:00:00,6.4
2002-12-01T00:00:00,6.2
2002-12-02T00:00:00,6.2
2002-12-03T00:00:00,6.2
2002-12-04T00:00:00,5.9
2002-12-05T00:00:00,5.4
2002-12-06T00:00:00,5.2
2002-12-07T00:00:00,4.9
2002-12-08T00:00:00,4.7
2002-12-09T00:00:00,4.7
2002-12-10T00:00:00,4.7
2002-12-11T00:00:00,4.7
2002-12-12T00:00:00,4.2
2002-12-13T00:00:00,4.2
2002-12-14T00:00:00,4
2002-12-15T00:00:00,4.2
2002-12-16T00:00:00,4.7
2002-12-17T00:00:00,4.7
2002-12-18T00:00:00,4.2
2002-12-19T00:00:00,4
2002-12-20T00:00:00,3.8
2002-12-21T00:00:00,3.8
2002-12-22T00:00:00,3.4
2002-12-23T00:00:00,3.4
2002-12-24T00:00:00,3.4
2002-12-25T00:00:00,3.4
2002-12-26T00:00:00,3.3
2002-12-27T00:00:00,3.1
2002-12-28T00:00:00,3.1
2002-12-29T00:00:00,3.1
2002-12-30T00:00:00,2.9
2002-12-31T00:00:00,2.9
