time,Gilgel Abay,Gumera ,Rib,Abay            
1991-01-02T00:00:00,4.2,11.1,2.2,37.6
1991-01-03T00:00:00,4.2,11.1,2.2,37.6
1991-01-04T00:00:00,4.5,11.1,2.2,39
1991-01-05T00:00:00,4.2,11.5,2.2,39
1991-01-06T00:00:00,4.2,10.8,2.1,36.3
1991-01-07T00:00:00,4.2,10.4,2.2,36.3
1991-01-08T00:00:00,4,10.4,2.1,36.3
1991-01-09T00:00:00,4,10.4,2.1,36.3
1991-01-10T00:00:00,4,10.4,2.1,33.6
1991-01-11T00:00:00,3.8,10.3,2.1,31.1
1991-01-12T00:00:00,3.8,9.6,2.1,31.1
1991-01-13T00:00:00,3.8,9.6,2.1,32.3
1991-01-14T00:00:00,3.6,9.4,2,31.1
1991-01-15T00:00:00,3.8,9.4,2,31.1
1991-01-16T00:00:00,3.8,9.4,1.9,31.1
1991-01-17T00:00:00,3.8,9.1,1.9,29.8
1991-01-18T00:00:00,3.6,8.8,1.8,31.1
1991-01-19T00:00:00,3.4,8.5,1.8,28.6
1991-01-20T00:00:00,3.4,8.4,1.6,28.6
1991-01-21T00:00:00,3.4,8,1.5,28.6
1991-01-22T00:00:00,3.4,8.3,1.5,28.6
1991-01-23T00:00:00,3.3,8,1.5,27.5
1991-01-24T00:00:00,3.3,8.4,1.4,26.3
1991-01-25T00:00:00,3.3,8.3,1.3,33.6
1991-01-26T00:00:00,3.3,7.5,1.3,34.9
1991-01-27T00:00:00,3.1,7.7,1.3,33.6
1991-01-28T00:00:00,3.1,7.3,1.2,33.6
1991-01-29T00:00:00,3.1,7.3,1.2,33.6
1991-01-30T00:00:00,3.1,7.3,1.2,32.3
1991-01-31T00:00:00,2.9,7.3,1.2,33.6
1991-02-01T00:00:00,3.1,7.2,1.2,31.1
1991-02-02T00:00:00,2.9,7,1.2,31.1
1991-02-03T00:00:00,2.9,6.7,1.1,31.1
1991-02-04T00:00:00,2.7,6.7,1,31.1
1991-02-05T00:00:00,2.7,6.7,1,28.6
1991-02-06T00:00:00,2.9,6.6,0.9,26.3
1991-02-07T00:00:00,2.7,6.2,0.9,24.1
1991-02-08T00:00:00,2.7,5.9,0.9,23.1
1991-02-09T00:00:00,2.7,6.1,0.9,24.1
1991-02-10T00:00:00,2.6,6.1,0.8,24.1
1991-02-11T00:00:00,2.6,6.1,0.8,22.1
1991-02-12T00:00:00,2.6,6.1,0.7,24.1
1991-02-13T00:00:00,2.6,6.1,0.7,24.1
1991-02-14T00:00:00,2.6,6.1,0.7,24.1
1991-02-15T00:00:00,2.4,5.9,0.6,24.1
1991-02-16T00:00:00,2.4,5.7,0.6,23.1
1991-02-17T00:00:00,2.4,5.8,0.6,24.1
1991-02-18T00:00:00,2.4,5.6,0.5,24.1
1991-02-19T00:00:00,2.3,5.6,0.5,24.1
1991-02-20T00:00:00,2.3,5.7,0.5,24.1
1991-02-21T00:00:00,2.3,5.9,0.4,24.1
1991-02-22T00:00:00,2.3,5.2,0.4,24.1
1991-02-23T00:00:00,2.3,5.1,0.4,24.1
1991-02-24T00:00:00,2.3,5.1,0.4,24.1
1991-02-25T00:00:00,2.1,5.1,0.4,22.1
1991-02-26T00:00:00,2.1,5.1,0.3,22.1
1991-02-27T00:00:00,2.1,5.1,0.3,20.1
1991-02-28T00:00:00,2.1,5.1,0.6,20.1
1991-03-01T00:00:00,2.3,5.1,0.7,20.1
1991-03-02T00:00:00,2.3,5.1,0.5,20.1
1991-03-03T00:00:00,2.3,5,0.6,20.1
1991-03-04T00:00:00,2.1,4.6,0.6,18.2
1991-03-05T00:00:00,2.1,4.5,0.7,18.2
1991-03-06T00:00:00,2.1,4.5,0.7,15.7
1991-03-07T00:00:00,2.1,4.5,0.6,15.2
1991-03-08T00:00:00,2,4.5,0.5,16.5
1991-03-09T00:00:00,2.1,4.6,0.3,14.8
1991-03-10T00:00:00,2.1,4.5,0.3,14.8
1991-03-11T00:00:00,2,4.5,0.3,16.5
1991-03-12T00:00:00,2,4.5,0.3,16.5
1991-03-13T00:00:00,2,4.5,0.3,16.5
1991-03-14T00:00:00,2,4.5,0.3,16.5
1991-03-15T00:00:00,1.8,4.5,0.3,16.5
1991-03-16T00:00:00,1.8,4.5,0.5,16.5
1991-03-17T00:00:00,1.8,4.5,0.5,16.5
1991-03-18T00:00:00,1.8,4.5,0.5,16.5
1991-03-19T00:00:00,1.8,4.5,0.5,16.5
1991-03-20T00:00:00,2,4.5,0.5,14.8
1991-03-21T00:00:00,2,4.5,0.5,14.8
1991-03-22T00:00:00,2,4.2,0.5,14.8
1991-03-23T00:00:00,2.3,4.4,0.5,14.8
1991-03-24T00:00:00,2.3,4.2,0.4,14.8
1991-03-25T00:00:00,2.6,4.5,0.4,14.8
1991-03-26T00:00:00,2.1,4.7,0.4,14.8
1991-03-27T00:00:00,2.3,5.4,0.4,14.8
1991-03-28T00:00:00,2.1,5.1,0.5,14.8
1991-03-29T00:00:00,2,5.1,0.9,14.8
1991-03-30T00:00:00,1.8,5.1,1.2,14.8
1991-03-31T00:00:00,1.6,5.1,1.1,14.8
1991-04-01T00:00:00,1.6,5,1.2,14.8
1991-04-02T00:00:00,1.6,4.6,1.5,14.8
1991-04-03T00:00:00,1.6,4.5,1.5,13.3
1991-04-04T00:00:00,1.6,4.6,1.6,13.3
1991-04-05T00:00:00,1.6,5,1.8,13.3
1991-04-06T00:00:00,2.1,4.9,1.9,11.8
1991-04-07T00:00:00,2.4,4.2,1.8,11.8
1991-04-08T00:00:00,3.1,4.7,1.3,11.8
1991-04-09T00:00:00,3.4,5.9,1.1,11.8
1991-04-10T00:00:00,5.2,5.7,1.1,11.8
1991-04-11T00:00:00,13.8,6,1.1,11.8
1991-04-12T00:00:00,5.2,5.7,1,11.8
1991-04-13T00:00:00,5.4,5.5,0.6,11.8
1991-04-14T00:00:00,5.7,5.2,0.7,11.8
1991-04-15T00:00:00,5.7,5.4,0.8,11.8
1991-04-16T00:00:00,3.3,4.7,0.8,11.8
1991-04-17T00:00:00,2.9,4.6,0.9,11.8
1991-04-18T00:00:00,6.2,5,1.4,11.8
1991-04-19T00:00:00,8.2,5.2,1.4,10.5
1991-04-20T00:00:00,5.7,5.9,1.6,10.5
1991-04-21T00:00:00,6.4,5.7,1.9,10.5
1991-04-22T00:00:00,7.9,5.5,1.2,10.5
1991-04-23T00:00:00,4.7,5.2,1,10.5
1991-04-24T00:00:00,3.6,5.5,1.2,10.5
1991-04-25T00:00:00,7.9,5.5,1.6,9.3
1991-04-26T00:00:00,4.2,5.1,1.6,9.3
1991-04-27T00:00:00,2.9,5,1.6,8.1
1991-04-28T00:00:00,2.7,4.7,1.6,8.7
1991-04-29T00:00:00,2.7,5.5,1.5,8.7
1991-04-30T00:00:00,2.7,5.9,1.5,9.3
1991-05-01T00:00:00,2.7,5.2,1.4,9.3
1991-05-02T00:00:00,2.7,5.1,1.3,9.3
1991-05-03T00:00:00,2.7,5.4,1.3,9.3
1991-05-04T00:00:00,3.1,5.4,0.1,9.3
1991-05-05T00:00:00,2.7,7.3,0.1,8.7
1991-05-06T00:00:00,3.1,9.7,0.1,9.3
1991-05-07T00:00:00,2.7,11.1,0.1,9.3
1991-05-08T00:00:00,6.2,9.5,0.4,8.7
1991-05-09T00:00:00,4.9,10.1,0.6,9.3
1991-05-10T00:00:00,7.3,10.7,0.6,9.3
1991-05-11T00:00:00,3.1,10,0.5,8.1
1991-05-12T00:00:00,8.2,10.2,0.4,8.1
1991-05-13T00:00:00,7.3,9.7,0.4,8.1
1991-05-14T00:00:00,8.5,9.1,0.4,8.1
1991-05-15T00:00:00,9.2,8.5,0.4,10.5
1991-05-16T00:00:00,12.1,8,0.3,9.3
1991-05-17T00:00:00,6.2,7.9,0.3,9.3
1991-05-18T00:00:00,4.7,6.8,0.4,9.3
1991-05-19T00:00:00,12.9,6.3,0.4,9.3
1991-05-20T00:00:00,11.3,5.7,0.3,10.5
1991-05-21T00:00:00,14.2,5.7,0.5,10.5
1991-05-22T00:00:00,13.8,6.7,0.5,11.8
1991-05-23T00:00:00,9.9,7.5,0.4,10.5
1991-05-24T00:00:00,12.9,6.4,0.4,14.1
1991-05-25T00:00:00,20.5,7.1,0.6,11.8
1991-05-26T00:00:00,17.4,9.5,0.5,11.8
1991-05-27T00:00:00,9.2,8.9,0.7,11.8
1991-05-28T00:00:00,18.9,8.6,0.9,13.3
1991-05-29T00:00:00,14.2,8.9,0.9,14.8
1991-05-30T00:00:00,9.9,7.9,0.9,16.5
1991-05-31T00:00:00,12.1,6.9,5.7,18.2
1991-06-01T00:00:00,26.3,7.3,1.9,18.2
1991-06-02T00:00:00,22.7,8.3,11.7,16.5
1991-06-03T00:00:00,23.3,8.6,17.5,16.5
1991-06-04T00:00:00,19.5,9.9,21.7,16.5
1991-06-05T00:00:00,15.5,12,12.5,24.1
1991-06-06T00:00:00,14.6,12,6.7,20.1
1991-06-07T00:00:00,21.6,13.1,25.1,22.1
1991-06-08T00:00:00,16.5,15,40.6,24.1
1991-06-09T00:00:00,25.1,17.5,19.4,24.1
1991-06-10T00:00:00,27.6,19.4,8.9,24.1
1991-06-11T00:00:00,33,19.1,37.6,31.1
1991-06-12T00:00:00,35.9,18.8,88.1,33.6
1991-06-13T00:00:00,25.1,17.2,60.2,33.6
1991-06-14T00:00:00,37.5,18,42.8,41.9
1991-06-15T00:00:00,36.7,19.7,21.7,39
1991-06-16T00:00:00,39,20,6.3,41.9
1991-06-17T00:00:00,43.9,16.5,28.4,46.5
1991-06-18T00:00:00,62.7,13.2,29.4,51.4
1991-06-19T00:00:00,67,11,22.8,76
1991-06-20T00:00:00,78.3,13.5,26.7,76
1991-06-21T00:00:00,42.2,18.4,19,91.6
1991-06-22T00:00:00,85.6,22.4,23.9,73.9
1991-06-23T00:00:00,83.1,26.8,21.1,109
1991-06-24T00:00:00,67,32.9,21.1,91.6
1991-06-25T00:00:00,98.6,39.8,66.1,84.7
1991-06-26T00:00:00,112.7,66.4,47,91.6
1991-06-27T00:00:00,102.7,114.8,48.4,103.9
1991-06-28T00:00:00,132.7,219.4,65.3,106.4
1991-06-29T00:00:00,52.8,239,39.7,103.9
1991-06-30T00:00:00,210.9,223.9,34,119.8
1991-07-01T00:00:00,124.8,159.3,51.1,131.2
1991-07-02T00:00:00,244.1,149.5,66.1,125.4
1991-07-03T00:00:00,106.9,143.2,44.4,131.2
1991-07-04T00:00:00,65.9,150.2,42.7,137.1
1991-07-05T00:00:00,85.6,163.2,48.7,143.2
1991-07-06T00:00:00,221.7,162.8,47,155.9
1991-07-07T00:00:00,221.7,90.6,46.6,155.9
1991-07-08T00:00:00,146,77.6,51.6,162.4
1991-07-09T00:00:00,104.1,82,21,172.6
1991-07-10T00:00:00,151.2,89.1,51.2,197.7
1991-07-11T00:00:00,188.4,79.9,100.5,489.6
1991-07-12T00:00:00,277.7,67.2,88.1,483.2
1991-07-13T00:00:00,275.2,97,89.2,258.5
1991-07-14T00:00:00,186.4,247.4,58.3,245.6
1991-07-15T00:00:00,248.8,292.3,39.7,249.8
1991-07-16T00:00:00,303.2,160.4,26.6,262.9
1991-07-17T00:00:00,196.4,215.5,49.1,281
1991-07-18T00:00:00,188.4,163.2,54.7,304.6
1991-07-19T00:00:00,272.7,122.9,44.6,387.8
1991-07-20T00:00:00,217.3,148.8,93.9,365.9
1991-07-21T00:00:00,200.5,130.8,73.9,382.2
1991-07-22T00:00:00,186.4,163.5,109.9,349.9
1991-07-23T00:00:00,241.8,173.2,93.9,339.5
1991-07-24T00:00:00,230.5,179,84.7,355.2
1991-07-25T00:00:00,174.8,191,50.8,360.5
1991-07-26T00:00:00,192.4,223.8,33.6,371.3
1991-07-27T00:00:00,165.5,276,40.8,404.7
1991-07-28T00:00:00,239.5,349.6,20.5,428
1991-07-29T00:00:00,147.7,352.7,57.4,433.9
1991-07-30T00:00:00,152.9,411.6,36.7,458.2
1991-07-31T00:00:00,151.2,458.3,34.3,458.2
1991-08-01T00:00:00,178.6,441.1,15.6,489.6
1991-08-02T00:00:00,154.7,411.8,70.8,502.5
1991-08-03T00:00:00,136,292.3,56.4,509.1
1991-08-04T00:00:00,171,289.4,64.4,535.7
1991-08-05T00:00:00,248.8,343.3,37.8,542.5
1991-08-06T00:00:00,206.7,452.6,82.4,542.5
1991-08-07T00:00:00,156.4,374.7,72.3,549.3
1991-08-08T00:00:00,163.6,312.9,42.3,556.2
1991-08-09T00:00:00,208.8,313.8,93.9,570.2
1991-08-10T00:00:00,272.7,476.7,83.5,584.3
1991-08-11T00:00:00,324.6,377.8,74.9,584.3
1991-08-12T00:00:00,303.2,359.9,61,591.5
1991-08-13T00:00:00,321.9,353.3,42.7,598.7
1991-08-14T00:00:00,204.6,327.8,77,600.1
1991-08-15T00:00:00,213.1,253.5,96.8,598.7
1991-08-16T00:00:00,152.9,192,55.1,584.3
1991-08-17T00:00:00,153.8,228.4,42.7,584.3
1991-08-18T00:00:00,160,246.6,53.8,584.3
1991-08-19T00:00:00,163.6,202.8,19.4,584.3
1991-08-20T00:00:00,198.5,264.3,20.2,577.2
1991-08-21T00:00:00,263,336.5,15,570.2
1991-08-22T00:00:00,258.2,259,30.3,605.9
1991-08-23T00:00:00,235,281.9,28.7,598.7
1991-08-24T00:00:00,213.1,409.3,30,605.9
1991-08-25T00:00:00,341.3,397.4,24.3,598.7
1991-08-26T00:00:00,244.1,301.9,24.3,605.9
1991-08-27T00:00:00,215.2,244.8,102.3,598.7
1991-08-28T00:00:00,248.8,322,102.3,591.5
1991-08-29T00:00:00,241.8,240.8,98.7,584.3
1991-08-30T00:00:00,210.9,194.7,83.5,570.2
1991-08-31T00:00:00,171,255.4,92.1,563.2
1991-09-01T00:00:00,344.1,287.9,89.2,556.2
1991-09-02T00:00:00,163.6,347.8,90.9,549.3
1991-09-03T00:00:00,223.9,281.2,101.1,535.7
1991-09-04T00:00:00,352.6,313,107.4,522.3
1991-09-05T00:00:00,258.2,236.2,111.2,496.1
1991-09-06T00:00:00,204.6,256,110.6,542.5
1991-09-07T00:00:00,160,183,107.4,509.1
1991-09-08T00:00:00,277.7,177.9,121.2,509.1
1991-09-09T00:00:00,230.5,225.4,117.1,496.1
1991-09-10T00:00:00,161.8,222.6,113.2,483.2
1991-09-11T00:00:00,251.1,167.3,111.2,476.9
1991-09-12T00:00:00,172.9,155.2,109.3,458.2
1991-09-13T00:00:00,237.3,187.7,101.1,446
1991-09-14T00:00:00,147.7,145.6,102.3,439.9
1991-09-15T00:00:00,131.1,199,92.1,433.9
1991-09-16T00:00:00,131.1,168.3,90.4,416.3
1991-09-17T00:00:00,98.6,154.9,89.2,422.1
1991-09-18T00:00:00,104.1,149.4,62.9,404.7
1991-09-19T00:00:00,73.6,134.7,37.1,387.8
1991-09-20T00:00:00,90.6,157.8,36.4,387.8
1991-09-21T00:00:00,81.9,113.1,39.3,376.7
1991-09-22T00:00:00,244.1,145.5,14.3,365.9
1991-09-23T00:00:00,78.3,126.1,11.9,365.9
1991-09-24T00:00:00,98.6,149.4,11.3,349.9
1991-09-25T00:00:00,132.7,192.7,10.6,355.2
1991-09-26T00:00:00,123.2,162.7,10.4,339.5
1991-09-27T00:00:00,90.6,117.3,8,339.5
1991-09-28T00:00:00,117.1,102.1,6.8,334.4
1991-09-29T00:00:00,51,98.8,6.6,324.2
1991-09-30T00:00:00,50,92.8,6.1,314.3
1991-10-01T00:00:00,46.5,88.6,6,309.4
1991-10-02T00:00:00,43.9,94.7,5.4,304.6
1991-10-03T00:00:00,46.5,127.8,8.4,295
1991-10-04T00:00:00,51.9,101.4,9.7,290.3
1991-10-05T00:00:00,69.1,122.6,21,285.6
1991-10-06T00:00:00,88.1,127.5,16.1,285.6
1991-10-07T00:00:00,101.3,140.7,10.8,276.4
1991-10-08T00:00:00,43.9,82.7,8.4,267.4
1991-10-09T00:00:00,58.6,118.7,6.8,267.4
1991-10-10T00:00:00,37.5,95.2,5.5,258.5
1991-10-11T00:00:00,80.7,66.8,5.2,254.2
1991-10-12T00:00:00,51.9,87.8,5.2,249.8
1991-10-13T00:00:00,47.4,101.8,5,241.3
1991-10-14T00:00:00,40.6,81.8,4.9,241.3
1991-10-15T00:00:00,33,79.5,5.5,233
1991-10-16T00:00:00,29.6,54.3,5.1,224.9
1991-10-17T00:00:00,27,49.3,5,216.9
1991-10-18T00:00:00,29.6,50.9,5.6,216.9
1991-10-19T00:00:00,30.9,102.5,4.5,213
1991-10-20T00:00:00,26.3,80.8,4.3,209.1
1991-10-21T00:00:00,28.2,87.6,3.8,201.5
1991-10-22T00:00:00,28.9,90.2,3.9,201.5
1991-10-23T00:00:00,35.9,63,3.9,201.5
1991-10-24T00:00:00,35.9,56.7,4.3,194
1991-10-25T00:00:00,31.6,66.4,5.4,194
1991-10-26T00:00:00,30.2,52.5,4.8,194
1991-10-27T00:00:00,29.6,40.9,3.9,186.7
1991-10-28T00:00:00,28.9,50.5,3.3,179.5
1991-10-29T00:00:00,21.1,61.4,2.9,172.6
1991-10-30T00:00:00,22.2,37.2,2.6,172.6
1991-10-31T00:00:00,28.9,27,2.4,165.8
1991-11-01T00:00:00,21.6,31.9,2.3,165.8
1991-11-02T00:00:00,26.3,50.8,3.3,159.1
1991-11-03T00:00:00,23.9,31.4,3.1,159.1
1991-11-04T00:00:00,20,41.4,3,159.1
1991-11-05T00:00:00,18.4,53.8,2.9,152.7
1991-11-06T00:00:00,17.4,36.4,2.7,152.7
1991-11-07T00:00:00,17.4,33.3,2.7,152.7
1991-11-08T00:00:00,15.1,26.5,2.6,146.3
1991-11-09T00:00:00,12.5,25.4,2.9,146.3
1991-11-10T00:00:00,11.7,35.5,2.5,140.2
1991-11-11T00:00:00,9.5,29.1,2.2,140.2
1991-11-12T00:00:00,8.9,20,2.1,137.1
1991-11-13T00:00:00,8.2,32.8,2,131.2
1991-11-14T00:00:00,7.9,35,1.9,131.2
1991-11-15T00:00:00,7.6,19.3,1.8,128.3
1991-11-16T00:00:00,7.3,14,1.8,125.4
1991-11-17T00:00:00,7,17.6,1.7,122.6
1991-11-18T00:00:00,7,27.2,1.6,119.8
1991-11-19T00:00:00,7,23.5,1.6,117.1
1991-11-20T00:00:00,7,17.1,1.6,114.4
1991-11-21T00:00:00,6.7,12,1.5,111.7
1991-11-22T00:00:00,6.4,14.7,1.5,109
1991-11-23T00:00:00,6.2,18.2,1.5,109
1991-11-24T00:00:00,5.9,16.1,1.4,106.4
1991-11-25T00:00:00,5.7,30.3,1.4,106.4
1991-11-26T00:00:00,5.7,23.5,1.3,103.9
1991-11-27T00:00:00,8.2,20.9,1.3,103.9
1991-11-28T00:00:00,8.2,25.9,1.3,98.9
1991-11-29T00:00:00,8.5,19.2,1.2,96.4
1991-11-30T00:00:00,8.2,17.3,1.1,96.4
1991-12-01T00:00:00,7.9,26.1,1.1,94
1991-12-02T00:00:00,7.9,23.2,1,91.6
1991-12-03T00:00:00,8.2,15.7,1,96.4
1991-12-04T00:00:00,7.9,19.6,1,96.4
1991-12-05T00:00:00,7.3,26.8,0.9,87
1991-12-06T00:00:00,7.3,24.5,2.4,84.7
1991-12-07T00:00:00,7.3,28.2,5.1,84.7
1991-12-08T00:00:00,8.5,29.9,2.7,82.5
1991-12-09T00:00:00,7.3,28.9,1.8,80.3
1991-12-10T00:00:00,7,24.5,1.4,80.3
1991-12-11T00:00:00,6.7,25,1.1,78.1
1991-12-12T00:00:00,6.9,17,1,78.1
1991-12-13T00:00:00,6.2,29.4,0.9,76
1991-12-14T00:00:00,6.2,27.4,0.9,73.9
1991-12-15T00:00:00,5.9,29.1,0.6,73.9
1991-12-16T00:00:00,6.2,27.1,0.5,69.8
1991-12-17T00:00:00,6.2,27.2,0.5,69.8
1991-12-18T00:00:00,5.9,27.4,0.4,69.8
1991-12-19T00:00:00,5.9,32.3,1.5,69.8
1991-12-20T00:00:00,5.7,34.6,1.5,67.8
1991-12-21T00:00:00,5.7,33.2,1.1,65.8
1991-12-22T00:00:00,5.2,33.4,1,65.8
1991-12-23T00:00:00,5.4,32,0.9,65.8
1991-12-24T00:00:00,5.4,30.6,0.9,65.8
1991-12-25T00:00:00,5.7,30.1,0.8,65.8
1991-12-26T00:00:00,5.2,29.3,0.7,62
1991-12-27T00:00:00,5.2,27.5,0.7,62
1991-12-28T00:00:00,5.2,30.2,0.6,63.9
1991-12-29T00:00:00,5.2,29.1,0.6,62
1991-12-30T00:00:00,4.9,26.7,0.5,62
1991-12-31T00:00:00,4.9,25.7,0.5,62
1992-01-01T00:00:00,4.7,22.1,0.5,58.4
1992-01-02T00:00:00,4.7,21.3,0.5,58.4
1992-01-03T00:00:00,4.7,20.5,0.5,58.4
1992-01-04T00:00:00,4.7,19.8,0.6,56.6
1992-01-05T00:00:00,4.7,19.7,0.6,58.4
1992-01-06T00:00:00,4.7,19.7,0.6,56.6
1992-01-07T00:00:00,4.7,19.7,0.5,56.6
1992-01-08T00:00:00,4.7,19.6,0.5,54.8
1992-01-09T00:00:00,4.5,19,0.5,53.1
1992-01-10T00:00:00,4.7,18.8,0.5,51.4
1992-01-11T00:00:00,4.5,18.3,0.5,51.4
1992-01-12T00:00:00,4.5,18.2,0.4,49.7
1992-01-13T00:00:00,4.2,18.1,0.4,48.1
1992-01-14T00:00:00,4.2,17.9,0.1,48.1
1992-01-15T00:00:00,4.2,18,0.3,46.5
1992-01-16T00:00:00,4.2,17.5,0.3,45
1992-01-17T00:00:00,4.2,17.4,0.3,45
1992-01-18T00:00:00,4.2,17.4,0.3,45
1992-01-19T00:00:00,4.2,17.3,0.3,45
1992-01-20T00:00:00,3.8,16.7,0.3,45
1992-01-21T00:00:00,3.8,16.1,0.6,43.4
1992-01-22T00:00:00,3.8,16.2,0.5,41.9
1992-01-23T00:00:00,3.8,16,0.5,41.9
1992-01-24T00:00:00,3.8,15.9,0.5,41.9
1992-01-25T00:00:00,3.8,15.6,0.5,40.5
1992-01-26T00:00:00,3.8,15.5,0.4,39
1992-01-27T00:00:00,3.6,15.3,0.4,39
1992-01-28T00:00:00,3.6,15.2,0.3,39
1992-01-29T00:00:00,3.6,15.2,0.3,39
1992-01-30T00:00:00,3.4,15.2,0.3,39
1992-01-31T00:00:00,3.4,15.2,0.3,39
1992-02-01T00:00:00,3.4,15.2,0.2,39
1992-02-02T00:00:00,3.4,14.9,0.2,37.6
1992-02-03T00:00:00,3.4,14.8,0.2,37.6
1992-02-04T00:00:00,3.4,14.6,0.2,37.6
1992-02-05T00:00:00,3.4,14.5,0.2,36.3
1992-02-06T00:00:00,3.4,14.5,0.1,33.6
1992-02-07T00:00:00,3.3,14.5,0.1,33.6
1992-02-08T00:00:00,3.4,14.4,0.1,33.6
1992-02-09T00:00:00,3.3,13.9,0.1,33.6
1992-02-10T00:00:00,3.1,14.1,0.1,32.3
1992-02-11T00:00:00,3.1,13.9,0.1,31.1
1992-02-12T00:00:00,3.1,13.7,0.1,31.1
1992-02-13T00:00:00,3.1,13.2,0.1,31.1
1992-02-14T00:00:00,3.1,13.1,0.1,31.1
1992-02-15T00:00:00,2.9,13,0.2,31.1
1992-02-16T00:00:00,2.9,12.6,0.2,31.1
1992-02-17T00:00:00,2.7,13.2,0.2,29.8
1992-02-18T00:00:00,2.7,12.6,0.2,29.8
1992-02-19T00:00:00,2.7,12.4,0.2,28.6
1992-02-20T00:00:00,2.7,12.4,0.2,28.6
1992-02-21T00:00:00,2.7,12.4,0.2,28.6
1992-02-22T00:00:00,2.6,12.4,0.1,27.5
1992-02-23T00:00:00,2.6,12.4,0.1,27.5
1992-02-24T00:00:00,2.6,12.1,0.1,26.3
1992-02-25T00:00:00,2.4,11.8,0.1,26.3
1992-02-26T00:00:00,2.4,11.8,0.1,26.3
1992-02-27T00:00:00,2.4,11.8,0.1,25.2
1992-02-28T00:00:00,2.4,11.8,0.1,25.2
1992-02-29T00:00:00,2.4,11.8,0.1,25.2
1992-03-01T00:00:00,2.4,11.8,0.1,24.1
1992-03-02T00:00:00,2.4,14.3,0,24.1
1992-03-03T00:00:00,2.3,32.1,0,24.1
1992-03-04T00:00:00,2.3,52.3,0,23.1
1992-03-05T00:00:00,2.4,55.1,0,22.1
1992-03-06T00:00:00,2.4,50.4,0,21.1
1992-03-07T00:00:00,2.3,16.9,0,21.1
1992-03-08T00:00:00,2.4,11,0,21.1
1992-03-09T00:00:00,2.3,10.5,0,20.1
1992-03-10T00:00:00,2.3,9.9,0,19.2
1992-03-11T00:00:00,2.1,9.9,0,19.2
1992-03-12T00:00:00,2.1,10.4,0.1,19.2
1992-03-13T00:00:00,2.1,10.4,0,19.2
1992-03-14T00:00:00,2.1,9.8,0.5,19.2
1992-03-15T00:00:00,2.1,9.3,0.4,18.2
1992-03-16T00:00:00,2.1,9.5,0.4,19.2
1992-03-17T00:00:00,2.1,9.8,0.3,19.2
1992-03-18T00:00:00,2.4,9.8,0.1,19.2
1992-03-19T00:00:00,3.1,9.2,0.1,19.2
1992-03-20T00:00:00,2.7,8.7,0,18.2
1992-03-21T00:00:00,2.7,8.5,0,18.2
1992-03-22T00:00:00,2.6,9.1,0,18.2
1992-03-23T00:00:00,2.4,9.2,0,17.4
1992-03-24T00:00:00,2.3,9.1,0,17.4
1992-03-25T00:00:00,2.1,8.2,0,25.2
1992-03-26T00:00:00,2.1,8.2,0,21.1
1992-03-27T00:00:00,2.1,8.1,0,20.1
1992-03-28T00:00:00,2.1,8,0,19.2
1992-03-29T00:00:00,2,8,0,17.4
1992-03-30T00:00:00,2,7.5,0,17.4
1992-03-31T00:00:00,1.8,7.4,0,16.5
1992-04-01T00:00:00,1.8,7.5,0,15.7
1992-04-02T00:00:00,1.8,7.9,0,14.8
1992-04-03T00:00:00,1.8,7.4,0,14.8
1992-04-04T00:00:00,1.8,7,0,14.1
1992-04-05T00:00:00,1.8,6.8,0,14.1
1992-04-06T00:00:00,1.7,6.6,0,14.1
1992-04-07T00:00:00,1.7,6.5,0,14.1
1992-04-08T00:00:00,1.6,7,0,14.1
1992-04-09T00:00:00,1.6,6.6,0,14.8
1992-04-10T00:00:00,1.6,5.9,0,26.3
1992-04-11T00:00:00,1.6,5.9,0,15.7
1992-04-12T00:00:00,1.6,6.2,0,14.8
1992-04-13T00:00:00,1.6,5.9,0,14.1
1992-04-14T00:00:00,1.6,6.3,0,14.1
1992-04-15T00:00:00,1.6,7,0,14.1
1992-04-16T00:00:00,1.6,8,0,14.1
1992-04-17T00:00:00,1.6,8.7,5.6,14.1
1992-04-18T00:00:00,1.6,8.1,5.5,14.1
1992-04-19T00:00:00,1.6,8.2,5.5,14.1
1992-04-20T00:00:00,2.1,8.9,5.4,13.3
1992-04-21T00:00:00,4.2,7.6,5.2,13.3
1992-04-22T00:00:00,4.5,6.5,5.1,12.6
1992-04-23T00:00:00,4.7,5.4,5,12.6
1992-04-24T00:00:00,4.7,4.9,4.8,11.8
1992-04-25T00:00:00,10.6,5.2,4.3,11.8
1992-04-26T00:00:00,17.9,4.8,4.1,11.2
1992-04-27T00:00:00,7.3,4.8,3.7,10.5
1992-04-28T00:00:00,9.5,5.3,3.8,10.5
1992-04-29T00:00:00,9.9,5.7,3.1,10.5
1992-04-30T00:00:00,6.2,5.5,2.9,9.9
1992-05-01T00:00:00,4.2,5.3,2.5,9.9
1992-05-02T00:00:00,3.4,6.1,2.1,9.9
1992-05-03T00:00:00,3.1,10.3,2.1,9.9
1992-05-04T00:00:00,2.7,7.6,2.1,9.9
1992-05-05T00:00:00,2.7,6.4,1.9,9.9
1992-05-06T00:00:00,2.6,6.3,1.8,9.3
1992-05-07T00:00:00,2.6,6.3,1.6,9.9
1992-05-08T00:00:00,2.9,7.3,1.4,10.5
1992-05-09T00:00:00,2.6,7.6,1.2,10.5
1992-05-10T00:00:00,5.9,10.8,1.2,11.2
1992-05-11T00:00:00,21.1,26.3,1,10.5
1992-05-12T00:00:00,43.9,35.9,0.9,10.5
1992-05-13T00:00:00,10.6,26.3,0.9,11.2
1992-05-14T00:00:00,6.7,14.7,0.9,10.5
1992-05-15T00:00:00,5.2,11.9,0.9,10.5
1992-05-16T00:00:00,4.9,19.4,0.8,10.5
1992-05-17T00:00:00,5.2,28.5,0.7,10.5
1992-05-18T00:00:00,5.7,25.3,0.7,9.9
1992-05-19T00:00:00,9.5,19.3,0.6,9.3
1992-05-20T00:00:00,5.4,15.1,0.6,9.3
1992-05-21T00:00:00,12.9,10.9,0.5,9.3
1992-05-22T00:00:00,6.7,7.5,0.5,9.3
1992-05-23T00:00:00,4.7,5.1,0.3,9.3
1992-05-24T00:00:00,6.4,4.3,0.3,9.3
1992-05-25T00:00:00,5.4,4,0.2,9.3
1992-05-26T00:00:00,3.4,3.5,0.2,9.3
1992-05-27T00:00:00,3.3,3.5,0.1,9.9
1992-05-28T00:00:00,3.3,3.4,0.1,9.9
1992-05-29T00:00:00,2.9,3.4,0.1,12.6
1992-05-30T00:00:00,2.7,3.3,0.1,12.6
1992-05-31T00:00:00,2.7,3,0.1,11.8
1992-06-01T00:00:00,2.7,2.9,0,12.6
1992-06-02T00:00:00,3.1,3.3,0.4,11.8
1992-06-03T00:00:00,3.8,6,0.3,14.8
1992-06-04T00:00:00,3.8,9.4,0.2,14.8
1992-06-05T00:00:00,3.8,6.9,0.2,14.1
1992-06-06T00:00:00,9.5,5,0.2,14.1
1992-06-07T00:00:00,12.9,4.5,0.1,14.8
1992-06-08T00:00:00,30.9,6.3,0.2,14.1
1992-06-09T00:00:00,16.5,18,0.2,21.1
1992-06-10T00:00:00,17.4,17.8,0.1,18.2
1992-06-11T00:00:00,10.2,8.2,0.1,16.5
1992-06-12T00:00:00,10.6,5.2,0.1,15.7
1992-06-13T00:00:00,12.9,4.8,0.3,14.8
1992-06-14T00:00:00,10.6,5,0.9,17.4
1992-06-15T00:00:00,13.3,5.3,0.7,17.4
1992-06-16T00:00:00,16.9,6.2,0.6,19.2
1992-06-17T00:00:00,52.8,11.7,0.6,51.4
1992-06-18T00:00:00,37.5,15,0.5,51.4
1992-06-19T00:00:00,13.3,20.3,0.2,39
1992-06-20T00:00:00,15.5,14.7,0.1,39
1992-06-21T00:00:00,34.5,11.9,0,25.2
1992-06-22T00:00:00,80.7,7.6,0,32.3
1992-06-23T00:00:00,72.5,7.7,0.1,51.4
1992-06-24T00:00:00,59.6,9,0.1,41.9
1992-06-25T00:00:00,52.8,5.8,0.1,26.3
1992-06-26T00:00:00,47.4,5,0.1,48.1
1992-06-27T00:00:00,77.1,5.9,1.3,80.3
1992-06-28T00:00:00,61.7,11,12.7,69.8
1992-06-29T00:00:00,71.4,36.9,12.7,80.3
1992-06-30T00:00:00,60.7,59.7,18.4,48.1
1992-07-01T00:00:00,85.6,45.7,15.4,46.5
1992-07-02T00:00:00,147.7,70.4,11.9,53.1
1992-07-03T00:00:00,131.1,61.1,7.7,53.1
1992-07-04T00:00:00,118.6,92.4,96.2,58.4
1992-07-05T00:00:00,118.6,79.9,91.5,73.9
1992-07-06T00:00:00,86.8,107.4,90.4,103.9
1992-07-07T00:00:00,200.5,98.4,78.1,109
1992-07-08T00:00:00,200.5,130.2,80.3,111.7
1992-07-09T00:00:00,154.7,70.1,72.8,119.8
1992-07-10T00:00:00,165.5,86.2,69.8,82.5
1992-07-11T00:00:00,134.3,143.4,62.9,84.7
1992-07-12T00:00:00,91.9,98.9,59.2,128.3
1992-07-13T00:00:00,43.9,74.5,53.4,101.4
1992-07-14T00:00:00,31.6,89.4,51.2,152.7
1992-07-15T00:00:00,127.9,94.7,45.4,125.4
1992-07-16T00:00:00,81.9,67.3,43.5,131.2
1992-07-17T00:00:00,81.9,127.8,42.3,162.4
1992-07-18T00:00:00,156.4,107.2,37.8,162.4
1992-07-19T00:00:00,71.4,109.7,35.3,172.6
1992-07-20T00:00:00,62.7,109.8,32.3,176
1992-07-21T00:00:00,134.3,101.1,31.6,216.9
1992-07-22T00:00:00,101.3,85.5,34.6,233
1992-07-23T00:00:00,104.1,123.3,30.3,241.3
1992-07-24T00:00:00,137.6,115.4,31.3,237.2
1992-07-25T00:00:00,85.6,112.2,23.4,241.3
1992-07-26T00:00:00,134.3,117.4,24,245.6
1992-07-27T00:00:00,169.2,130.8,53.4,249.8
1992-07-28T00:00:00,169.2,279.4,80.8,249.8
1992-07-29T00:00:00,165.5,239.7,62.9,262.9
1992-07-30T00:00:00,156.4,184.6,54.7,276.4
1992-07-31T00:00:00,112.7,169.4,53.4,281
1992-08-01T00:00:00,151.2,189.6,35.3,290.3
1992-08-02T00:00:00,120.2,216.4,62,295
1992-08-03T00:00:00,115.6,215.3,61,299.8
1992-08-04T00:00:00,169.2,222.1,109.3,304.6
1992-08-05T00:00:00,196.4,342.3,113.2,309.4
1992-08-06T00:00:00,152.9,286,132.3,314.3
1992-08-07T00:00:00,147.7,312.8,152.3,319.3
1992-08-08T00:00:00,129.5,357.2,98.1,324.2
1992-08-09T00:00:00,123.2,246.4,97.4,324.2
1992-08-10T00:00:00,158.2,224.1,157.7,324.2
1992-08-11T00:00:00,139.3,261.9,150,324.2
1992-08-12T00:00:00,237.3,447.3,144,329.3
1992-08-13T00:00:00,160,473.5,145.5,329.3
1992-08-14T00:00:00,147.7,468,156.2,329.3
1992-08-15T00:00:00,136,482.6,162.5,334.4
1992-08-16T00:00:00,156.4,399.5,136.6,344.7
1992-08-17T00:00:00,172.9,400.6,150.8,339.5
1992-08-18T00:00:00,178.6,387.5,163.2,339.5
1992-08-19T00:00:00,230.5,288.5,158.5,339.5
1992-08-20T00:00:00,160,250,154.6,334.4
1992-08-21T00:00:00,232.7,252.4,133,334.4
1992-08-22T00:00:00,144.3,255.6,111.9,334.4
1992-08-23T00:00:00,192.4,246.1,149.2,339.5
1992-08-24T00:00:00,248.8,224.9,137.3,344.7
1992-08-25T00:00:00,208.8,246.8,130.9,339.5
1992-08-26T00:00:00,194.4,207.2,128.8,334.4
1992-08-27T00:00:00,412.6,195.4,107.4,339.5
1992-08-28T00:00:00,265.4,218,88.1,329.3
1992-08-29T00:00:00,381.9,228.5,114.5,329.3
1992-08-30T00:00:00,290.3,254.4,125.3,324.2
1992-08-31T00:00:00,308.5,240.8,108.6,324.2
1992-09-01T00:00:00,208.8,213.4,99.9,319.3
1992-09-02T00:00:00,178.6,203.2,79.7,314.3
1992-09-03T00:00:00,147.7,166.7,64.8,319.3
1992-09-04T00:00:00,123.2,140,59.6,319.3
1992-09-05T00:00:00,147.7,162.2,75.4,319.3
1992-09-06T00:00:00,244.1,180.6,100.5,319.3
1992-09-07T00:00:00,219.5,183.3,81.3,319.3
1992-09-08T00:00:00,215.2,170.3,72.8,319.3
1992-09-09T00:00:00,165.5,194.4,70.8,314.3
1992-09-10T00:00:00,134.3,189.8,56.4,319.3
1992-09-11T00:00:00,169.2,198.9,46.6,319.3
1992-09-12T00:00:00,137.6,176.5,40.4,319.3
1992-09-13T00:00:00,93.3,142.8,37.1,329.3
1992-09-14T00:00:00,156.4,164.2,37.1,319.3
1992-09-15T00:00:00,158.2,144.8,34,314.3
1992-09-16T00:00:00,167.3,141.3,35,324.2
1992-09-17T00:00:00,158.2,231.7,30.6,339.5
1992-09-18T00:00:00,217.3,209.8,25.4,339.5
1992-09-19T00:00:00,204.6,277.9,12.3,334.4
1992-09-20T00:00:00,134.3,243.1,12.1,339.5
1992-09-21T00:00:00,131.1,206.9,20.7,339.5
1992-09-22T00:00:00,88.1,163.8,13.1,339.5
1992-09-23T00:00:00,80.7,144.2,10.4,329.3
1992-09-24T00:00:00,78.3,131.5,12.7,339.5
1992-09-25T00:00:00,115.6,126,8.2,339.5
1992-09-26T00:00:00,97.2,122.5,7.1,324.2
1992-09-27T00:00:00,132.7,107.5,6,319.3
1992-09-28T00:00:00,105.5,100.1,5.1,309.4
1992-09-29T00:00:00,63.8,95.4,4.3,314.3
1992-09-30T00:00:00,79.5,93.2,3.8,309.4
1992-10-01T00:00:00,98.6,86.7,3.7,299.8
1992-10-02T00:00:00,136,86,3.2,295
1992-10-03T00:00:00,137.6,88.6,2.9,290.3
1992-10-04T00:00:00,86.8,123.1,2.8,285.6
1992-10-05T00:00:00,109.8,129.3,2.6,285.6
1992-10-06T00:00:00,106.9,97.5,3,281
1992-10-07T00:00:00,120.2,119.4,3.5,276.4
1992-10-08T00:00:00,106.9,124.7,3.5,267.4
1992-10-09T00:00:00,78.3,110.3,3.5,267.4
1992-10-10T00:00:00,81.9,104.7,3.5,262.9
1992-10-11T00:00:00,105.5,108.4,3.9,262.9
1992-10-12T00:00:00,112.7,106,3.2,262.9
1992-10-13T00:00:00,112.7,110.5,2.9,262.9
1992-10-14T00:00:00,151.2,114.2,2.6,262.9
1992-10-15T00:00:00,72.5,107.3,2.4,254.2
1992-10-16T00:00:00,84.3,122.6,8.4,249.8
1992-10-17T00:00:00,75.9,143.9,3.3,245.6
1992-10-18T00:00:00,114.2,154.5,7.1,241.3
1992-10-19T00:00:00,97.2,131.2,11.3,237.2
1992-10-20T00:00:00,95.9,134.4,14.8,228.9
1992-10-21T00:00:00,75.9,152,18.9,224.9
1992-10-22T00:00:00,58.6,147.3,23.4,224.9
1992-10-23T00:00:00,115.6,193.4,26.6,220.9
1992-10-24T00:00:00,50,201.4,28.4,213
1992-10-25T00:00:00,78.3,172.8,26.3,209.1
1992-10-26T00:00:00,78.3,180,24.3,205.2
1992-10-27T00:00:00,70.2,173.7,22.3,205.2
1992-10-28T00:00:00,50,242.6,20.5,197.7
1992-10-29T00:00:00,43.9,125,18.2,197.7
1992-10-30T00:00:00,39,94.1,16.8,194
1992-10-31T00:00:00,38.2,84.8,15.4,186.7
1992-11-01T00:00:00,37.5,79.3,14.3,186.7
1992-11-02T00:00:00,35.2,77.2,13.5,183.1
1992-11-03T00:00:00,35.9,73.3,13.1,183.1
1992-11-04T00:00:00,31.6,68.7,12.5,176
1992-11-05T00:00:00,31.6,67,11.9,176
1992-11-06T00:00:00,36.7,65.6,11.1,172.6
1992-11-07T00:00:00,31.6,64.3,10.8,169.2
1992-11-08T00:00:00,85.6,73.8,10.6,169.2
1992-11-09T00:00:00,31.6,68.8,10.4,162.4
1992-11-10T00:00:00,37.5,71,59.2,162.4
1992-11-11T00:00:00,46.5,73.4,55.1,159.1
1992-11-12T00:00:00,44.8,69.5,51.2,155.9
1992-11-13T00:00:00,45.6,67.4,48.3,152.7
1992-11-14T00:00:00,31.6,59,43.1,149.5
1992-11-15T00:00:00,27.6,54.9,37.5,149.5
1992-11-16T00:00:00,26.3,52.2,32.9,143.2
1992-11-17T00:00:00,24.5,50.1,29.7,140.2
1992-11-18T00:00:00,22.7,48,27.5,137.1
1992-11-19T00:00:00,21.6,46,25.1,134.2
1992-11-20T00:00:00,21.1,44.1,23.1,131.2
1992-11-21T00:00:00,21.1,42.9,21.5,131.2
1992-11-22T00:00:00,18.4,41.9,20.2,125.4
1992-11-23T00:00:00,18.4,41,18.9,125.4
1992-11-24T00:00:00,18.4,40,2.3,119.8
1992-11-25T00:00:00,17.4,39,2.2,120.9
1992-11-26T00:00:00,16.5,38.2,2.1,117.1
1992-11-27T00:00:00,16.9,37.9,2.1,114.4
1992-11-28T00:00:00,16.5,37.3,4,111.7
1992-11-29T00:00:00,16.5,40.1,2.5,109
1992-11-30T00:00:00,15.5,38.2,2.2,106.4
1992-12-01T00:00:00,19.5,36.6,1.9,106.4
1992-12-02T00:00:00,15.5,42.2,1.6,106.4
1992-12-03T00:00:00,14.6,75.1,1.5,101.4
1992-12-04T00:00:00,13.8,40.3,1.4,101.4
1992-12-05T00:00:00,13.8,32.4,1.3,101.4
1992-12-06T00:00:00,12.9,32.2,1.3,101.4
1992-12-07T00:00:00,12.9,35.3,1.4,96.4
1992-12-08T00:00:00,18.9,34.4,1.3,96.4
1992-12-09T00:00:00,12.5,33.2,1.1,91.6
1992-12-10T00:00:00,11,31.1,1,89.3
1992-12-11T00:00:00,11.3,29.1,1,89.3
1992-12-12T00:00:00,10.6,28.7,0.9,87
1992-12-13T00:00:00,10.6,28,0.9,84.7
1992-12-14T00:00:00,10.6,27.1,0.8,82.5
1992-12-15T00:00:00,12.9,26.4,0.8,80.3
1992-12-16T00:00:00,12.1,26.2,0.9,76
1992-12-17T00:00:00,10.6,25.8,0.8,76
1992-12-18T00:00:00,9.5,25.7,0.7,71.8
1992-12-19T00:00:00,9.2,27,0.7,71.8
1992-12-20T00:00:00,9.2,25.3,0.6,69.8
1992-12-21T00:00:00,8.9,24.5,0.6,69.8
1992-12-22T00:00:00,8.5,23.7,0.6,67.8
1992-12-23T00:00:00,8.5,23,0.6,67.8
1992-12-24T00:00:00,8.2,22.8,0.5,65.8
1992-12-25T00:00:00,7.3,22.2,0.5,65.8
1992-12-26T00:00:00,7.3,21.6,0.5,63.9
1992-12-27T00:00:00,7.3,20.7,0.5,62
1992-12-28T00:00:00,7.3,21.3,1,60.2
1992-12-29T00:00:00,7.3,26.8,1,60.2
1992-12-30T00:00:00,8.5,30,1.1,60.2
1992-12-31T00:00:00,7.3,26.6,2.2,58.4
1993-01-01T00:00:00,7.3,21.2,1.7,58.4
1993-01-02T00:00:00,7,19.2,1.5,58.4
1993-01-03T00:00:00,6.7,18.2,1.4,56.6
1993-01-04T00:00:00,6.7,17.5,1.4,56.6
1993-01-05T00:00:00,6.7,17.1,1.3,56.6
1993-01-06T00:00:00,6.4,16.8,1.3,56.6
1993-01-07T00:00:00,6.7,16.3,1.2,54.8
1993-01-08T00:00:00,6.2,15.7,1.1,53.1
1993-01-09T00:00:00,6.2,15.3,1.1,53.1
1993-01-10T00:00:00,5.7,14.9,1.1,51.4
1993-01-11T00:00:00,5.7,14.4,1.1,49.7
1993-01-12T00:00:00,5.9,14.4,1.1,49.7
1993-01-13T00:00:00,5.7,14.9,1.1,48.1
1993-01-14T00:00:00,5.7,15.1,1.2,46.5
1993-01-15T00:00:00,5.4,14.3,1.1,46.5
1993-01-16T00:00:00,5.4,13.6,1,46.5
1993-01-17T00:00:00,5.2,13.2,1,46.5
1993-01-18T00:00:00,5.2,12.6,0.9,46.5
1993-01-19T00:00:00,5.2,12,0.9,45
1993-01-20T00:00:00,4.9,11.9,0.9,45
1993-01-21T00:00:00,4.9,11.9,0.9,43.4
1993-01-22T00:00:00,4.9,11.4,0.9,43.4
1993-01-23T00:00:00,4.7,11.3,0.9,43.4
1993-01-24T00:00:00,4.7,11.2,0.8,43.4
1993-01-25T00:00:00,4.7,10.8,0.8,43.4
1993-01-26T00:00:00,4.7,10.7,0.9,43.4
1993-01-27T00:00:00,4.7,10.7,0.8,43.4
1993-01-28T00:00:00,4.7,10.6,0.7,41.9
1993-01-29T00:00:00,4.5,10.3,0.7,40.5
1993-01-30T00:00:00,4.5,9.8,0.7,39
1993-01-31T00:00:00,4.2,9.5,0.7,40.5
1993-02-01T00:00:00,4.2,9.4,0.7,39
1993-02-02T00:00:00,4.2,9.2,0.7,37.6
1993-02-03T00:00:00,4.2,9.2,0.7,37.6
1993-02-04T00:00:00,4.2,9.2,0.6,37.6
1993-02-05T00:00:00,4.2,9.1,0.6,36.3
1993-02-06T00:00:00,4,8.9,0.6,36.3
1993-02-07T00:00:00,3.8,8.6,0.6,34.9
1993-02-08T00:00:00,3.8,8.5,0.6,34.9
1993-02-09T00:00:00,3.8,8,0.6,34.9
1993-02-10T00:00:00,3.8,7.7,0.5,34.9
1993-02-11T00:00:00,3.8,7.7,0.6,34.9
1993-02-12T00:00:00,3.8,7.5,0.6,33.6
1993-02-13T00:00:00,3.8,7.4,0.6,33.6
1993-02-14T00:00:00,3.8,7.5,0.6,32.3
1993-02-15T00:00:00,4,7.7,0.6,31.1
1993-02-16T00:00:00,3.8,7.7,0.5,31.1
1993-02-17T00:00:00,3.8,7.7,0.5,31.1
1993-02-18T00:00:00,3.8,7.4,0.5,31.1
1993-02-19T00:00:00,3.6,7.2,0.5,31.1
1993-02-20T00:00:00,3.4,7.1,0.4,29.8
1993-02-21T00:00:00,3.4,6.9,0.4,29.8
1993-02-22T00:00:00,3.4,6.4,0.4,31.1
1993-02-23T00:00:00,3.4,6.1,0.4,29.8
1993-02-24T00:00:00,3.4,6.1,0.4,28.6
1993-02-25T00:00:00,3.4,5.9,0.4,28.6
1993-02-26T00:00:00,3.4,5.8,0.4,27.5
1993-02-27T00:00:00,3.3,5.8,0.4,27.5
1993-02-28T00:00:00,3.1,5.6,0.4,27.5
1993-03-01T00:00:00,3.1,5.3,0.4,26.3
1993-03-02T00:00:00,2.7,5.1,0.3,26.3
1993-03-03T00:00:00,2.7,4.8,0.3,25.2
1993-03-04T00:00:00,2.7,4.4,0.3,25.2
1993-03-05T00:00:00,2.7,4,0.3,25.2
1993-03-06T00:00:00,2.7,3.7,0.3,24.1
1993-03-07T00:00:00,2.7,3.7,0.3,24.1
1993-03-08T00:00:00,2.6,3.7,0.3,24.1
1993-03-09T00:00:00,2.6,3.7,0.3,24.1
1993-03-10T00:00:00,2.7,3.7,0.3,24.1
1993-03-11T00:00:00,2.7,3.7,0.3,24.1
1993-03-12T00:00:00,2.6,3.7,0.3,23.1
1993-03-13T00:00:00,2.7,3.7,0.2,22.1
1993-03-14T00:00:00,2.7,3.7,0.4,22.1
1993-03-15T00:00:00,2.7,4.2,0.5,21.1
1993-03-16T00:00:00,3.1,7,0.4,21.1
1993-03-17T00:00:00,3.1,5.2,0.4,21.1
1993-03-18T00:00:00,2.7,4.2,0.4,21.1
1993-03-19T00:00:00,2.7,3.6,0.3,20.1
1993-03-20T00:00:00,2.7,3.5,0.3,20.1
1993-03-21T00:00:00,2.7,3.5,0.3,20.1
1993-03-22T00:00:00,2.7,3.5,0.3,19.2
1993-03-23T00:00:00,3.1,3.5,0.3,21.1
1993-03-24T00:00:00,3.1,3.5,0.5,21.1
1993-03-25T00:00:00,4.5,3.5,0.5,21.1
1993-03-26T00:00:00,6.7,3.5,0.7,21.1
1993-03-27T00:00:00,4.7,3.8,0.6,21.1
1993-03-28T00:00:00,5.2,4.9,1.1,20.1
1993-03-29T00:00:00,3.6,7.2,0.6,19.2
1993-03-30T00:00:00,3.4,6.5,0.6,18.2
1993-03-31T00:00:00,3.4,4.9,2.2,18.2
1993-04-01T00:00:00,3.8,5,1.3,17.4
1993-04-02T00:00:00,3.8,6.4,0.9,17.4
1993-04-03T00:00:00,4.5,8.8,2.9,16.5
1993-04-04T00:00:00,4.2,7.8,0.9,16.5
1993-04-05T00:00:00,3.1,5.1,0.6,17.4
1993-04-06T00:00:00,2.7,3.8,0.5,18.2
1993-04-07T00:00:00,2.7,3.5,0.4,17.4
1993-04-08T00:00:00,2.7,3.1,1.5,16.5
1993-04-09T00:00:00,4.2,3.4,1.4,15.7
1993-04-10T00:00:00,6.7,5.1,1.5,16.5
1993-04-11T00:00:00,8.9,4.7,1.1,17.4
1993-04-12T00:00:00,9.9,4.7,4.3,16.5
1993-04-13T00:00:00,5.7,6.4,3.2,15.7
1993-04-14T00:00:00,4.2,5.8,2,14.8
1993-04-15T00:00:00,3.8,5.6,1.2,15.7
1993-04-16T00:00:00,3.8,4.3,1,15.7
1993-04-17T00:00:00,3.4,3.7,0.6,15.7
1993-04-18T00:00:00,7.9,4.4,1.7,15.7
1993-04-19T00:00:00,4.9,5,1.3,15.7
1993-04-20T00:00:00,4.2,4.7,0.9,16.5
1993-04-21T00:00:00,3.4,3.6,0.8,16.5
1993-04-22T00:00:00,3.1,3.6,2.2,15.7
1993-04-23T00:00:00,4.2,7.5,1.7,14.1
1993-04-24T00:00:00,7.3,8.8,2,14.1
1993-04-25T00:00:00,4.2,7.4,1.2,14.1
1993-04-26T00:00:00,4.2,5.2,0.9,14.1
1993-04-27T00:00:00,9.9,4.7,4.6,14.1
1993-04-28T00:00:00,9.5,9.9,2.2,14.1
1993-04-29T00:00:00,5.2,7.1,1.4,14.1
1993-04-30T00:00:00,4,4.2,1.2,17.4
1993-05-01T00:00:00,3.6,3.2,0.8,16.5
1993-05-02T00:00:00,3.4,2.9,0.6,17.4
1993-05-03T00:00:00,3.1,2.9,0.6,16.5
1993-05-04T00:00:00,2.9,2.9,0.4,26.3
1993-05-05T00:00:00,2.7,2.7,0.4,20.1
1993-05-06T00:00:00,2.7,2.7,0.4,20.1
1993-05-07T00:00:00,2.7,2.5,0.3,36.3
1993-05-08T00:00:00,2.7,2.5,0.3,31.1
1993-05-09T00:00:00,2.7,2.5,0.3,20.1
1993-05-10T00:00:00,2.6,2.5,0.3,21.1
1993-05-11T00:00:00,2.6,2.5,0.3,21.1
1993-05-12T00:00:00,2.6,2.7,0.9,25.2
1993-05-13T00:00:00,2.7,3.1,1.9,22.1
1993-05-14T00:00:00,2.7,3.5,0.9,20.1
1993-05-15T00:00:00,2.6,4.7,6.2,21.1
1993-05-16T00:00:00,2.6,11.2,10.2,21.1
1993-05-17T00:00:00,3.1,14.7,21.4,25.2
1993-05-18T00:00:00,2.4,26,10.5,22.1
1993-05-19T00:00:00,2.7,19.9,6.5,20.1
1993-05-20T00:00:00,4.5,18.8,5.1,21.1
1993-05-21T00:00:00,5.2,22.7,13.4,39
1993-05-22T00:00:00,7.9,18,9.4,24.1
1993-05-23T00:00:00,11.7,29.6,5.3,21.1
1993-05-24T00:00:00,11.7,20.6,2.3,22.1
1993-05-25T00:00:00,25.7,13.3,1.8,22.1
1993-05-26T00:00:00,39,12.5,4.7,20.1
1993-05-27T00:00:00,49.1,10.6,2.2,19.2
1993-05-28T00:00:00,15.5,10.3,1.4,19.2
1993-05-29T00:00:00,19.5,13.7,8.5,18.2
1993-05-30T00:00:00,17.9,17.8,11.6,18.2
1993-05-31T00:00:00,17.4,20.4,5.1,24.1
1993-06-01T00:00:00,23.3,26.8,1.9,54.8
1993-06-02T00:00:00,24.5,21.9,2.2,29.8
1993-06-03T00:00:00,46.5,24,2.6,27.5
1993-06-04T00:00:00,44.8,33.7,4.4,56.6
1993-06-05T00:00:00,101.3,39,5.6,29.8
1993-06-06T00:00:00,72.5,28.3,20.3,40.5
1993-06-07T00:00:00,85.6,55.1,8.3,32.3
1993-06-08T00:00:00,140.9,53.3,14.7,31.1
1993-06-09T00:00:00,131.1,57.9,13.3,34.9
1993-06-10T00:00:00,111.2,59.7,14.2,54.8
1993-06-11T00:00:00,81.9,53.8,7.5,58.4
1993-06-12T00:00:00,106.9,56.6,6.2,94
1993-06-13T00:00:00,77.1,42,2.9,84.7
1993-06-14T00:00:00,41.4,35,1.9,76
1993-06-15T00:00:00,83.1,43.2,1.8,65.8
1993-06-16T00:00:00,80.7,36.4,1.3,53.1
1993-06-17T00:00:00,45.6,33.5,1,76
1993-06-18T00:00:00,51,22.1,1,67.8
1993-06-19T00:00:00,72.5,14.6,1.9,128.3
1993-06-20T00:00:00,58.6,14.2,6.2,96.4
1993-06-21T00:00:00,95.9,15.8,3,96.4
1993-06-22T00:00:00,58.6,16.7,3.9,80.3
1993-06-23T00:00:00,56.7,21.3,2.2,87
1993-06-24T00:00:00,40.6,24.8,1.3,87
1993-06-25T00:00:00,90.6,16.8,1.1,87
1993-06-26T00:00:00,101.3,19.3,1,103.9
1993-06-27T00:00:00,77.1,41.5,1.4,98.9
1993-06-28T00:00:00,78.3,39.5,4.1,106.4
1993-06-29T00:00:00,56.7,70.3,2,96.4
1993-06-30T00:00:00,111.2,113,1.8,119.8
1993-07-01T00:00:00,223.9,177,21.2,146.3
1993-07-02T00:00:00,180.6,115.9,3,152.7
1993-07-03T00:00:00,151.2,176.9,2.5,155.9
1993-07-04T00:00:00,57.6,192.1,8.6,176
1993-07-05T00:00:00,8.5,135.1,11,111.7
1993-07-06T00:00:00,58.6,113.4,31,111.7
1993-07-07T00:00:00,104.1,151.2,23,114.4
1993-07-08T00:00:00,115.6,163.5,44.8,119.8
1993-07-09T00:00:00,147.7,135,21,122.6
1993-07-10T00:00:00,93.3,119.4,28.6,125.4
1993-07-11T00:00:00,152.9,120.1,21.4,131.2
1993-07-12T00:00:00,117.1,106.2,17,134.2
1993-07-13T00:00:00,244.1,137.9,11.6,152.7
1993-07-14T00:00:00,235,138.6,46.5,190.3
1993-07-15T00:00:00,235,141.7,42.2,190.3
1993-07-16T00:00:00,270.3,146.5,53.4,165.8
1993-07-17T00:00:00,292.9,141.7,43.2,172.6
1993-07-18T00:00:00,308.5,146.2,41.3,376.7
1993-07-19T00:00:00,330.1,140.2,84.1,183.1
1993-07-20T00:00:00,196.4,168.6,94,76
1993-07-21T00:00:00,253.5,218.7,85.5,213
1993-07-22T00:00:00,255.8,285.3,87.4,197.7
1993-07-23T00:00:00,263,215.8,44.2,201.5
1993-07-24T00:00:00,226.1,197.9,72.2,233
1993-07-25T00:00:00,260.6,221.2,98.9,233
1993-07-26T00:00:00,292.9,363.7,60.1,258.5
1993-07-27T00:00:00,139.3,251.6,41,254.2
1993-07-28T00:00:00,152.9,201.1,40,262.9
1993-07-29T00:00:00,152.9,249.2,43.8,276.4
1993-07-30T00:00:00,152.9,281.6,49.2,276.4
1993-07-31T00:00:00,152.9,288.6,45.8,295
1993-08-01T00:00:00,152.9,330.4,70.6,304.6
1993-08-02T00:00:00,152.9,341.6,57.9,319.3
1993-08-03T00:00:00,152.9,314.9,60.1,319.3
1993-08-04T00:00:00,152.9,306.5,47.2,309.4
1993-08-05T00:00:00,152.9,271.9,36.4,304.6
1993-08-06T00:00:00,165.5,277.2,73.1,439.9
1993-08-07T00:00:00,174.8,365.4,38.2,470.6
1993-08-08T00:00:00,178.6,328.7,80,483.2
1993-08-09T00:00:00,151.2,271.7,29.2,502.5
1993-08-10T00:00:00,151.2,258.3,47.2,515.7
1993-08-11T00:00:00,174.8,256.9,35.2,529
1993-08-12T00:00:00,190.4,254.3,16.4,535.7
1993-08-13T00:00:00,165.5,238.3,59.4,542.5
1993-08-14T00:00:00,180.6,245.9,69.7,542.5
1993-08-15T00:00:00,180.6,209.1,42.6,542.5
1993-08-16T00:00:00,174.8,212.2,22.8,542.5
1993-08-17T00:00:00,171,213,35.8,535.7
1993-08-18T00:00:00,182.5,232.3,36.4,529
1993-08-19T00:00:00,174.8,225.4,42.6,515.7
1993-08-20T00:00:00,176.7,250.4,23.9,515.7
1993-08-21T00:00:00,171,227,21.4,509.1
1993-08-22T00:00:00,180.6,230.5,31.8,502.5
1993-08-23T00:00:00,313.8,236.4,64.8,509.1
1993-08-24T00:00:00,188.4,250.9,71.4,502.5
1993-08-25T00:00:00,285.2,280.1,89.2,502.5
1993-08-26T00:00:00,184.4,268.4,99.9,496.1
1993-08-27T00:00:00,161.8,268.1,98.9,489.6
1993-08-28T00:00:00,172.9,248.6,99.4,496.1
1993-08-29T00:00:00,174.8,236.9,83.7,509.1
1993-08-30T00:00:00,180.6,228.3,54.9,502.5
1993-08-31T00:00:00,188.4,258.5,39.4,502.5
1993-09-01T00:00:00,169.2,277.9,61.3,515.7
1993-09-02T00:00:00,174.8,392.5,77.4,502.5
1993-09-03T00:00:00,154.7,344.1,99.4,502.5
1993-09-04T00:00:00,311.2,222.2,84.6,502.5
1993-09-05T00:00:00,381.9,203.3,99.9,489.6
1993-09-06T00:00:00,235,201.5,99.9,483.2
1993-09-07T00:00:00,158.2,269.1,96.9,489.6
1993-09-08T00:00:00,174.8,284.6,96.9,483.2
1993-09-09T00:00:00,171,266.2,93.5,483.2
1993-09-10T00:00:00,165.5,265.3,92.6,470.6
1993-09-11T00:00:00,161.8,269.1,55.6,458.2
1993-09-12T00:00:00,147.7,249.9,39.4,446
1993-09-13T00:00:00,149.4,233.2,31.3,439.9
1993-09-14T00:00:00,163.6,224.3,33.5,428
1993-09-15T00:00:00,152.9,212,27.1,422.1
1993-09-16T00:00:00,147.7,164.3,21,410.5
1993-09-17T00:00:00,149.4,142.7,17.8,404.7
1993-09-18T00:00:00,134.3,130.1,16.2,399
1993-09-19T00:00:00,98.6,119.1,15.6,399
1993-09-20T00:00:00,89.4,116.2,14,399
1993-09-21T00:00:00,114.2,114.6,14,393.4
1993-09-22T00:00:00,98.6,104.9,15.1,399
1993-09-23T00:00:00,147.7,137.8,17.4,399
1993-09-24T00:00:00,106.9,197.5,13.1,399
1993-09-25T00:00:00,105.5,135.3,11.4,410.5
1993-09-26T00:00:00,74.8,116.4,11,422.1
1993-09-27T00:00:00,105.5,136.3,15.4,410.5
1993-09-28T00:00:00,123.2,182.2,18,410.5
1993-09-29T00:00:00,126.3,206,15.8,399
1993-09-30T00:00:00,151.2,168.8,15.4,376.7
1993-10-01T00:00:00,180.6,173.1,12.8,355.2
1993-10-02T00:00:00,151.2,186.1,11.9,355.2
1993-10-03T00:00:00,136,155.3,12.9,344.7
1993-10-04T00:00:00,134.3,157.9,13.6,339.5
1993-10-05T00:00:00,137.6,170.1,11.4,329.3
1993-10-06T00:00:00,158.2,134,9.7,324.2
1993-10-07T00:00:00,115.6,114.9,9.6,319.3
1993-10-08T00:00:00,156.4,120,19.4,314.3
1993-10-09T00:00:00,200.5,132,16.6,314.3
1993-10-10T00:00:00,186.4,114.6,12.2,304.6
1993-10-11T00:00:00,144.3,109.8,9.4,295
1993-10-12T00:00:00,85.6,94.6,9,285.6
1993-10-13T00:00:00,64.8,86.5,9.4,285.6
1993-10-14T00:00:00,55.7,81.2,8.3,276.4
1993-10-15T00:00:00,48.2,75.7,8.2,276.4
1993-10-16T00:00:00,46.5,71.9,6.4,276.4
1993-10-17T00:00:00,43.9,69.2,4.8,267.4
1993-10-18T00:00:00,40.6,70.2,4.2,267.4
1993-10-19T00:00:00,37.5,68.4,3.9,258.5
1993-10-20T00:00:00,34.5,66,4.3,258.5
1993-10-21T00:00:00,35.2,65.7,4.2,249.8
1993-10-22T00:00:00,35.9,67.4,4.3,241.3
1993-10-23T00:00:00,58.6,76.2,6.4,241.3
1993-10-24T00:00:00,47.4,82.7,5.5,241.3
1993-10-25T00:00:00,40.6,83.8,22.5,233
1993-10-26T00:00:00,39.8,88.2,22.5,224.9
1993-10-27T00:00:00,75.9,81.2,23.5,216.9
1993-10-28T00:00:00,71.4,96.4,9.9,209.1
1993-10-29T00:00:00,101.3,81.9,6.4,209.1
1993-10-30T00:00:00,59.6,72.3,5.4,201.5
1993-10-31T00:00:00,57.6,66.9,4.3,201.5
1993-11-01T00:00:00,40.6,62.9,4.3,197.7
1993-11-02T00:00:00,38.2,59.6,3.9,194
1993-11-03T00:00:00,37.5,56.4,3.5,194
1993-11-04T00:00:00,32.3,53.8,3.3,186.7
1993-11-05T00:00:00,30.2,51.7,3.1,179.5
1993-11-06T00:00:00,31.6,52.3,3,179.5
1993-11-07T00:00:00,35.9,63.2,2.7,179.5
1993-11-08T00:00:00,30.9,55.5,2.4,165.8
1993-11-09T00:00:00,27.6,49,2.5,165.8
1993-11-10T00:00:00,25.1,46.5,2.4,159.1
1993-11-11T00:00:00,25.1,45,2.2,159.1
1993-11-12T00:00:00,23.9,43.9,2.2,152.7
1993-11-13T00:00:00,22.7,42.5,2,152.7
1993-11-14T00:00:00,24.5,41.1,1.9,149.5
1993-11-15T00:00:00,22.2,40.1,2,146.3
1993-11-16T00:00:00,19.5,39.4,2.3,146.3
1993-11-17T00:00:00,18.4,39.8,2,146.3
1993-11-18T00:00:00,17.9,39.7,1.8,140.2
1993-11-19T00:00:00,16.5,41.7,1.8,140.2
1993-11-20T00:00:00,16.9,39.1,1.7,140.2
1993-11-21T00:00:00,16.5,35.7,1.5,134.2
1993-11-22T00:00:00,15.5,34.1,1.4,128.3
1993-11-23T00:00:00,17.4,33.5,1.4,128.3
1993-11-24T00:00:00,16.5,32.9,2.3,122.6
1993-11-25T00:00:00,14.6,34,3,119.8
1993-11-26T00:00:00,14.6,36.8,1.7,117.1
1993-11-27T00:00:00,15.1,32.3,1.2,117.1
1993-11-28T00:00:00,15.5,30.1,1.3,111.7
1993-11-29T00:00:00,12.1,29.2,1.1,111.7
1993-11-30T00:00:00,12.1,29,1,106.4
1993-12-01T00:00:00,11.7,28,0.9,106.4
1993-12-02T00:00:00,12.1,27.7,0.9,106.4
1993-12-03T00:00:00,11,27,0.9,101.4
1993-12-04T00:00:00,10.6,26.1,0.8,101.4
1993-12-05T00:00:00,9.9,25.3,0.8,101.4
1993-12-06T00:00:00,9.9,24.9,0.7,101.4
1993-12-07T00:00:00,9.5,24.8,0.7,96.4
1993-12-08T00:00:00,9.2,24.4,0.7,96.4
1993-12-09T00:00:00,8.5,23.8,0.6,91.6
1993-12-10T00:00:00,9.2,23.6,0.6,89.3
1993-12-11T00:00:00,8.5,22.9,0.6,89.3
1993-12-12T00:00:00,7.9,22.1,0.6,87
1993-12-13T00:00:00,8.2,21.4,0.6,84.7
1993-12-14T00:00:00,7.9,21.6,0.6,82.5
1993-12-15T00:00:00,7.9,21.3,0.6,80.3
1993-12-16T00:00:00,7.9,21.3,0.6,76
1993-12-17T00:00:00,7.9,21.2,0.6,76
1993-12-18T00:00:00,8.2,20.9,0.6,71.8
1993-12-19T00:00:00,7.9,20.8,0.6,71.8
1993-12-20T00:00:00,7.9,20.4,0.6,69.8
1993-12-21T00:00:00,7.3,19.8,0.5,69.8
1993-12-22T00:00:00,7.3,19.6,0.5,67.8
1993-12-23T00:00:00,6.7,19.1,0.5,67.8
1993-12-24T00:00:00,6.7,18.9,0.5,65.8
1993-12-25T00:00:00,6.7,18.6,0.4,65.8
1993-12-26T00:00:00,6.4,18.2,0.4,63.9
1993-12-27T00:00:00,6.4,17.6,0.4,62
1993-12-28T00:00:00,6.4,17.5,0.4,60.2
1993-12-29T00:00:00,6.4,17.4,0.4,60.2
1993-12-30T00:00:00,5.9,16.9,0.4,60.2
1993-12-31T00:00:00,5.7,16.9,0.5,58.4
1994-01-01T00:00:00,5.7,13.5,0.4,58.4
1994-01-02T00:00:00,5.7,13.8,0.4,58.4
1994-01-03T00:00:00,5.7,12.4,0.4,56.6
1994-01-04T00:00:00,5.4,13,0.4,56.6
1994-01-05T00:00:00,5.4,13,0.4,56.6
1994-01-06T00:00:00,5.2,11.8,0.4,56.6
1994-01-07T00:00:00,5.2,11.3,0.4,54.8
1994-01-08T00:00:00,5.2,11.3,0.4,53.1
1994-01-09T00:00:00,5.2,11.2,0.4,53.1
1994-01-10T00:00:00,5.4,10.8,0.4,51.4
1994-01-11T00:00:00,5.2,10.9,0.4,49.7
1994-01-12T00:00:00,5.2,10.7,0.4,49.7
1994-01-13T00:00:00,5.2,10.7,0.4,48.1
1994-01-14T00:00:00,5.2,10.7,0.4,46.5
1994-01-15T00:00:00,4.9,10.6,0.4,46.5
1994-01-16T00:00:00,4.7,10.3,0.4,46.5
1994-01-17T00:00:00,4.7,11,0.4,46.5
1994-01-18T00:00:00,4.7,10.3,0.3,46.5
1994-01-19T00:00:00,4.7,10.5,0.3,45
1994-01-20T00:00:00,4.7,10.1,0.3,45
1994-01-21T00:00:00,4.7,9.5,0.3,43.4
1994-01-22T00:00:00,4.5,9.2,0.3,43.4
1994-01-23T00:00:00,4.2,8.9,0.3,43.4
1994-01-24T00:00:00,4.2,8.8,0.3,43.4
1994-01-25T00:00:00,4.2,8.4,0.3,43.4
1994-01-26T00:00:00,4.2,7.9,0.3,43.4
1994-01-27T00:00:00,4.2,7.7,0.2,43.4
1994-01-28T00:00:00,4,7.3,0.2,41.9
1994-01-29T00:00:00,4,7.3,0.2,40.5
1994-01-30T00:00:00,3.8,7.3,0.2,39
1994-01-31T00:00:00,3.8,7.3,0.2,40.5
1994-02-01T00:00:00,3.8,7.2,0.2,39
1994-02-02T00:00:00,3.8,6.8,0.1,37.6
1994-02-03T00:00:00,3.8,6.9,0.1,37.6
1994-02-04T00:00:00,3.6,6.7,0.1,37.6
1994-02-05T00:00:00,3.6,6.4,0.1,36.3
1994-02-06T00:00:00,3.4,5.9,0.1,36.3
1994-02-07T00:00:00,3.4,6.2,0.1,34.9
1994-02-08T00:00:00,3.4,6.2,0.1,34.9
1994-02-09T00:00:00,3.4,6,0.1,34.9
1994-02-10T00:00:00,3.4,5.7,0.1,34.9
1994-02-11T00:00:00,3.4,5.6,0.1,34.9
1994-02-12T00:00:00,3.4,5.8,0.1,33.6
1994-02-13T00:00:00,3.3,6.1,0.1,33.6
1994-02-14T00:00:00,3.3,6,0.1,32.3
1994-02-15T00:00:00,3.3,6.2,0.1,31.1
1994-02-16T00:00:00,3.1,6,0.1,31.1
1994-02-17T00:00:00,3.1,5.8,0.1,31.1
1994-02-18T00:00:00,3.1,5.7,0.1,31.1
1994-02-19T00:00:00,3.1,5.8,0.1,31.1
1994-02-20T00:00:00,3.1,5.9,0.1,29.8
1994-02-21T00:00:00,3.1,5.7,0.1,29.8
1994-02-22T00:00:00,3.1,5.3,0.1,31.1
1994-02-23T00:00:00,3.1,5.3,0.1,29.8
1994-02-24T00:00:00,2.9,5.2,0.1,28.6
1994-02-25T00:00:00,3.1,4.9,0.1,28.6
1994-02-26T00:00:00,3.4,5.1,0.1,27.5
1994-02-27T00:00:00,4,4.8,0.1,27.5
1994-02-28T00:00:00,3.8,4.6,0.1,27.5
1994-03-01T00:00:00,3.4,4.7,0.1,26.3
1994-03-02T00:00:00,3.1,4.6,0.1,26.3
1994-03-03T00:00:00,3.1,4.3,0.3,25.2
1994-03-04T00:00:00,3.1,3.9,0.3,25.2
1994-03-05T00:00:00,2.7,3.7,0.1,25.2
1994-03-06T00:00:00,2.7,3.3,0.1,24.1
1994-03-07T00:00:00,2.7,3.3,0.1,24.1
1994-03-08T00:00:00,2.7,3.1,0.1,24.1
1994-03-09T00:00:00,2.7,2.8,0.1,24.1
1994-03-10T00:00:00,2.7,2.7,0.1,24.1
1994-03-11T00:00:00,2.4,2.7,0,24.1
1994-03-12T00:00:00,2.4,2.8,0,23.1
1994-03-13T00:00:00,2.3,2.4,0,22.1
1994-03-14T00:00:00,2.3,2.3,0,22.1
1994-03-15T00:00:00,2.3,2.4,0,21.1
1994-03-16T00:00:00,2.3,2.5,0,21.1
1994-03-17T00:00:00,2.3,2.4,0,21.1
1994-03-18T00:00:00,2.3,2.3,0,21.1
1994-03-19T00:00:00,2.4,2.3,0,20.1
1994-03-20T00:00:00,2.4,2.3,0,20.1
1994-03-21T00:00:00,2.4,2,0,20.1
1994-03-22T00:00:00,2.4,2,0,19.2
1994-03-23T00:00:00,2.3,2,0,21.1
1994-03-24T00:00:00,2.1,1.7,0,21.1
1994-03-25T00:00:00,2.1,1.7,0,21.1
1994-03-26T00:00:00,2.1,1.7,0,21.1
1994-03-27T00:00:00,2,1.7,0,21.1
1994-03-28T00:00:00,2,1.8,0,20.1
1994-03-29T00:00:00,2,1.7,0,19.2
1994-03-30T00:00:00,2,1.6,0,18.2
1994-03-31T00:00:00,2,1.4,0,18.2
1994-04-01T00:00:00,2,1.4,0,17.4
1994-04-02T00:00:00,2,1.4,0,17.4
1994-04-03T00:00:00,2.1,1.4,0,16.5
1994-04-04T00:00:00,2.1,1.4,0,16.5
1994-04-05T00:00:00,2.1,1.4,0,17.4
1994-04-06T00:00:00,2,1.4,0,18.2
1994-04-07T00:00:00,2,1.4,0,17.4
1994-04-08T00:00:00,2,1.4,0,16.5
1994-04-09T00:00:00,2,1.4,0,15.7
1994-04-10T00:00:00,2,1.4,0,16.5
1994-04-11T00:00:00,2,1.3,0,17.4
1994-04-12T00:00:00,2,1.2,0,16.5
1994-04-13T00:00:00,2,1.3,0,15.7
1994-04-14T00:00:00,2,1.1,0,14.8
1994-04-15T00:00:00,2,1.1,0.1,15.7
1994-04-16T00:00:00,2.3,1.1,0.1,15.7
1994-04-17T00:00:00,2.7,1.4,0.1,15.7
1994-04-18T00:00:00,2.7,1.6,0,15.7
1994-04-19T00:00:00,2.7,1.5,0,15.7
1994-04-20T00:00:00,2.7,1.4,0,16.5
1994-04-21T00:00:00,2.6,1.1,0,16.5
1994-04-22T00:00:00,2.1,1.1,0,15.7
1994-04-23T00:00:00,1.8,1.1,0,14.1
1994-04-24T00:00:00,1.7,1.1,0,14.1
1994-04-25T00:00:00,1.7,1.1,0,14.1
1994-04-26T00:00:00,1.8,0.9,0,14.1
1994-04-27T00:00:00,1.8,1,0,14.1
1994-04-28T00:00:00,1.8,0.9,0,14.1
1994-04-29T00:00:00,2.1,1.3,1.8,14.1
1994-04-30T00:00:00,2.4,2.2,0.1,17.4
1994-05-01T00:00:00,4.5,2.3,0.1,16.5
1994-05-02T00:00:00,7.9,2,0.6,17.4
1994-05-03T00:00:00,9.9,2.5,0.5,16.5
1994-05-04T00:00:00,9.9,7.3,1.8,26.3
1994-05-05T00:00:00,6.7,6.1,1.1,20.1
1994-05-06T00:00:00,8.2,14.3,5.7,20.1
1994-05-07T00:00:00,7.9,7.4,4.8,36.3
1994-05-08T00:00:00,15.1,4.1,2.2,31.1
1994-05-09T00:00:00,12.1,5.2,1.3,20.1
1994-05-10T00:00:00,11.3,4,0.1,21.1
1994-05-11T00:00:00,39,3.1,0.1,21.1
1994-05-12T00:00:00,11.3,3.8,0.1,25.2
1994-05-13T00:00:00,11.7,9.9,0.2,22.1
1994-05-14T00:00:00,5.2,6.3,0.2,20.1
1994-05-15T00:00:00,4.2,4.5,0.1,21.1
1994-05-16T00:00:00,4.2,5,0.3,21.1
1994-05-17T00:00:00,4.5,4.5,0.1,25.2
1994-05-18T00:00:00,4.2,4.9,0.8,22.1
1994-05-19T00:00:00,3.8,4.6,1.9,20.1
1994-05-20T00:00:00,3.8,4.4,1.1,21.1
1994-05-21T00:00:00,3.4,4.3,0.1,39
1994-05-22T00:00:00,3.1,3.9,0.1,24.1
1994-05-23T00:00:00,3.1,3,0.1,21.1
1994-05-24T00:00:00,3.1,2,0,22.1
1994-05-25T00:00:00,3.1,1.9,0,22.1
1994-05-26T00:00:00,3.1,2.9,0,20.1
1994-05-27T00:00:00,2.9,3,0,19.2
1994-05-28T00:00:00,3.4,2.8,0,19.2
1994-05-29T00:00:00,4,2.9,0,18.2
1994-05-30T00:00:00,3.8,2.2,0,18.2
1994-05-31T00:00:00,3.8,1.7,0,24.1
1994-06-01T00:00:00,7,2.4,0,54.8
1994-06-02T00:00:00,6.7,7.1,0,29.8
1994-06-03T00:00:00,7.3,6.3,0,27.5
1994-06-04T00:00:00,12.9,11.9,3.5,56.6
1994-06-05T00:00:00,47.4,35.4,7.1,29.8
1994-06-06T00:00:00,37.5,21.9,5.1,40.5
1994-06-07T00:00:00,28.9,28.7,2.1,32.3
1994-06-08T00:00:00,31.6,36.1,14.9,31.1
1994-06-09T00:00:00,46.5,35.5,6.4,34.9
1994-06-10T00:00:00,39.8,47.2,4.6,54.8
1994-06-11T00:00:00,23.9,19.9,4.1,58.4
1994-06-12T00:00:00,28.9,28.4,2.5,94
1994-06-13T00:00:00,42.2,69.8,3.2,84.7
1994-06-14T00:00:00,39,49.3,1.4,76
1994-06-15T00:00:00,42.2,39.3,1.7,65.8
1994-06-16T00:00:00,33.7,55.2,0.9,53.1
1994-06-17T00:00:00,31.6,51,5.8,76
1994-06-18T00:00:00,30.9,46.2,0.9,67.8
1994-06-19T00:00:00,27.6,22.4,0.7,128.3
1994-06-20T00:00:00,36.7,15.3,0.5,96.4
1994-06-21T00:00:00,64.8,34.6,0.4,96.4
1994-06-22T00:00:00,63.8,72.6,0.4,80.3
1994-06-23T00:00:00,89.4,68.7,1.1,87
1994-06-24T00:00:00,71.4,101.8,11.8,87
1994-06-25T00:00:00,140.9,73.7,24.6,87
1994-06-26T00:00:00,147.7,122.9,20.5,103.9
1994-06-27T00:00:00,167.3,103.7,10.8,98.9
1994-06-28T00:00:00,161.8,84.5,7.5,106.4
1994-06-29T00:00:00,192.4,127.3,73.9,96.4
1994-06-30T00:00:00,144.3,178.9,23,119.8
1994-07-01T00:00:00,84.3,88.2,17,146.3
1994-07-02T00:00:00,123.2,62.2,36.4,152.7
1994-07-03T00:00:00,198.5,65.5,31.8,155.9
1994-07-04T00:00:00,174.8,62.8,18.4,176
1994-07-05T00:00:00,174.8,104.4,60.1,111.7
1994-07-06T00:00:00,186.4,278.7,18.6,111.7
1994-07-07T00:00:00,228.3,180.4,80,114.4
1994-07-08T00:00:00,167.3,244.1,59.8,119.8
1994-07-09T00:00:00,176.7,176.2,76.5,122.6
1994-07-10T00:00:00,178.6,140.9,46.1,125.4
1994-07-11T00:00:00,127.9,116.6,42.9,131.2
1994-07-12T00:00:00,132.7,141.7,96.9,134.2
1994-07-13T00:00:00,117.1,239.8,75.7,152.7
1994-07-14T00:00:00,124.8,253,69.7,190.3
1994-07-15T00:00:00,118.6,179.7,60.1,190.3
1994-07-16T00:00:00,136,173.2,72.2,165.8
1994-07-17T00:00:00,137.6,158.9,54.2,172.6
1994-07-18T00:00:00,101.3,208.3,63.3,376.7
1994-07-19T00:00:00,91.9,148.8,92.1,183.1
1994-07-20T00:00:00,132.7,171.3,91.1,76
1994-07-21T00:00:00,136,131,77.4,213
1994-07-22T00:00:00,149.4,150,80,197.7
1994-07-23T00:00:00,147.7,116.4,98.6,201.5
1994-07-24T00:00:00,151.2,222.8,86.9,233
1994-07-25T00:00:00,132.7,207.6,47.4,233
1994-07-26T00:00:00,156.4,201.3,99.5,258.5
1994-07-27T00:00:00,161.8,210.5,99.5,254.2
1994-07-28T00:00:00,152.9,196.3,99.5,262.9
1994-07-29T00:00:00,147.7,197.6,99.5,276.4
1994-07-30T00:00:00,192.4,274.7,99.5,276.4
1994-07-31T00:00:00,134.3,235.8,23,295
1994-08-01T00:00:00,137.6,248.8,17,304.6
1994-08-02T00:00:00,165.5,273.7,36.4,319.3
1994-08-03T00:00:00,124.8,323.8,31.8,319.3
1994-08-04T00:00:00,139.3,363.8,18.4,309.4
1994-08-05T00:00:00,169.2,329.4,60.1,304.6
1994-08-06T00:00:00,156.4,314.2,18.6,439.9
1994-08-07T00:00:00,134.3,269.3,80,470.6
1994-08-08T00:00:00,161.8,373,59.8,483.2
1994-08-09T00:00:00,147.7,330.1,76.5,502.5
1994-08-10T00:00:00,176.7,304.6,46.1,515.7
1994-08-11T00:00:00,308.5,399.5,42.9,529
1994-08-12T00:00:00,277.7,403.7,96.9,535.7
1994-08-13T00:00:00,198.5,336.2,75.7,542.5
1994-08-14T00:00:00,280.2,308,69.7,542.5
1994-08-15T00:00:00,196.4,386.2,60.1,542.5
1994-08-16T00:00:00,163.6,361.3,72.2,542.5
1994-08-17T00:00:00,169.2,325.6,54.2,535.7
1994-08-18T00:00:00,174.8,360,63.3,529
1994-08-19T00:00:00,188.4,284.8,92.1,515.7
1994-08-20T00:00:00,156.4,254,91.1,515.7
1994-08-21T00:00:00,151.2,339.4,77.4,509.1
1994-08-22T00:00:00,192.4,303.6,80,502.5
1994-08-23T00:00:00,147.7,240.3,98.6,509.1
1994-08-24T00:00:00,198.5,229.2,86.9,502.5
1994-08-25T00:00:00,165.5,230.7,47.4,502.5
1994-08-26T00:00:00,202.6,277.1,99.5,496.1
1994-08-27T00:00:00,208.8,358.5,99.5,489.6
1994-08-28T00:00:00,123.2,331.2,99.5,496.1
1994-08-29T00:00:00,144.3,353.5,99.5,509.1
1994-08-30T00:00:00,114.2,354.7,99.5,502.5
1994-08-31T00:00:00,230.5,348.4,99.5,502.5
1994-09-01T00:00:00,146.5,301.7,99.5,515.7
1994-09-02T00:00:00,180.6,291.7,99.5,502.5
1994-09-03T00:00:00,184.4,307.8,95.1,502.5
1994-09-04T00:00:00,161.8,305.5,99.5,502.5
1994-09-05T00:00:00,263,307.9,92.6,489.6
1994-09-06T00:00:00,213.1,277.3,99.5,483.2
1994-09-07T00:00:00,184.4,269.6,87.7,489.6
1994-09-08T00:00:00,206.7,266.5,92.6,483.2
1994-09-09T00:00:00,147.7,323.8,99.5,483.2
1994-09-10T00:00:00,147.7,286.9,89.3,470.6
1994-09-11T00:00:00,151.2,250.7,57.6,458.2
1994-09-12T00:00:00,137.6,237.2,31.2,446
1994-09-13T00:00:00,104.1,215,27.1,439.9
1994-09-14T00:00:00,88.1,180.2,18.7,428
1994-09-15T00:00:00,91.9,179.4,18.3,422.1
1994-09-16T00:00:00,83.1,145,17.3,410.5
1994-09-17T00:00:00,94.6,159.5,22.9,404.7
1994-09-18T00:00:00,95.9,173.4,20.7,399
1994-09-19T00:00:00,70.2,253.5,47.9,399
1994-09-20T00:00:00,60.7,254,41.3,399
1994-09-21T00:00:00,98.6,200.4,19.2,393.4
1994-09-22T00:00:00,101.3,233.7,53.1,399
1994-09-23T00:00:00,109.8,275.1,18.7,399
1994-09-24T00:00:00,86.8,209.6,15.2,399
1994-09-25T00:00:00,83.1,221.5,11,410.5
1994-09-26T00:00:00,67,179.3,8.8,422.1
1994-09-27T00:00:00,52.8,153.2,6.8,410.5
1994-09-28T00:00:00,52.8,124.7,6.2,410.5
1994-09-29T00:00:00,47.4,111.9,5.6,399
1994-09-30T00:00:00,46.5,107,4.9,376.7
1994-10-01T00:00:00,44.8,123.5,4.6,355.2
1994-10-02T00:00:00,38.2,118,4.1,355.2
1994-10-03T00:00:00,35.9,109.5,3.8,344.7
1994-10-04T00:00:00,33,100.9,3.5,339.5
1994-10-05T00:00:00,35.2,80.2,3.2,329.3
1994-10-06T00:00:00,31.6,72.6,2.9,324.2
1994-10-07T00:00:00,30.2,69,2.6,319.3
1994-10-08T00:00:00,29.6,66.3,2.6,314.3
1994-10-09T00:00:00,28.9,64.6,2.4,314.3
1994-10-10T00:00:00,29.6,63.2,2.2,304.6
1994-10-11T00:00:00,30.2,60.7,2.1,295
1994-10-12T00:00:00,27.6,58.3,1.8,285.6
1994-10-13T00:00:00,24.5,57.3,1.7,285.6
1994-10-14T00:00:00,22.7,55.8,1.6,276.4
1994-10-15T00:00:00,20.5,53.8,1.5,276.4
1994-10-16T00:00:00,20.5,51.8,1.5,276.4
1994-10-17T00:00:00,19.5,50.1,1.4,267.4
1994-10-18T00:00:00,20.5,47.7,1.4,267.4
1994-10-19T00:00:00,18.4,45.6,1.3,258.5
1994-10-20T00:00:00,21.6,43.5,1.2,258.5
1994-10-21T00:00:00,17.9,42.8,1.1,249.8
1994-10-22T00:00:00,16.9,40.1,1.1,241.3
1994-10-23T00:00:00,16,38,1,241.3
1994-10-24T00:00:00,15.5,36.3,1,241.3
1994-10-25T00:00:00,15.1,35.4,1,233
1994-10-26T00:00:00,14.6,35.4,0.9,224.9
1994-10-27T00:00:00,14.2,36,0.9,216.9
1994-10-28T00:00:00,12.9,35.8,0.9,209.1
1994-10-29T00:00:00,12.1,35.9,0.9,209.1
1994-10-30T00:00:00,12.9,34.7,0.9,201.5
1994-10-31T00:00:00,13.3,35.3,0.9,201.5
1994-11-01T00:00:00,17.4,36.3,0.9,197.7
1994-11-02T00:00:00,18.9,35.3,0.9,194
1994-11-03T00:00:00,16.5,34.2,0.9,194
1994-11-04T00:00:00,13.8,32.2,0.9,186.7
1994-11-05T00:00:00,11.3,30.8,0.8,179.5
1994-11-06T00:00:00,10.6,29,0.7,179.5
1994-11-07T00:00:00,10.2,27,0.7,179.5
1994-11-08T00:00:00,9.9,25.4,0.7,165.8
1994-11-09T00:00:00,9.9,26.3,0.7,165.8
1994-11-10T00:00:00,9.9,27,0.8,159.1
1994-11-11T00:00:00,9.9,31.4,0.9,159.1
1994-11-12T00:00:00,9.9,30,0.8,152.7
1994-11-13T00:00:00,9.9,27.7,0.7,152.7
1994-11-14T00:00:00,9.9,26.8,0.7,149.5
1994-11-15T00:00:00,9.5,25.4,0.7,146.3
1994-11-16T00:00:00,8.2,24,0.7,146.3
1994-11-17T00:00:00,12.5,22.3,0.7,146.3
1994-11-18T00:00:00,9.9,23,0.6,140.2
1994-11-19T00:00:00,9.2,22.5,0.6,140.2
1994-11-20T00:00:00,8.9,23.2,0.6,140.2
1994-11-21T00:00:00,8.5,23.3,0.6,134.2
1994-11-22T00:00:00,8.2,23.1,0.7,128.3
1994-11-23T00:00:00,9.2,22,0.6,128.3
1994-11-24T00:00:00,9.9,22.2,0.6,122.6
1994-11-25T00:00:00,9.9,22.3,0.6,119.8
1994-11-26T00:00:00,8.5,21.2,0.5,117.1
1994-11-27T00:00:00,8.2,21.1,0.5,117.1
1994-11-28T00:00:00,8.9,21.6,0.5,111.7
1994-11-29T00:00:00,8.5,21,0.5,111.7
1994-11-30T00:00:00,8.2,20.3,0.5,106.4
1994-12-01T00:00:00,7.9,19.5,0.5,28.6
1994-12-02T00:00:00,7.9,18.8,0.5,28.6
1994-12-03T00:00:00,7.6,18.4,0.5,28.6
1994-12-04T00:00:00,7.9,20.3,0.5,28.6
1994-12-05T00:00:00,8.5,22.1,0.6,28.6
1994-12-06T00:00:00,7.9,21,0.5,28.6
1994-12-07T00:00:00,7.3,20.2,0.6,27.5
1994-12-08T00:00:00,7.3,22.7,0.7,26.3
1994-12-09T00:00:00,11.3,21.9,0.7,26.3
1994-12-10T00:00:00,11.7,21.3,0.6,26.3
1994-12-11T00:00:00,7.9,20.4,0.5,26.3
1994-12-12T00:00:00,7.3,18.4,0.5,26.3
1994-12-13T00:00:00,6.2,17.9,0.5,26.3
1994-12-14T00:00:00,5.7,17.3,0.5,26.3
1994-12-15T00:00:00,5.4,16.6,0.4,26.3
1994-12-16T00:00:00,6.2,15.9,0.4,24.1
1994-12-17T00:00:00,6.2,15.4,0.4,24.1
1994-12-18T00:00:00,5.7,15.7,0.4,24.1
1994-12-19T00:00:00,5.7,15.3,0.4,24.1
1994-12-20T00:00:00,5.4,15.1,0.4,24.1
1994-12-21T00:00:00,5.2,14.5,0.4,24.1
1994-12-22T00:00:00,5.2,13.9,0.4,24.1
1994-12-23T00:00:00,4.9,13.4,0.3,24.1
1994-12-24T00:00:00,4.7,13.7,0.3,24.1
1994-12-25T00:00:00,4.7,13.2,0.3,22.1
1994-12-26T00:00:00,4.7,12.9,0.3,22.1
1994-12-27T00:00:00,4.2,12.6,0.3,22.1
1994-12-28T00:00:00,4.2,12.5,0.3,22.1
1994-12-29T00:00:00,4.2,12,0.3,21.1
1994-12-30T00:00:00,4.2,11.8,0.3,21.1
1994-12-31T00:00:00,4.2,11.6,0.4,21.1
1995-01-01T00:00:00,4,10.5,0.3,20.1
1995-01-02T00:00:00,3.8,10.2,0.3,21.1
1995-01-03T00:00:00,3.8,9.7,0.4,20.1
1995-01-04T00:00:00,3.8,9.6,0.3,21.1
1995-01-05T00:00:00,3.8,9.4,0.3,20.1
1995-01-06T00:00:00,3.8,9.1,0.3,20.1
1995-01-07T00:00:00,3.8,8.7,0.3,20.1
1995-01-08T00:00:00,3.8,8.2,0.3,20.1
1995-01-09T00:00:00,3.8,8.4,0.3,20.1
1995-01-10T00:00:00,3.8,8.1,0.3,19.2
1995-01-11T00:00:00,3.6,7.9,0.3,18.2
1995-01-12T00:00:00,3.6,7.3,0.3,18.2
1995-01-13T00:00:00,3.6,7.1,0.3,18.2
1995-01-14T00:00:00,3.6,7.2,0.3,18.2
1995-01-15T00:00:00,3.6,6.1,0.3,18.2
1995-01-16T00:00:00,3.6,5.5,0.3,18.2
1995-01-17T00:00:00,3.6,5,0.3,18.2
1995-01-18T00:00:00,3.6,4.7,0.3,18.2
1995-01-19T00:00:00,3.6,4.7,0.3,18.2
1995-01-20T00:00:00,3.6,5.7,0.3,17.4
1995-01-21T00:00:00,3.6,6.8,0.3,16.5
1995-01-22T00:00:00,3.3,7,0.3,16.5
1995-01-23T00:00:00,3.3,7,0.3,16.5
1995-01-24T00:00:00,3.3,7.3,0.3,16.5
1995-01-25T00:00:00,3.3,7.1,0.3,16.5
1995-01-26T00:00:00,3.3,7.2,0.3,16.5
1995-01-27T00:00:00,3.3,7.1,0.3,16.5
1995-01-28T00:00:00,3.3,7.3,0.3,16.5
1995-01-29T00:00:00,3.1,7,0.3,16.5
1995-01-30T00:00:00,3.1,6.5,0.3,16.5
1995-01-31T00:00:00,3.1,6.1,0.3,16.5
1995-02-01T00:00:00,3.1,6.2,0.3,16.5
1995-02-02T00:00:00,2.9,6.4,0.3,15.7
1995-02-03T00:00:00,2.9,6.1,0.3,14.8
1995-02-04T00:00:00,2.7,6.5,0.3,14.8
1995-02-05T00:00:00,2.7,6.8,0.2,14.8
1995-02-06T00:00:00,2.7,6.5,0.3,14.8
1995-02-07T00:00:00,2.7,6.1,0.3,14.8
1995-02-08T00:00:00,2.7,6.3,0.3,14.8
1995-02-09T00:00:00,2.7,6.1,0.3,14.8
1995-02-10T00:00:00,2.7,6.2,0.2,14.8
1995-02-11T00:00:00,2.7,6.4,0.2,14.8
1995-02-12T00:00:00,2.7,6.1,0.2,14.8
1995-02-13T00:00:00,2.7,6.2,0.2,14.8
1995-02-14T00:00:00,2.6,6,0.3,14.1
1995-02-15T00:00:00,2.4,5.9,0.2,14.1
1995-02-16T00:00:00,2.4,5.6,0.2,13.3
1995-02-17T00:00:00,2.4,5.4,0.2,14.1
1995-02-18T00:00:00,2.4,5,0.2,13.3
1995-02-19T00:00:00,2.4,4.7,0.2,13.3
1995-02-20T00:00:00,2.3,4.7,0.2,13.3
1995-02-21T00:00:00,2.3,5,0.2,13.3
1995-02-22T00:00:00,2.3,5,0.2,13.3
1995-02-23T00:00:00,2.3,5.1,0.2,13.3
1995-02-24T00:00:00,2.1,5.2,0.2,13.3
1995-02-25T00:00:00,2.1,5,0.2,13.3
1995-02-26T00:00:00,2.1,4.7,0.2,13.3
1995-02-27T00:00:00,2.1,4.5,0.2,13.3
1995-02-28T00:00:00,2.1,4.2,0.2,13.3
1995-03-01T00:00:00,2.1,4,0.2,12.6
1995-03-02T00:00:00,2.1,4.1,0.2,12.6
1995-03-03T00:00:00,2.1,4.2,0.2,12.6
1995-03-04T00:00:00,1.8,4.1,0.2,12.6
1995-03-05T00:00:00,1.8,3.5,0.2,11.8
1995-03-06T00:00:00,1.8,3.6,0.2,11.8
1995-03-07T00:00:00,1.8,4,0.2,11.8
1995-03-08T00:00:00,1.8,3.5,0.2,11.2
1995-03-09T00:00:00,1.8,3.5,0.2,11.2
1995-03-10T00:00:00,1.8,3.4,0.2,11.2
1995-03-11T00:00:00,1.8,3.7,0.2,11.2
1995-03-12T00:00:00,1.7,3.4,0.2,11.2
1995-03-13T00:00:00,1.7,3.4,0.2,11.2
1995-03-14T00:00:00,1.7,3.3,0.2,11.2
1995-03-15T00:00:00,1.7,3,0.2,11.2
1995-03-16T00:00:00,1.7,2.7,0.2,11.2
1995-03-17T00:00:00,1.6,2.8,0.2,11.2
1995-03-18T00:00:00,1.6,2.7,0.2,10.5
1995-03-19T00:00:00,1.6,2.8,0.2,10.5
1995-03-20T00:00:00,1.6,3,0.2,10.5
1995-03-21T00:00:00,1.6,3.3,0.2,10.5
1995-03-22T00:00:00,1.8,3.1,0.3,10.5
1995-03-23T00:00:00,1.7,4,0.3,10.5
1995-03-24T00:00:00,1.7,6.7,0.5,10.5
1995-03-25T00:00:00,2.1,11.1,0.4,10.5
1995-03-26T00:00:00,2.9,13.5,0.5,9.9
1995-03-27T00:00:00,2.7,12.8,0.4,9.3
1995-03-28T00:00:00,2.3,8.9,0.3,9.3
1995-03-29T00:00:00,2,7,0.2,9.3
1995-03-30T00:00:00,1.7,6,0.2,9.3
1995-03-31T00:00:00,1.6,5.1,0.2,9.3
1995-04-01T00:00:00,1.7,4.6,0.2,9.3
1995-04-02T00:00:00,1.8,4.3,0.2,9.3
1995-04-03T00:00:00,1.8,4.7,0.2,9.3
1995-04-04T00:00:00,1.8,4.3,0.2,9.3
1995-04-05T00:00:00,1.8,4.1,0.2,9.3
1995-04-06T00:00:00,1.7,3.8,0.2,9.3
1995-04-07T00:00:00,1.7,3.4,0.2,9.3
1995-04-08T00:00:00,1.6,3,0.2,9.3
1995-04-09T00:00:00,1.5,2.7,0.2,9.3
1995-04-10T00:00:00,1.5,2.9,0.2,9.3
1995-04-11T00:00:00,1.5,2.6,0.2,9.3
1995-04-12T00:00:00,1.5,2.3,0.2,8.7
1995-04-13T00:00:00,1.4,2,0.2,8.7
1995-04-14T00:00:00,1.4,2.2,0.2,8.7
1995-04-15T00:00:00,1.3,2.1,0.2,8.1
1995-04-16T00:00:00,1.3,3.5,0.2,8.1
1995-04-17T00:00:00,1.3,6.1,0.2,8.1
1995-04-18T00:00:00,1.3,4.6,0.2,8.1
1995-04-19T00:00:00,1.3,3.4,0.2,8.1
1995-04-20T00:00:00,1.6,3.1,0.2,8.7
1995-04-21T00:00:00,1.6,4.5,0.4,7.5
1995-04-22T00:00:00,3.4,10.4,3,7.5
1995-04-23T00:00:00,4,14.1,2,7.5
1995-04-24T00:00:00,4,10.8,7.3,7.5
1995-04-25T00:00:00,3.4,6.9,1.2,7
1995-04-26T00:00:00,3.1,5.9,0.9,7
1995-04-27T00:00:00,2.4,4.8,0.4,7
1995-04-28T00:00:00,2.1,3.6,0.3,7.5
1995-04-29T00:00:00,1.8,2.7,0.3,7.5
1995-04-30T00:00:00,1.8,2.3,0.4,7.5
1995-05-01T00:00:00,1.6,2.2,0.6,7.5
1995-05-02T00:00:00,2.6,2,0.4,8.1
1995-05-03T00:00:00,2.4,1.7,0.3,10.5
1995-05-04T00:00:00,2.4,2.1,0.3,7.5
1995-05-05T00:00:00,3.6,3.1,0.3,7.5
1995-05-06T00:00:00,8.9,3.1,0.4,7.5
1995-05-07T00:00:00,6.4,4.8,0.5,7.5
1995-05-08T00:00:00,4,12.9,0.5,8.1
1995-05-09T00:00:00,3.6,17.7,0.3,7.5
1995-05-10T00:00:00,10.2,7.6,0.3,7.5
1995-05-11T00:00:00,16.5,5.9,0.3,7.5
1995-05-12T00:00:00,5.7,8.2,0.4,8.1
1995-05-13T00:00:00,3.3,8.2,0.4,7.5
1995-05-14T00:00:00,2.7,4.9,0.8,7.5
1995-05-15T00:00:00,2.6,5.1,0.4,7.5
1995-05-16T00:00:00,2.4,3.9,0.3,7.5
1995-05-17T00:00:00,2.1,3.3,0.2,7.5
1995-05-18T00:00:00,2.1,2.6,0.2,7.5
1995-05-19T00:00:00,2,1.8,0.2,8.1
1995-05-20T00:00:00,2,1.7,0.2,9.3
1995-05-21T00:00:00,2,1.9,0.2,8.1
1995-05-22T00:00:00,2,1.8,0.2,8.1
1995-05-23T00:00:00,2.1,2.2,0.2,8.1
1995-05-24T00:00:00,2.1,2.4,0.2,8.1
1995-05-25T00:00:00,34.5,2,0.2,8.1
1995-05-26T00:00:00,4.9,2,0.2,11.8
1995-05-27T00:00:00,12.5,2.5,0.3,9.3
1995-05-28T00:00:00,63.8,2.7,0.4,9.3
1995-05-29T00:00:00,67,8.3,0.9,10.5
1995-05-30T00:00:00,24.5,15.4,7.3,11.8
1995-05-31T00:00:00,40.6,12,0.8,10.5
1995-06-01T00:00:00,51,8.9,0.6,12.6
1995-06-02T00:00:00,33,7.9,0.6,11.8
1995-06-03T00:00:00,48.2,6.3,0.3,18.2
1995-06-04T00:00:00,93.3,4,0.2,24.1
1995-06-05T00:00:00,86.8,3.2,0.2,25.2
1995-06-06T00:00:00,71.4,3.3,0.3,29.8
1995-06-07T00:00:00,131.1,2.8,0.2,28.6
1995-06-08T00:00:00,19.5,4.5,0.2,28.6
1995-06-09T00:00:00,21.6,5.5,0.2,31.1
1995-06-10T00:00:00,9.2,3.8,0.2,28.6
1995-06-11T00:00:00,75.9,4.4,0.3,29.8
1995-06-12T00:00:00,16,12.4,0.2,28.6
1995-06-13T00:00:00,58.6,9.5,0.3,31.1
1995-06-14T00:00:00,30.2,4.4,0.4,34.9
1995-06-15T00:00:00,38.2,3,0.4,33.6
1995-06-16T00:00:00,25.1,2.7,0.4,36.3
1995-06-17T00:00:00,27.6,3.3,0.3,36.3
1995-06-18T00:00:00,28.9,7,0.4,39
1995-06-19T00:00:00,31.6,6,0.3,40.5
1995-06-20T00:00:00,52.8,22.7,1.8,41.9
1995-06-21T00:00:00,30.9,35.9,0.5,41.9
1995-06-22T00:00:00,61.7,23.3,0.4,43.4
1995-06-23T00:00:00,35.9,22.9,0.3,51.4
1995-06-24T00:00:00,36.7,15.7,0.2,48.1
1995-06-25T00:00:00,34.5,12.5,0.3,54.8
1995-06-26T00:00:00,21.6,8.6,0.9,53.1
1995-06-27T00:00:00,36.7,33.7,2.7,58.4
1995-06-28T00:00:00,61.7,66.7,20.5,58.4
1995-06-29T00:00:00,49.1,43.7,8.3,58.4
1995-06-30T00:00:00,37.5,60.9,20,65.8
1995-07-01T00:00:00,49.1,87.5,2.4,65.8
1995-07-02T00:00:00,137.6,42.2,2.1,76
1995-07-03T00:00:00,64.8,41.1,1.1,69.8
1995-07-04T00:00:00,64.8,90.9,0.9,82.5
1995-07-05T00:00:00,33,78.9,0.6,78.1
1995-07-06T00:00:00,49.1,40.6,2.6,73.9
1995-07-07T00:00:00,59.6,56.7,3.7,82.5
1995-07-08T00:00:00,35.9,92.5,12.1,78.1
1995-07-09T00:00:00,56.7,70.5,8,87
1995-07-10T00:00:00,111.2,47.1,15.6,87
1995-07-11T00:00:00,112.7,50.6,14.6,87
1995-07-12T00:00:00,71.4,52.1,15.2,87
1995-07-13T00:00:00,54.7,33.3,20.5,91.6
1995-07-14T00:00:00,118.6,43.9,13.2,94
1995-07-15T00:00:00,89.4,98.3,9.1,96.4
1995-07-16T00:00:00,95.9,89.1,28.8,103.9
1995-07-17T00:00:00,80.7,118.5,77,103.9
1995-07-18T00:00:00,72.5,100.7,28.5,101.4
1995-07-19T00:00:00,114.2,169.2,55.9,117.1
1995-07-20T00:00:00,93.3,170.7,85.3,111.7
1995-07-21T00:00:00,91.9,236,38.7,114.4
1995-07-22T00:00:00,88.1,166.6,60,117.1
1995-07-23T00:00:00,88.1,140.8,65,122.6
1995-07-24T00:00:00,114.2,276.2,68.7,119.8
1995-07-25T00:00:00,104.1,313.9,73.4,122.6
1995-07-26T00:00:00,137.6,197.9,83.8,134.2
1995-07-27T00:00:00,99.9,172.6,86.9,128.3
1995-07-28T00:00:00,115.6,222.7,82.2,140.2
1995-07-29T00:00:00,142.6,218.2,96.8,134.2
1995-07-30T00:00:00,136,180.3,90.1,137.1
1995-07-31T00:00:00,188.4,141.9,82.2,146.3
1995-08-01T00:00:00,144.3,193.1,73.5,149.5
1995-08-02T00:00:00,152.9,242.9,137.7,159.1
1995-08-03T00:00:00,158.2,342.9,106.7,152.7
1995-08-04T00:00:00,120.2,373.4,74.9,155.9
1995-08-05T00:00:00,94.6,362.1,64.2,155.9
1995-08-06T00:00:00,180.6,268.8,90.1,159.1
1995-08-07T00:00:00,176.7,192.2,90.1,159.1
1995-08-08T00:00:00,117.1,196.2,65.5,159.1
1995-08-09T00:00:00,285.2,164.6,85.3,165.8
1995-08-10T00:00:00,158.2,164.7,77,172.6
1995-08-11T00:00:00,136,199.9,30.5,165.8
1995-08-12T00:00:00,194.4,231.7,87.7,172.6
1995-08-13T00:00:00,324.6,211.2,37,172.6
1995-08-14T00:00:00,83.1,252.9,54.2,172.6
1995-08-15T00:00:00,464.7,224.8,73.5,179.5
1995-08-16T00:00:00,384.9,265.1,69.4,186.7
1995-08-17T00:00:00,428.5,221.7,29.8,183.1
1995-08-18T00:00:00,188.4,267.5,24.1,179.5
1995-08-19T00:00:00,200.5,239,97.7,179.5
1995-08-20T00:00:00,215.2,334.2,76.3,179.5
1995-08-21T00:00:00,217.3,303.7,91.8,179.5
1995-08-22T00:00:00,154.7,339.6,96.8,186.7
1995-08-23T00:00:00,152.9,296.9,55.9,186.7
1995-08-24T00:00:00,144.3,259.5,98.6,179.5
1995-08-25T00:00:00,180.6,198,95.1,186.7
1995-08-26T00:00:00,208.8,330.3,39.5,179.5
1995-08-27T00:00:00,180.6,286.8,33.4,179.5
1995-08-28T00:00:00,210.9,223.4,43.5,194
1995-08-29T00:00:00,156.4,200.3,64.2,176
1995-08-30T00:00:00,182.5,175.5,69.4,176
1995-08-31T00:00:00,171,251.5,50.4,172.6
1995-09-01T00:00:00,137.6,190.9,74.9,176
1995-09-02T00:00:00,163.6,264.8,80.7,172.6
1995-09-03T00:00:00,132.7,212,70.7,169.2
1995-09-04T00:00:00,124.8,168.8,74.9,169.2
1995-09-05T00:00:00,112.7,249.1,50.4,169.2
1995-09-06T00:00:00,86.8,230,86.9,165.8
1995-09-07T00:00:00,188.4,215.1,58.2,165.8
1995-09-08T00:00:00,163.6,261,32.3,165.8
1995-09-09T00:00:00,131.1,183,27.8,165.8
1995-09-10T00:00:00,146,195.3,22.6,159.1
1995-09-11T00:00:00,134.3,230.5,39.1,162.4
1995-09-12T00:00:00,134.3,181.7,19.7,159.1
1995-09-13T00:00:00,290.3,206.5,25.9,159.1
1995-09-14T00:00:00,144.3,196.6,16.2,159.1
1995-09-15T00:00:00,97.2,212.7,27.1,152.7
1995-09-16T00:00:00,171,258.2,18.3,155.9
1995-09-17T00:00:00,176.7,248.3,12.1,152.7
1995-09-18T00:00:00,151.2,179.4,9.8,152.7
1995-09-19T00:00:00,117.1,154.7,8.4,152.7
1995-09-20T00:00:00,75.9,143.2,11.5,152.7
1995-09-21T00:00:00,142.6,162,9.4,149.5
1995-09-22T00:00:00,176.7,186.4,11.5,149.5
1995-09-23T00:00:00,186.4,153.5,6.6,146.3
1995-09-24T00:00:00,131.1,154.5,5.9,146.3
1995-09-25T00:00:00,91.9,146.8,5.2,143.2
1995-09-26T00:00:00,88.1,128.1,5.1,140.2
1995-09-27T00:00:00,75.9,115.4,4.4,140.2
1995-09-28T00:00:00,51.9,104.6,4.2,140.2
1995-09-29T00:00:00,65.9,105.6,3.9,134.2
1995-09-30T00:00:00,62.7,133,3.7,134.2
1995-10-01T00:00:00,44.8,88.3,3.4,134.2
1995-10-02T00:00:00,51,91.4,3.3,140.2
1995-10-03T00:00:00,36.7,76.6,3.1,134.2
1995-10-04T00:00:00,34.5,74.8,2.8,134.2
1995-10-05T00:00:00,30.9,78.4,2.6,128.3
1995-10-06T00:00:00,45.6,76.8,2.4,128.3
1995-10-07T00:00:00,28.9,73.3,2.2,128.3
1995-10-08T00:00:00,26.3,74.5,2.1,128.3
1995-10-09T00:00:00,23.9,74.2,2,128.3
1995-10-10T00:00:00,23.3,69.7,1.9,128.3
1995-10-11T00:00:00,22.2,62.8,1.8,122.6
1995-10-12T00:00:00,20.5,63.3,1.7,122.6
1995-10-13T00:00:00,20.5,62.7,1.6,122.6
1995-10-14T00:00:00,21.1,60.9,1.5,122.6
1995-10-15T00:00:00,20.5,65.4,1.5,122.6
1995-10-16T00:00:00,33,72.7,1.6,117.1
1995-10-17T00:00:00,37.5,68.4,2,117.1
1995-10-18T00:00:00,33.7,64.5,1.7,103.9
1995-10-19T00:00:00,21.6,62.9,1.6,91.6
1995-10-20T00:00:00,19.5,60.2,1.4,91.6
1995-10-21T00:00:00,19.5,57,1.3,91.6
1995-10-22T00:00:00,18.4,57.7,1.2,91.6
1995-10-23T00:00:00,17.4,56.4,1.2,89.3
1995-10-24T00:00:00,28.2,56,1.2,87
1995-10-25T00:00:00,20.5,54.9,1.2,87
1995-10-26T00:00:00,16.5,54.9,1.1,87
1995-10-27T00:00:00,15.5,53.7,1.1,87
1995-10-28T00:00:00,14.6,52.8,1,84.7
1995-10-29T00:00:00,14.6,50.9,1,82.5
1995-10-30T00:00:00,13.8,51,1.1,78.1
1995-10-31T00:00:00,13.3,51.4,1.1,78.1
1995-11-01T00:00:00,13.3,52.3,1.1,69.8
1995-11-02T00:00:00,16.9,59.1,3,67.8
1995-11-03T00:00:00,21.6,58.9,1.7,63.9
1995-11-04T00:00:00,14.6,55.6,1.4,62
1995-11-05T00:00:00,12.9,54.6,1.2,62
1995-11-06T00:00:00,12.9,53.7,1.1,60.2
1995-11-07T00:00:00,12.1,50.8,1.1,58.4
1995-11-08T00:00:00,11.7,51.3,1.1,58.4
1995-11-09T00:00:00,11.3,49.3,1,58.4
1995-11-10T00:00:00,10.6,53.1,1,58.4
1995-11-11T00:00:00,10.6,52.3,0.9,58.4
1995-11-12T00:00:00,10.2,51.8,0.9,54.8
1995-11-13T00:00:00,9.9,50.4,0.9,56.6
1995-11-14T00:00:00,9.9,50.8,0.9,54.8
1995-11-15T00:00:00,9.9,50.2,0.9,54.8
1995-11-16T00:00:00,9.2,49.4,0.9,54.8
1995-11-17T00:00:00,9.2,45.2,0.9,54.8
1995-11-18T00:00:00,8.5,44,0.9,54.8
1995-11-19T00:00:00,8.5,43.1,0.9,54.8
1995-11-20T00:00:00,8.5,43.7,0.8,54.8
1995-11-21T00:00:00,8.2,42.8,0.8,51.4
1995-11-22T00:00:00,7.9,44.6,0.8,51.4
1995-11-23T00:00:00,8.2,44.3,0.8,51.4
1995-11-24T00:00:00,7.9,43.9,0.8,36.3
1995-11-25T00:00:00,7.6,42.5,0.8,33.6
1995-11-26T00:00:00,7.3,42.4,0.8,28.6
1995-11-27T00:00:00,7.3,40.8,0.8,26.3
1995-11-28T00:00:00,7,39.1,0.8,26.3
1995-11-29T00:00:00,6.7,38.8,0.8,26.3
1995-11-30T00:00:00,6.2,39.9,0.8,26.3
1995-12-01T00:00:00,6.2,38.9,0.8,26.3
1995-12-02T00:00:00,6.2,39.9,0.7,26.3
1995-12-03T00:00:00,6.2,40.8,0.7,26.3
1995-12-04T00:00:00,5.9,39.2,0.7,26.3
1995-12-05T00:00:00,5.7,38.7,0.7,26.3
1995-12-06T00:00:00,5.7,39.2,0.7,26.3
1995-12-07T00:00:00,5.4,38.4,0.7,26.3
1995-12-08T00:00:00,5.4,36.7,0.7,26.3
1995-12-09T00:00:00,5.2,35.4,0.7,26.3
1995-12-10T00:00:00,5.2,34.6,0.7,26.3
1995-12-11T00:00:00,5.2,34.8,0.7,26.3
1995-12-12T00:00:00,5.2,35.1,0.8,26.3
1995-12-13T00:00:00,6.7,38,1.4,26.3
1995-12-14T00:00:00,5.9,46.5,1.2,26.3
1995-12-15T00:00:00,5.7,42,1,26.3
1995-12-16T00:00:00,5.9,39.1,0.8,26.3
1995-12-17T00:00:00,5.9,38.1,0.7,26.3
1995-12-18T00:00:00,6.2,39.5,0.7,26.3
1995-12-19T00:00:00,5.7,36.7,0.7,26.3
1995-12-20T00:00:00,5.7,36.1,0.7,26.3
1995-12-21T00:00:00,5.7,37.6,1.9,26.3
1995-12-22T00:00:00,5.7,39.2,1.1,26.3
1995-12-23T00:00:00,5.7,39.2,0.9,26.3
1995-12-24T00:00:00,7,37.6,0.8,26.3
1995-12-25T00:00:00,6.2,36.1,0.8,26.3
1995-12-26T00:00:00,5.2,36.7,0.7,26.3
1995-12-27T00:00:00,5.2,37,0.7,26.3
1995-12-28T00:00:00,5.2,34.8,0.7,26.3
1995-12-29T00:00:00,4.9,36,0.7,26.3
1995-12-30T00:00:00,4.9,34.8,0.7,26.3
1995-12-31T00:00:00,4.7,36.4,0.7,26.3
1996-01-01T00:00:00,4.7,28.3,0.7,26.3
1996-01-02T00:00:00,4.5,27.3,0.6,26.3
1996-01-03T00:00:00,4.5,27.6,0.6,26.3
1996-01-04T00:00:00,4.2,27.6,0.6,26.3
1996-01-05T00:00:00,4,27.3,0.6,26.3
1996-01-06T00:00:00,3.8,27.7,0.6,26.3
1996-01-07T00:00:00,3.8,28.5,0.6,26.3
1996-01-08T00:00:00,3.8,27.2,0.6,26.3
1996-01-09T00:00:00,3.8,25.4,0.6,26.3
1996-01-10T00:00:00,3.8,24.4,0.6,26.3
1996-01-11T00:00:00,3.8,23.4,0.6,26.3
1996-01-12T00:00:00,3.8,23.2,0.6,26.3
1996-01-13T00:00:00,3.8,22.7,0.6,26.3
1996-01-14T00:00:00,3.6,23.1,0.6,25.2
1996-01-15T00:00:00,3.4,24.1,0.5,26.3
1996-01-16T00:00:00,3.4,23.3,0.5,26.3
1996-01-17T00:00:00,3.4,22,0.5,26.3
1996-01-18T00:00:00,3.4,19.8,0.5,26.3
1996-01-19T00:00:00,3.4,18.9,0.5,26.3
1996-01-20T00:00:00,3.1,17.8,0.5,26.3
1996-01-21T00:00:00,3.3,16.8,0.5,26.3
1996-01-22T00:00:00,3.4,15.6,0.5,26.3
1996-01-23T00:00:00,3.1,13.5,0.5,25.2
1996-01-24T00:00:00,3.1,12.8,0.5,25.2
1996-01-25T00:00:00,3.1,13.1,0.5,25.2
1996-01-26T00:00:00,3.1,12.7,0.5,26.3
1996-01-27T00:00:00,3.1,12.5,0.5,25.2
1996-01-28T00:00:00,3.1,11.7,0.5,25.2
1996-01-29T00:00:00,3.1,12.4,0.5,25.2
1996-01-30T00:00:00,3.1,12.3,0.5,25.2
1996-01-31T00:00:00,3.1,12,0.5,25.2
1996-02-01T00:00:00,3.1,12,0.5,25.2
1996-02-02T00:00:00,2.9,12.2,0.5,25.2
1996-02-03T00:00:00,2.7,13,0.5,25.2
1996-02-04T00:00:00,2.7,12.6,0.5,25.2
1996-02-05T00:00:00,2.7,12.1,0.5,25.2
1996-02-06T00:00:00,2.7,12,0.5,25.2
1996-02-07T00:00:00,2.7,12.2,0.5,25.2
1996-02-08T00:00:00,2.7,12,0.5,25.2
1996-02-09T00:00:00,2.7,11.7,0.5,24.1
1996-02-10T00:00:00,2.7,11.4,0.4,24.1
1996-02-11T00:00:00,2.6,10.8,0.4,24.1
1996-02-12T00:00:00,2.6,10.3,0.4,24.1
1996-02-13T00:00:00,2.4,10.3,0.4,24.6
1996-02-14T00:00:00,2.4,10.2,0.4,24.1
1996-02-15T00:00:00,2.4,9.8,0.4,24.1
1996-02-16T00:00:00,2.4,9.7,0.4,24.1
1996-02-17T00:00:00,2.1,9.7,0.4,24.1
1996-02-18T00:00:00,1.8,9.6,0.4,24.1
1996-02-19T00:00:00,1.8,9.1,0.4,24.1
1996-02-20T00:00:00,1.8,8.6,0.4,24.1
1996-02-21T00:00:00,1.8,8.3,0.4,24.1
1996-02-22T00:00:00,1.8,9,0.4,24.1
1996-02-23T00:00:00,1.7,9.1,0.4,24.1
1996-02-24T00:00:00,1.7,8.5,0.4,24.1
1996-02-25T00:00:00,1.7,7.2,0.4,24.1
1996-02-26T00:00:00,1.7,6.6,0.4,24.1
1996-02-27T00:00:00,1.7,6.5,0.4,24.1
1996-02-28T00:00:00,1.7,6.4,0.4,24.1
1996-02-29T00:00:00,1.6,6.4,0.4,24.1
1996-03-01T00:00:00,1.6,6.5,0.4,24.1
1996-03-02T00:00:00,1.6,6.4,0.4,24.1
1996-03-03T00:00:00,1.4,6.5,0.4,24.1
1996-03-04T00:00:00,1.4,6.3,0.4,23.1
1996-03-05T00:00:00,1.4,6.1,0.3,24.1
1996-03-06T00:00:00,1.4,5.9,0.3,24.1
1996-03-07T00:00:00,1.5,5.9,0.4,24.1
1996-03-08T00:00:00,1.6,5.8,0.4,24.1
1996-03-09T00:00:00,1.6,5.7,0.4,24.1
1996-03-10T00:00:00,1.4,5.7,0.3,24.1
1996-03-11T00:00:00,1.4,6,0.3,24.1
1996-03-12T00:00:00,1.3,6,0.3,24.1
1996-03-13T00:00:00,1.3,5.7,0.3,24.1
1996-03-14T00:00:00,1.2,5.7,0.3,24.1
1996-03-15T00:00:00,1.2,6,0.3,24.1
1996-03-16T00:00:00,1.2,6,0.3,24.1
1996-03-17T00:00:00,1.1,5.6,0.3,24.1
1996-03-18T00:00:00,1.1,5.3,0.3,24.1
1996-03-19T00:00:00,1.1,5.6,0.3,24.1
1996-03-20T00:00:00,1.1,5.6,0.3,24.1
1996-03-21T00:00:00,1.1,5.2,0.3,24.1
1996-03-22T00:00:00,1.6,5.2,0.4,24.1
1996-03-23T00:00:00,2,6.3,2.1,24.1
1996-03-24T00:00:00,15.5,14.8,1.5,25.2
1996-03-25T00:00:00,30.9,21.4,1.9,24.1
1996-03-26T00:00:00,22.7,20.7,2.1,24.1
1996-03-27T00:00:00,11.3,37.8,1.3,24.1
1996-03-28T00:00:00,5.2,20.1,0.8,24.1
1996-03-29T00:00:00,4,13.1,0.6,24.1
1996-03-30T00:00:00,3.1,8.5,0.6,24.1
1996-03-31T00:00:00,2.9,6.9,0.5,24.1
1996-04-01T00:00:00,2.7,7.3,1.9,24.1
1996-04-02T00:00:00,2.4,7.7,1.6,24.1
1996-04-03T00:00:00,2.4,13.9,1,24.1
1996-04-04T00:00:00,2.4,13.9,1.4,24.1
1996-04-05T00:00:00,2.4,12.5,1.4,24.1
1996-04-06T00:00:00,2.4,10.3,1.2,24.1
1996-04-07T00:00:00,2.1,8.2,0.7,24.1
1996-04-08T00:00:00,2.1,7.2,0.7,24.1
1996-04-09T00:00:00,2,7.4,0.7,24.1
1996-04-10T00:00:00,1.7,6.9,0.7,24.1
1996-04-11T00:00:00,1.6,5.3,0.6,24.1
1996-04-12T00:00:00,1.4,4.6,0.5,23.1
1996-04-13T00:00:00,1.4,4.6,0.5,24.1
1996-04-14T00:00:00,1.2,4,0.5,24.1
1996-04-15T00:00:00,1.2,3.6,0.5,24.1
1996-04-16T00:00:00,1.2,3.9,0.7,24.1
1996-04-17T00:00:00,1.2,4.2,0.6,24.1
1996-04-18T00:00:00,1.2,4.2,0.6,24.1
1996-04-19T00:00:00,1.2,5.5,0.5,24.1
1996-04-20T00:00:00,1.2,4.9,0.4,24.1
1996-04-21T00:00:00,1.1,4,0.4,24.1
1996-04-22T00:00:00,1.1,3.2,0.4,24.1
1996-04-23T00:00:00,1.2,3.2,0.6,24.1
1996-04-24T00:00:00,2.1,5.2,0.5,27.5
1996-04-25T00:00:00,11.3,10.9,0.5,27.5
1996-04-26T00:00:00,6.2,16.9,5.2,27.5
1996-04-27T00:00:00,12.9,18,2.4,27.5
1996-04-28T00:00:00,16,21.9,9.3,27.5
1996-04-29T00:00:00,9.9,19.6,7.5,27.5
1996-04-30T00:00:00,20.5,30.1,1.9,27.5
1996-05-01T00:00:00,6.7,17.2,1,27.5
1996-05-02T00:00:00,4.5,12.6,0.8,27.5
1996-05-03T00:00:00,3.8,9.9,0.7,27.5
1996-05-04T00:00:00,3.1,8.5,0.6,27.5
1996-05-05T00:00:00,3.1,7.3,0.6,28.6
1996-05-06T00:00:00,2.7,8.4,0.5,31.1
1996-05-07T00:00:00,2.6,6.4,0.5,28.6
1996-05-08T00:00:00,2.4,5.7,1.5,28.6
1996-05-09T00:00:00,5.7,5.5,2.7,28.6
1996-05-10T00:00:00,5.2,4.3,2.4,28.6
1996-05-11T00:00:00,9.9,5.3,2,28.6
1996-05-12T00:00:00,10.6,19.1,1.7,28.6
1996-05-13T00:00:00,5.7,13.6,1.2,31.1
1996-05-14T00:00:00,4.5,8.4,0.9,29.8
1996-05-15T00:00:00,4.7,6.3,0.8,28.6
1996-05-16T00:00:00,6.4,6.1,2.9,28.6
1996-05-17T00:00:00,35.9,9.7,19.7,31.1
1996-05-18T00:00:00,9.2,15.7,55.3,29.8
1996-05-19T00:00:00,22.7,25.2,15.6,29.8
1996-05-20T00:00:00,35.2,51,63,29.8
1996-05-21T00:00:00,29.6,42.8,12.9,29.8
1996-05-22T00:00:00,31.6,47.9,4.2,28.6
1996-05-23T00:00:00,26.3,45.6,4.5,28.6
1996-05-24T00:00:00,42.2,26.4,18.3,31.1
1996-05-25T00:00:00,35.9,31.5,3.1,31.1
1996-05-26T00:00:00,101.3,27.9,1.9,29.8
1996-05-27T00:00:00,21.1,59.2,2,31.1
1996-05-28T00:00:00,14.6,33.8,3.5,28.6
1996-05-29T00:00:00,28.9,17,12.9,28.6
1996-05-30T00:00:00,25.7,22.3,5.4,28.6
1996-05-31T00:00:00,70.2,46.4,4.6,28.6
1996-06-01T00:00:00,25.1,33.9,2.2,31.1
1996-06-02T00:00:00,14.6,30.9,1.6,29.8
1996-06-03T00:00:00,35.2,18,15.6,29.8
1996-06-04T00:00:00,43.9,35,5.4,29.8
1996-06-05T00:00:00,16.9,33,33.4,31.1
1996-06-06T00:00:00,99.9,131.4,58.2,29.8
1996-06-07T00:00:00,46.5,115.9,30.2,29.8
1996-06-08T00:00:00,81.9,114.6,16,31.1
1996-06-09T00:00:00,74.8,95.9,20.2,28.6
1996-06-10T00:00:00,115.6,117.9,30.5,22.1
1996-06-11T00:00:00,62.7,146.4,36.6,21.1
1996-06-12T00:00:00,33,125.4,29.5,29.8
1996-06-13T00:00:00,88.1,190.8,57.6,31.1
1996-06-14T00:00:00,80.7,199,32,28.6
1996-06-15T00:00:00,99.9,121.5,20.7,22.1
1996-06-16T00:00:00,91.9,95.3,32,21.1
1996-06-17T00:00:00,77.1,115.8,35,31.1
1996-06-18T00:00:00,73.6,115.8,40.8,20.1
1996-06-19T00:00:00,109.8,108.3,73.5,20.1
1996-06-20T00:00:00,126.3,140.4,14.8,21.1
1996-06-21T00:00:00,80.7,90.8,33.4,19.2
1996-06-22T00:00:00,132.7,133.8,27.8,21.1
1996-06-23T00:00:00,109.8,133.6,82.2,20.1
1996-06-24T00:00:00,98.6,121.1,83,19.2
1996-06-25T00:00:00,93.3,208.7,28.5,19.2
1996-06-26T00:00:00,102.7,157.9,10.2,20.1
1996-06-27T00:00:00,190.4,114.4,8.3,20.1
1996-06-28T00:00:00,98.6,115.2,6.2,33.6
1996-06-29T00:00:00,78.3,101.9,5.3,31.1
1996-06-30T00:00:00,172.9,119.6,4.9,18.2
1996-07-01T00:00:00,95.9,109.2,25,18.2
1996-07-02T00:00:00,84.3,165.4,32.7,11.2
1996-07-03T00:00:00,258.2,152.6,8.3,24.1
1996-07-04T00:00:00,244.1,124.2,10.2,26.3
1996-07-05T00:00:00,364.2,132.3,6.4,26.3
1996-07-06T00:00:00,213.1,275.4,52.6,27.5
1996-07-07T00:00:00,121.7,240.8,58.2,36.3
1996-07-08T00:00:00,221.7,172.1,95.1,40.5
1996-07-09T00:00:00,137.6,233.7,48.4,54.8
1996-07-10T00:00:00,131.1,249.6,45.4,51.4
1996-07-11T00:00:00,102.7,191.6,45.4,54.8
1996-07-12T00:00:00,226.1,272.1,85.3,62
1996-07-13T00:00:00,200.5,372.1,32.7,62
1996-07-14T00:00:00,192.4,368.5,48.4,69.8
1996-07-15T00:00:00,300.6,353.6,61.1,73.9
1996-07-16T00:00:00,313.8,335.1,82.2,73.9
1996-07-17T00:00:00,267.8,328.7,86.9,82.5
1996-07-18T00:00:00,263,285.7,68.1,87
1996-07-19T00:00:00,226.1,215,68.1,101.4
1996-07-20T00:00:00,277.7,188.1,98.6,111.7
1996-07-21T00:00:00,192.4,185.5,98.6,134.2
1996-07-22T00:00:00,163.6,190.8,95.1,140.2
1996-07-23T00:00:00,204.6,214.4,98.6,152.7
1996-07-24T00:00:00,237.3,437.4,98.6,179.5
1996-07-25T00:00:00,244.1,475.6,98.6,205.2
1996-07-26T00:00:00,182.5,462.6,98.6,224.9
1996-07-27T00:00:00,121.7,376.8,98.6,295
1996-07-28T00:00:00,71.4,311,98.6,262.9
1996-07-29T00:00:00,248.8,294.6,98.6,241.3
1996-07-30T00:00:00,204.6,377.3,85.3,258.5
1996-07-31T00:00:00,178.6,400.3,86.9,258.5
1996-08-01T00:00:00,270.3,415.7,69.4,355.2
1996-08-02T00:00:00,139.3,338.4,93.4,470.6
1996-08-03T00:00:00,321.9,376.4,98.6,476.9
1996-08-04T00:00:00,321.9,359,86.9,496.1
1996-08-05T00:00:00,152.9,319.3,51.5,483.2
1996-08-06T00:00:00,235,214.4,98.6,535.7
1996-08-07T00:00:00,200.5,270.6,98.6,529
1996-08-08T00:00:00,147.7,297.4,98.6,529
1996-08-09T00:00:00,198.5,281,98.6,529
1996-08-10T00:00:00,267.8,327.8,90.1,577.2
1996-08-11T00:00:00,248.8,302.8,96,556.2
1996-08-12T00:00:00,253.5,317.3,72.8,577.2
1996-08-13T00:00:00,332.9,221.8,52.6,563.2
1996-08-14T00:00:00,180.6,338.4,79.2,577.2
1996-08-15T00:00:00,355.5,341.6,82.2,577.2
1996-08-16T00:00:00,228.3,274.6,49.4,577.2
1996-08-17T00:00:00,147.7,249.4,35,570.2
1996-08-18T00:00:00,126.3,281.4,59.3,563.2
1996-08-19T00:00:00,186.4,223.2,98.6,556.2
1996-08-20T00:00:00,253.5,242.7,98.6,563.2
1996-08-21T00:00:00,202.6,430.1,98.6,556.2
1996-08-22T00:00:00,171,388.1,98.6,549.3
1996-08-23T00:00:00,277.7,333.2,98.6,549.3
1996-08-24T00:00:00,258.2,343.1,98.6,549.3
1996-08-25T00:00:00,219.5,336.8,90.1,549.3
1996-08-26T00:00:00,196.4,264.7,95.1,556.2
1996-08-27T00:00:00,160,220.6,95.1,549.3
1996-08-28T00:00:00,215.2,219.4,54.7,549.3
1996-08-29T00:00:00,158.2,288.3,91.8,549.3
1996-08-30T00:00:00,200.5,282.8,87.7,535.7
1996-08-31T00:00:00,300.6,316.6,26.2,535.7
1996-09-01T00:00:00,251.1,333.4,31.2,535.7
1996-09-02T00:00:00,253.5,280.4,51.7,522.3
1996-09-03T00:00:00,139.3,222.7,29.9,522.3
1996-09-04T00:00:00,139.3,196.8,18.7,515.7
1996-09-05T00:00:00,158.2,200.9,65.5,522.3
1996-09-06T00:00:00,235,309.4,28.6,509.1
1996-09-07T00:00:00,114.2,292.4,16.7,496.1
1996-09-08T00:00:00,98.6,256.3,14.5,496.1
1996-09-09T00:00:00,140.9,204.8,21.4,483.2
1996-09-10T00:00:00,117.1,218.9,41.8,483.2
1996-09-11T00:00:00,221.7,217.4,17.1,470.6
1996-09-12T00:00:00,169.2,193.6,20.2,458.2
1996-09-13T00:00:00,158.2,174.2,30.6,439.9
1996-09-14T00:00:00,167.3,263.2,16.9,433.9
1996-09-15T00:00:00,124.8,204.4,13.1,433.9
1996-09-16T00:00:00,108.3,172,12.6,422.1
1996-09-17T00:00:00,123.2,149.1,11.7,410.5
1996-09-18T00:00:00,106.9,128.5,11.3,399
1996-09-19T00:00:00,221.7,115.3,29.9,387.8
1996-09-20T00:00:00,134.3,125.9,14.9,376.7
1996-09-21T00:00:00,114.2,119.3,11.6,376.7
1996-09-22T00:00:00,124.8,105.3,20.9,365.9
1996-09-23T00:00:00,108.3,98.5,11.7,355.2
1996-09-24T00:00:00,104.1,106.9,24.7,344.7
1996-09-25T00:00:00,117.1,93,19.9,344.7
1996-09-26T00:00:00,99.9,104.3,10,334.4
1996-09-27T00:00:00,101.3,102.3,9.4,334.4
1996-09-28T00:00:00,95.9,124,24.4,314.3
1996-09-29T00:00:00,121.7,124.7,12.3,314.3
1996-09-30T00:00:00,80.7,109.1,10.3,309.4
1996-10-01T00:00:00,80.7,98.5,19,304.6
1996-10-02T00:00:00,147.7,120.9,21.4,295
1996-10-03T00:00:00,104.1,114.3,15.3,290.3
1996-10-04T00:00:00,73.6,98.7,16.3,285.6
1996-10-05T00:00:00,64.8,90.2,15.5,276.4
1996-10-06T00:00:00,80.7,124.2,11.3,276.4
1996-10-07T00:00:00,65.9,104.6,9.9,267.4
1996-10-08T00:00:00,151.2,82,8.7,258.5
1996-10-09T00:00:00,118.6,103.4,7.8,249.8
1996-10-10T00:00:00,55.7,121.5,7.2,249.8
1996-10-11T00:00:00,54.7,113.4,6.6,241.3
1996-10-12T00:00:00,39,89.8,6.1,241.3
1996-10-13T00:00:00,35.9,71.4,5.7,237.2
1996-10-14T00:00:00,31.6,74,5.4,233
1996-10-15T00:00:00,30.2,76,4.8,224.9
1996-10-16T00:00:00,28.9,72.5,5,233
1996-10-17T00:00:00,30.2,69.4,4.5,224.9
1996-10-18T00:00:00,28.9,69.2,4.3,233
1996-10-19T00:00:00,27,69.8,4.1,233
1996-10-20T00:00:00,132.7,69.2,3.9,228.9
1996-10-21T00:00:00,131.1,69.2,3.9,224.9
1996-10-22T00:00:00,124.8,69.8,3.7,216.9
1996-10-23T00:00:00,124.8,68.9,3.6,209.1
1996-10-24T00:00:00,118.6,66.8,3.3,134.2
1996-10-25T00:00:00,118.6,64.7,3,241.3
1996-10-26T00:00:00,115.6,62.9,2.8,324.2
1996-10-27T00:00:00,114.2,60.9,2.6,209.1
1996-10-28T00:00:00,109.8,61.3,2.7,209.1
1996-10-29T00:00:00,108.3,61.5,2.7,201.5
1996-10-30T00:00:00,104.1,61.5,2.6,201.5
1996-10-31T00:00:00,98.6,61.5,2.4,194
1996-11-01T00:00:00,97.2,61.5,2.3,194
1996-11-02T00:00:00,93.3,61.3,2.4,186.7
1996-11-03T00:00:00,93.3,60.4,2.3,186.7
1996-11-04T00:00:00,90.6,59.3,2.3,186.7
1996-11-05T00:00:00,90.6,54.6,2.3,183.1
1996-11-06T00:00:00,85.6,35.5,2.1,179.5
1996-11-07T00:00:00,86.8,53.3,2.1,179.5
1996-11-08T00:00:00,80.7,55.5,2.1,172.6
1996-11-09T00:00:00,80.7,55.7,1.9,172.6
1996-11-10T00:00:00,75.9,56.2,1.8,172.6
1996-11-11T00:00:00,75.9,56.1,1.9,165.8
1996-11-12T00:00:00,74.8,55.1,1.9,165.8
1996-11-13T00:00:00,73.6,53.6,1.9,165.8
1996-11-14T00:00:00,72.5,51.9,1.8,165.8
1996-11-15T00:00:00,69.1,51.2,1.9,162.4
1996-11-16T00:00:00,73.6,51.4,2.8,159.1
1996-11-17T00:00:00,78.3,53.1,3.2,159.1
1996-11-18T00:00:00,73.6,54.3,3.7,159.1
1996-11-19T00:00:00,69.1,56.1,4.5,159.1
1996-11-20T00:00:00,69.1,57.2,3.4,152.7
1996-11-21T00:00:00,71.4,57.4,3.3,152.7
1996-11-22T00:00:00,67,55.4,4.7,149.5
1996-11-23T00:00:00,65.9,54.3,4.5,149.5
1996-11-24T00:00:00,37.5,53.6,4.7,149.5
1996-11-25T00:00:00,19.5,52.3,8.6,146.3
1996-11-26T00:00:00,9.9,51.8,3.7,146.3
1996-11-27T00:00:00,22.7,52.3,2.9,146.3
1996-11-28T00:00:00,62.7,53.2,2.6,146.3
1996-11-29T00:00:00,62.7,51.5,2.3,146.3
1996-11-30T00:00:00,18.4,50.7,2.3,143.2
1996-12-01T00:00:00,33,47.7,2,143.2
1996-12-02T00:00:00,58.6,46.9,2,140.2
1996-12-03T00:00:00,56.7,47.1,1.8,140.2
1996-12-04T00:00:00,54.7,46.4,1.8,140.2
1996-12-05T00:00:00,54.7,46.1,1.7,140.2
1996-12-06T00:00:00,54.7,44.8,1.6,140.2
1996-12-07T00:00:00,53.8,43.1,1.5,137.1
1996-12-08T00:00:00,52.8,42.5,1.5,137.1
1996-12-09T00:00:00,51.9,42.5,1.4,140.2
1996-12-10T00:00:00,51.9,42.4,1.4,137.1
1996-12-11T00:00:00,51,41.5,1.4,137.1
1996-12-12T00:00:00,50,40.7,1.3,137.1
1996-12-13T00:00:00,49.1,40.6,1.8,137.1
1996-12-14T00:00:00,49.1,40.6,1.6,134.2
1996-12-15T00:00:00,47.4,40.5,1.2,134.2
1996-12-16T00:00:00,47.4,39,1.2,134.2
1996-12-17T00:00:00,47.4,38.3,1.2,134.2
1996-12-18T00:00:00,47.4,37.8,1.1,134.2
1996-12-19T00:00:00,45.6,37.2,1.1,134.2
1996-12-20T00:00:00,45.6,37.7,1.1,134.2
1996-12-21T00:00:00,45.6,37,1,134.2
1996-12-22T00:00:00,45.6,36.5,1,134.2
1996-12-23T00:00:00,45.6,36,1,122.6
1996-12-24T00:00:00,43.9,35.2,1,18.2
1996-12-25T00:00:00,43.9,34.4,1,18.2
1996-12-26T00:00:00,43.9,34.1,1,18.2
1996-12-27T00:00:00,43.9,32.9,1,18.2
1996-12-28T00:00:00,42.2,33,1.2,18.2
1996-12-29T00:00:00,42.2,33,1.1,28.6
1996-12-30T00:00:00,42.2,33.1,1,28.6
1996-12-31T00:00:00,42.2,33.3,1,29.8
1997-01-01T00:00:00,3.8,28.8,1,28.6
1997-01-02T00:00:00,3.4,28.7,1,28.6
1997-01-03T00:00:00,3.4,28.8,0.9,28.6
1997-01-04T00:00:00,3.3,29.3,0.9,28.6
1997-01-05T00:00:00,3.1,28.7,0.9,28.6
1997-01-06T00:00:00,3.1,27.9,0.8,28.6
1997-01-07T00:00:00,3.1,27.5,0.8,28.6
1997-01-08T00:00:00,3.1,27.5,0.8,28.6
1997-01-09T00:00:00,3.1,27.4,0.8,28.6
1997-01-10T00:00:00,3.1,27.1,0.8,28.6
1997-01-11T00:00:00,3.1,26.7,0.8,28.6
1997-01-12T00:00:00,2.9,26.4,0.8,65.8
1997-01-13T00:00:00,2.9,26.2,0.7,125.4
1997-01-14T00:00:00,2.9,25.6,0.7,125.4
1997-01-15T00:00:00,2.9,25.5,0.7,125.4
1997-01-16T00:00:00,2.9,25.2,0.7,122.6
1997-01-17T00:00:00,2.7,25.1,0.7,122.6
1997-01-18T00:00:00,2.7,24.7,0.7,122.6
1997-01-19T00:00:00,2.7,24.1,0.7,122.6
1997-01-20T00:00:00,2.7,24.1,0.7,122.6
1997-01-21T00:00:00,3.1,24.6,0.7,122.6
1997-01-22T00:00:00,3.1,24.4,0.6,122.6
1997-01-23T00:00:00,3.1,23.9,0.6,122.6
1997-01-24T00:00:00,2.7,23,0.6,122.6
1997-01-25T00:00:00,2.7,22.8,0.6,122.6
1997-01-26T00:00:00,2.7,22.2,0.6,122.6
1997-01-27T00:00:00,2.7,21.8,0.6,119.8
1997-01-28T00:00:00,2.6,21.5,0.6,119.8
1997-01-29T00:00:00,2.6,21.7,0.6,119.8
1997-01-30T00:00:00,2.6,21.8,0.6,119.8
1997-01-31T00:00:00,2.4,21.8,0.6,119.8
1997-02-01T00:00:00,2.6,21.7,0.6,117.1
1997-02-02T00:00:00,2.4,21.4,0.6,117.1
1997-02-03T00:00:00,2.4,21.1,0.6,117.1
1997-02-04T00:00:00,2.4,21,0.6,106.4
1997-02-05T00:00:00,2.3,21,0.6,117.1
1997-02-06T00:00:00,2.1,21,0.6,122.6
1997-02-07T00:00:00,2.1,20.4,0.6,117.1
1997-02-08T00:00:00,2.1,20.3,0.6,117.1
1997-02-09T00:00:00,2,20,0.5,117.1
1997-02-10T00:00:00,2,19.7,0.5,117.1
1997-02-11T00:00:00,2,19.6,0.5,117.1
1997-02-12T00:00:00,2,19.3,0.5,117.1
1997-02-13T00:00:00,2,19.3,0.3,117.1
1997-02-14T00:00:00,2,19.2,0.3,111.7
1997-02-15T00:00:00,1.8,18.9,0.3,114.4
1997-02-16T00:00:00,1.8,18.3,0.3,111.7
1997-02-17T00:00:00,1.7,18.2,0.3,111.7
1997-02-18T00:00:00,1.8,17.9,0.3,111.7
1997-02-19T00:00:00,1.7,17.8,0.3,111.7
1997-02-20T00:00:00,1.7,17.6,0.3,111.7
1997-02-21T00:00:00,1.7,17.2,0.2,111.7
1997-02-22T00:00:00,1.7,16.9,0.3,111.7
1997-02-23T00:00:00,1.6,16.9,0.2,111.7
1997-02-24T00:00:00,1.6,16.9,0.3,109
1997-02-25T00:00:00,1.6,16.8,0.2,109
1997-02-26T00:00:00,1.6,16.3,0.2,109
1997-02-27T00:00:00,1.6,16.2,0.2,73.9
1997-02-28T00:00:00,1.6,15.9,0.2,71.8
1997-03-01T00:00:00,1.6,15.3,0.1,106.4
1997-03-02T00:00:00,1.6,15,0.2,106.4
1997-03-03T00:00:00,1.6,15.2,0.2,106.4
1997-03-04T00:00:00,1.6,15,0.2,106.4
1997-03-05T00:00:00,1.6,14.9,0.2,106.4
1997-03-06T00:00:00,1.6,14.9,0.2,103.9
1997-03-07T00:00:00,1.6,14.7,0.2,103.9
1997-03-08T00:00:00,1.6,14.8,0.2,103.9
1997-03-09T00:00:00,1.6,14.3,0.2,103.9
1997-03-10T00:00:00,1.6,14,0.2,101.4
1997-03-11T00:00:00,1.6,13.9,0.7,101.4
1997-03-12T00:00:00,2,13.7,0.6,101.4
1997-03-13T00:00:00,2.1,13.7,0.4,101.4
1997-03-14T00:00:00,2.1,14.2,0.3,101.4
1997-03-15T00:00:00,1.8,15.6,0.3,101.4
1997-03-16T00:00:00,1.7,15.8,0.2,101.4
1997-03-17T00:00:00,1.6,15,0.3,101.4
1997-03-18T00:00:00,1.6,14.4,0.6,98.9
1997-03-19T00:00:00,1.6,15.2,7.8,98.9
1997-03-20T00:00:00,1.6,20.8,1.3,98.9
1997-03-21T00:00:00,2.7,22,1,98.9
1997-03-22T00:00:00,2.1,23,1.8,98.9
1997-03-23T00:00:00,2.7,20.9,0.7,98.9
1997-03-24T00:00:00,2.1,19.1,0.5,98.9
1997-03-25T00:00:00,1.8,16.4,0.5,98.9
1997-03-26T00:00:00,1.8,14.9,0.4,96.4
1997-03-27T00:00:00,1.6,13.8,0.3,96.4
1997-03-28T00:00:00,1.6,13.1,0.3,96.4
1997-03-29T00:00:00,1.4,12.5,0.3,96.4
1997-03-30T00:00:00,1.4,11.9,0.3,96.4
1997-03-31T00:00:00,1.2,11.8,0.2,94
1997-04-01T00:00:00,1.2,11.5,0.2,96.4
1997-04-02T00:00:00,1.2,10.8,0.2,94
1997-04-03T00:00:00,1.1,10.6,0.1,94
1997-04-04T00:00:00,1.1,10.2,0.1,96.4
1997-04-05T00:00:00,1.1,9.9,0.2,94
1997-04-06T00:00:00,4.2,11.3,0.2,94
1997-04-07T00:00:00,2.4,13,0.5,96.4
1997-04-08T00:00:00,1.8,14.5,1.4,94
1997-04-09T00:00:00,2,18.2,1.3,94
1997-04-10T00:00:00,2.1,19.3,1.8,94
1997-04-11T00:00:00,1.8,24.3,1.3,96.4
1997-04-12T00:00:00,2.4,20.5,1,94
1997-04-13T00:00:00,1.8,13.6,0.8,96.4
1997-04-14T00:00:00,1.6,14.7,0.5,96.4
1997-04-15T00:00:00,1.5,14.3,0.5,94
1997-04-16T00:00:00,1.5,13.7,0.4,96.4
1997-04-17T00:00:00,1.6,13.1,0.3,96.4
1997-04-18T00:00:00,1.5,13,0.3,94
1997-04-19T00:00:00,1.6,12.5,0.3,96.4
1997-04-20T00:00:00,1.6,11.8,0.3,96.4
1997-04-21T00:00:00,2,10.1,0.3,96.4
1997-04-22T00:00:00,1.5,5.8,0.3,96.4
1997-04-23T00:00:00,1.4,5.5,0.3,96.4
1997-04-24T00:00:00,1.4,4.9,0.2,96.4
1997-04-25T00:00:00,1.4,4.4,0.2,96.4
1997-04-26T00:00:00,1.4,4.1,0.2,96.4
1997-04-27T00:00:00,1.3,4.3,0.2,96.4
1997-04-28T00:00:00,1.4,4.2,0.2,96.4
1997-04-29T00:00:00,1.4,5.4,0.2,94
1997-04-30T00:00:00,2.1,7.4,0.4,96.4
1997-05-01T00:00:00,2.1,7.6,0.5,94
1997-05-02T00:00:00,1.8,7.9,0.3,96.4
1997-05-03T00:00:00,4.5,7.4,0.2,96.4
1997-05-04T00:00:00,3.1,6.2,0.2,96.4
1997-05-05T00:00:00,3.4,6.2,0.2,98.9
1997-05-06T00:00:00,2.9,8.7,0.1,96.4
1997-05-07T00:00:00,21.1,8.1,0.5,96.4
1997-05-08T00:00:00,12.9,6.5,0.3,96.4
1997-05-09T00:00:00,69.1,7,0.4,96.4
1997-05-10T00:00:00,14.6,7.4,0.3,96.4
1997-05-11T00:00:00,7.6,7.3,0.4,96.4
1997-05-12T00:00:00,6.2,8.2,0.2,96.4
1997-05-13T00:00:00,9.5,7.1,0.2,96.4
1997-05-14T00:00:00,15.5,6.2,0.2,96.4
1997-05-15T00:00:00,14.2,7,1.1,96.4
1997-05-16T00:00:00,5.9,14.7,0.8,96.4
1997-05-17T00:00:00,12.1,14.1,16.9,96.4
1997-05-18T00:00:00,30.9,18.3,35.5,96.4
1997-05-19T00:00:00,25.1,35.1,28.9,101.4
1997-05-20T00:00:00,28.9,44.8,34.8,96.4
1997-05-21T00:00:00,25.7,34.8,1.4,96.4
1997-05-22T00:00:00,9.9,28.6,0.9,96.4
1997-05-23T00:00:00,14.2,23.1,1.1,96.4
1997-05-24T00:00:00,6.2,18.6,0.8,96.4
1997-05-25T00:00:00,8.5,15,0.5,96.4
1997-05-26T00:00:00,25.1,12.4,0.4,98.9
1997-05-27T00:00:00,16.5,12.5,0.8,98.9
1997-05-28T00:00:00,11.3,11.3,2.6,101.4
1997-05-29T00:00:00,9.2,12.9,4.3,98.9
1997-05-30T00:00:00,78.3,35.9,8.6,101.4
1997-05-31T00:00:00,73.6,70.1,1.9,101.4
1997-06-01T00:00:00,54.7,33.5,1.3,98.9
1997-06-02T00:00:00,39,36.7,1.8,101.4
1997-06-03T00:00:00,23.9,27.5,2.9,101.4
1997-06-04T00:00:00,28.9,24.3,1.2,101.4
1997-06-05T00:00:00,58.6,39.8,10.8,101.4
1997-06-06T00:00:00,73.6,53.3,19,101.4
1997-06-07T00:00:00,69.1,64.7,5.9,39
1997-06-08T00:00:00,69.1,59.1,3.3,39
1997-06-09T00:00:00,39,50.8,2,36.3
1997-06-10T00:00:00,50,46.2,1.4,39
1997-06-11T00:00:00,28.9,40.9,1,37.6
1997-06-12T00:00:00,39,34.5,1.3,37.6
1997-06-13T00:00:00,20.5,45.7,0.8,37.6
1997-06-14T00:00:00,30.2,46.3,0.8,39
1997-06-15T00:00:00,64.8,49.2,2.8,39
1997-06-16T00:00:00,33,44.3,1.9,36.3
1997-06-17T00:00:00,30.2,37,1.2,39
1997-06-18T00:00:00,27.6,37.8,6.3,37.6
1997-06-19T00:00:00,115.6,83.5,9.4,37.6
1997-06-20T00:00:00,129.5,85.9,2.8,37.6
1997-06-21T00:00:00,67,184.6,1.3,37.6
1997-06-22T00:00:00,65.9,198.1,1.5,39
1997-06-23T00:00:00,142.6,171,11.7,39
1997-06-24T00:00:00,134.3,150.8,8.1,67.8
1997-06-25T00:00:00,127.9,146.3,23.3,111.7
1997-06-26T00:00:00,67,228.1,37.8,114.4
1997-06-27T00:00:00,67,171.7,14.5,117.1
1997-06-28T00:00:00,50,178.8,41,119.8
1997-06-29T00:00:00,44.8,163,9.6,119.8
1997-06-30T00:00:00,31.6,140.1,11.6,117.1
1997-07-01T00:00:00,31.6,135.1,51.7,117.1
1997-07-02T00:00:00,89.4,197.5,41,122.6
1997-07-03T00:00:00,45.6,204,49.8,122.6
1997-07-04T00:00:00,46.5,177.9,25.9,122.6
1997-07-05T00:00:00,34.5,158.3,25,122.6
1997-07-06T00:00:00,72.5,167.6,38.2,122.6
1997-07-07T00:00:00,93.3,153,46.1,122.6
1997-07-08T00:00:00,115.6,175.8,63.2,122.6
1997-07-09T00:00:00,184.4,132.3,25.3,125.4
1997-07-10T00:00:00,169.2,126.1,50.7,125.4
1997-07-11T00:00:00,188.4,161.6,43.1,128.3
1997-07-12T00:00:00,161.8,142.1,43.5,128.3
1997-07-13T00:00:00,223.9,152.7,46.1,134.2
1997-07-14T00:00:00,182.5,166.3,51.2,134.2
1997-07-15T00:00:00,253.5,169.8,48.9,131.2
1997-07-16T00:00:00,208.8,186.1,58.8,134.2
1997-07-17T00:00:00,217.3,333.1,38.6,134.2
1997-07-18T00:00:00,188.4,332.6,59.9,137.1
1997-07-19T00:00:00,161.8,361.9,70.2,137.1
1997-07-20T00:00:00,258.2,369,31.2,140.2
1997-07-21T00:00:00,204.6,345.4,64.9,140.2
1997-07-22T00:00:00,244.1,328,67.8,146.3
1997-07-23T00:00:00,192.4,358,45.7,146.3
1997-07-24T00:00:00,169.2,318.8,35.5,146.3
1997-07-25T00:00:00,200.5,272.7,90.9,146.3
1997-07-26T00:00:00,196.4,241.5,39.3,152.7
1997-07-27T00:00:00,192.4,230.4,48.9,162.4
1997-07-28T00:00:00,156.4,228,20.2,162.4
1997-07-29T00:00:00,147.7,170,19.2,165.8
1997-07-30T00:00:00,188.4,154.2,20.7,165.8
1997-07-31T00:00:00,167.3,202.3,28.3,169.2
1997-08-01T00:00:00,165.5,180.5,39.3,172.6
1997-08-02T00:00:00,184.4,245.7,69,165.8
1997-08-03T00:00:00,239.5,241.2,61,179.5
1997-08-04T00:00:00,169.2,221.6,34,183.1
1997-08-05T00:00:00,172.9,244.9,90.1,91.6
1997-08-06T00:00:00,217.3,305.2,89.4,39
1997-08-07T00:00:00,196.4,285.6,94.5,186.7
1997-08-08T00:00:00,172.9,256,79.7,186.7
1997-08-09T00:00:00,239.5,266.6,88,190.3
1997-08-10T00:00:00,221.7,242.7,77.1,190.3
1997-08-11T00:00:00,180.6,238.9,72.7,194
1997-08-12T00:00:00,184.4,315.6,69.6,194
1997-08-13T00:00:00,172.9,322.1,36.2,213
1997-08-14T00:00:00,275.2,315.1,93.1,209.1
1997-08-15T00:00:00,358.4,350.6,63.8,213
1997-08-16T00:00:00,244.1,341.4,37,216.9
1997-08-17T00:00:00,324.6,309.9,47.9,216.9
1997-08-18T00:00:00,287.8,264.8,73.3,216.9
1997-08-19T00:00:00,184.4,219.5,51.7,216.9
1997-08-20T00:00:00,172.9,209.9,48.9,216.9
1997-08-21T00:00:00,182.5,193.6,54.7,216.9
1997-08-22T00:00:00,182.5,162.5,45.2,216.9
1997-08-23T00:00:00,174.8,147,49.8,224.9
1997-08-24T00:00:00,121.7,180.9,23.9,224.9
1997-08-25T00:00:00,88.1,178.3,20.7,224.9
1997-08-26T00:00:00,134.3,163.4,25,224.9
1997-08-27T00:00:00,174.8,158.3,20.2,224.9
1997-08-28T00:00:00,253.5,160.3,13,224.9
1997-08-29T00:00:00,140.9,165,10.9,224.9
1997-08-30T00:00:00,151.2,160.6,12.3,233
1997-08-31T00:00:00,129.5,191.5,10.9,233
1997-09-01T00:00:00,111.2,248.2,17.8,237.2
1997-09-02T00:00:00,132.7,219.3,14.5,233
1997-09-03T00:00:00,131.1,186.8,18.5,233
1997-09-04T00:00:00,115.6,182.2,41.4,224.9
1997-09-05T00:00:00,172.9,178,15.7,224.9
1997-09-06T00:00:00,118.6,161.1,13.3,224.9
1997-09-07T00:00:00,184.4,166,10.9,224.9
1997-09-08T00:00:00,102.7,146.5,10.6,220.9
1997-09-09T00:00:00,109.8,153.6,9.9,216.9
1997-09-10T00:00:00,109.8,147.2,9.4,216.9
1997-09-11T00:00:00,90.6,134.3,10.9,216.9
1997-09-12T00:00:00,131.1,116.8,8.9,216.9
1997-09-13T00:00:00,73.6,107.2,8.5,209.1
1997-09-14T00:00:00,73.6,114.2,8.1,209.1
1997-09-15T00:00:00,188.4,126.3,29.9,209.1
1997-09-16T00:00:00,137.6,179.5,9.7,201.5
1997-09-17T00:00:00,202.6,185.4,8.1,205.2
1997-09-18T00:00:00,144.3,162.7,7.4,216.9
1997-09-19T00:00:00,121.7,130.8,7,228.9
1997-09-20T00:00:00,91.9,117.1,11.9,245.6
1997-09-21T00:00:00,134.3,168.6,11.6,249.8
1997-09-22T00:00:00,169.2,151.1,15.7,245.6
1997-09-23T00:00:00,184.4,119,17.8,245.6
1997-09-24T00:00:00,154.7,105,8.2,245.6
1997-09-25T00:00:00,79.5,96.9,6.9,258.5
1997-09-26T00:00:00,55.7,103.4,12.6,267.4
1997-09-27T00:00:00,80.7,95.8,14.3,258.5
1997-09-28T00:00:00,101.3,89.1,13.5,276.4
1997-09-29T00:00:00,131.1,82.2,6.9,276.4
1997-09-30T00:00:00,117.1,76.2,6.9,281
1997-10-01T00:00:00,56.7,75.7,7.3,276.4
1997-10-02T00:00:00,74.8,78,7,281
1997-10-03T00:00:00,54.7,79.5,6.6,276.4
1997-10-04T00:00:00,68,78.2,5.9,276.4
1997-10-05T00:00:00,45.6,73.2,2,276.4
1997-10-06T00:00:00,37.5,69.5,2,267.4
1997-10-07T00:00:00,33,75.9,2,258.5
1997-10-08T00:00:00,73.6,100.6,2.2,254.2
1997-10-09T00:00:00,39,158.7,2.1,249.8
1997-10-10T00:00:00,50,154.7,1.9,245.6
1997-10-11T00:00:00,52.8,137.2,1.7,241.3
1997-10-12T00:00:00,29.6,104.8,1.6,241.3
1997-10-13T00:00:00,27.6,59.7,1.5,241.3
1997-10-14T00:00:00,25.7,48.3,1.4,237.2
1997-10-15T00:00:00,28.9,52.3,1.4,228.9
1997-10-16T00:00:00,24.5,46.6,2.2,224.9
1997-10-17T00:00:00,60.7,66.9,2.1,220.9
1997-10-18T00:00:00,64.8,76.6,2.2,216.9
1997-10-19T00:00:00,44.8,71.6,4.8,213
1997-10-20T00:00:00,75.9,77.7,14.7,209.1
1997-10-21T00:00:00,54.7,131.6,24.4,205.2
1997-10-22T00:00:00,94.6,146.8,19.4,201.5
1997-10-23T00:00:00,104.1,155.3,19.7,197.7
1997-10-24T00:00:00,74.8,150.8,16.1,197.7
1997-10-25T00:00:00,67,144.9,18,190.3
1997-10-26T00:00:00,102.7,169.8,15.3,186.7
1997-10-27T00:00:00,109.8,161.2,7.6,186.7
1997-10-28T00:00:00,48.2,148.1,30.2,183.1
1997-10-29T00:00:00,158.2,162.8,20.7,183.1
1997-10-30T00:00:00,98.6,162.3,14.3,179.5
1997-10-31T00:00:00,89.4,189.3,10.9,176
1997-11-01T00:00:00,58.6,152.6,10.6,172.6
1997-11-02T00:00:00,74.8,175.6,7.3,172.6
1997-11-03T00:00:00,71.4,145.3,6.4,169.2
1997-11-04T00:00:00,56.7,106.5,5.4,165.8
1997-11-05T00:00:00,46.5,92.1,4.5,162.4
1997-11-06T00:00:00,39.8,88.5,4.1,162.4
1997-11-07T00:00:00,35.2,104.5,3.8,159.1
1997-11-08T00:00:00,31.6,103.1,3.4,159.1
1997-11-09T00:00:00,33,153.4,27.7,155.9
1997-11-10T00:00:00,73.6,138.4,15.7,155.9
1997-11-11T00:00:00,49.1,120.5,11.3,152.7
1997-11-12T00:00:00,56.7,98.1,8.6,152.7
1997-11-13T00:00:00,31.6,85.5,13.7,149.5
1997-11-14T00:00:00,44.8,100.3,11.7,149.5
1997-11-15T00:00:00,28.9,109.8,10.6,149.5
1997-11-16T00:00:00,31.6,102.9,6.4,149.5
1997-11-17T00:00:00,24.5,133.9,6.5,149.5
1997-11-18T00:00:00,23.3,87.6,7.3,149.5
1997-11-19T00:00:00,22.2,77.6,6,149.5
1997-11-20T00:00:00,20.5,72.9,5,146.3
1997-11-21T00:00:00,19.5,82.9,12.6,149.5
1997-11-22T00:00:00,20.5,78.5,6,149.5
1997-11-23T00:00:00,20.5,71.5,4.7,149.5
1997-11-24T00:00:00,19.5,107.5,5.6,149.5
1997-11-25T00:00:00,17.4,109.9,4.3,149.5
1997-11-26T00:00:00,17.4,73.9,3.9,149.5
1997-11-27T00:00:00,20,107.4,3.5,146.3
1997-11-28T00:00:00,17.4,108.4,3.3,146.3
1997-11-29T00:00:00,17.9,94.8,3.4,146.3
1997-11-30T00:00:00,45.6,61.5,2.9,146.3
1997-12-01T00:00:00,43.9,51.9,5,140.2
1997-12-02T00:00:00,17.4,52.7,2.6,140.2
1997-12-03T00:00:00,14.6,47,2.3,140.2
1997-12-04T00:00:00,12.9,44.5,2.1,140.2
1997-12-05T00:00:00,12.9,43.5,2,140.2
1997-12-06T00:00:00,12.9,43.4,1.9,140.2
1997-12-07T00:00:00,11.7,46.9,1.9,140.2
1997-12-08T00:00:00,11.7,42.3,1.8,140.2
1997-12-09T00:00:00,11.3,44.6,1.8,137.1
1997-12-10T00:00:00,11,44.8,1.6,137.1
1997-12-11T00:00:00,10.2,46.1,1.5,137.1
1997-12-12T00:00:00,9.9,43.9,1.5,137.1
1997-12-13T00:00:00,9.2,40.8,1.4,134.2
1997-12-14T00:00:00,9.2,39.4,1.4,134.2
1997-12-15T00:00:00,9.2,44.3,1.4,134.2
1997-12-16T00:00:00,8.5,37.2,1.3,134.2
1997-12-17T00:00:00,8.5,34.1,1.2,134.2
1997-12-18T00:00:00,8.5,34.7,1.2,134.2
1997-12-19T00:00:00,7.9,33.9,1.2,134.2
1997-12-20T00:00:00,7.3,32.2,1.2,134.2
1997-12-21T00:00:00,7,32.1,1.1,131.2
1997-12-22T00:00:00,7,32.6,1.2,131.2
1997-12-23T00:00:00,7.6,32.3,1.2,131.2
1997-12-24T00:00:00,7.3,33.3,1.2,131.2
1997-12-25T00:00:00,7.3,32.7,1.1,131.2
1997-12-26T00:00:00,7.6,31.2,1.1,131.2
1997-12-27T00:00:00,7.3,30.6,1.1,131.2
1997-12-28T00:00:00,7.3,31.2,1.2,131.2
1997-12-29T00:00:00,6.7,30.4,1.2,128.3
1997-12-30T00:00:00,6.7,29.7,1,128.3
1997-12-31T00:00:00,6.2,15.1,1,128.3
1998-01-01T00:00:00,6.2,9.5,0.9,128.3
1998-01-02T00:00:00,5.9,9.1,0.9,128.3
1998-01-03T00:00:00,5.4,8.8,0.9,128.3
1998-01-04T00:00:00,5.4,8.8,0.9,128.3
1998-01-05T00:00:00,5.4,8.7,0.9,73.9
1998-01-06T00:00:00,5.4,8.4,0.9,24.1
1998-01-07T00:00:00,5.2,8.4,1.1,23.1
1998-01-08T00:00:00,4.9,8.1,1,23.1
1998-01-09T00:00:00,4.9,7.8,0.9,23.1
1998-01-10T00:00:00,4.9,7.7,0.9,23.1
1998-01-11T00:00:00,4.7,7.5,0.9,23.1
1998-01-12T00:00:00,4.7,7.4,0.8,23.1
1998-01-13T00:00:00,4.7,7.3,0.6,23.1
1998-01-14T00:00:00,4.7,7.1,0.6,23.1
1998-01-15T00:00:00,4.7,7.1,0.6,23.1
1998-01-16T00:00:00,4.2,6.9,0.6,23.1
1998-01-17T00:00:00,4.2,6.7,0.6,23.1
1998-01-18T00:00:00,4,6.4,0.6,23.1
1998-01-19T00:00:00,4,6.2,0.6,23.1
1998-01-20T00:00:00,4,6.1,0.5,23.1
1998-01-21T00:00:00,4,5.9,0.5,18.2
1998-01-22T00:00:00,4,5.8,0.6,16.5
1998-01-23T00:00:00,3.8,5.5,0.9,16.5
1998-01-24T00:00:00,3.8,5.4,0.6,16.5
1998-01-25T00:00:00,3.8,5.2,0.6,16.5
1998-01-26T00:00:00,3.8,5.2,0.5,16.5
1998-01-27T00:00:00,3.8,5.1,0.4,16.5
1998-01-28T00:00:00,3.6,4.9,0.4,16.5
1998-01-29T00:00:00,3.4,4.9,0.4,16.5
1998-01-30T00:00:00,3.4,4.8,0.4,16.5
1998-01-31T00:00:00,3.4,4.7,0.4,16.5
1998-02-01T00:00:00,3.4,4.7,0.4,16.5
1998-02-02T00:00:00,3.4,4.6,0.4,16.5
1998-02-03T00:00:00,3.1,4.5,0.4,16.5
1998-02-04T00:00:00,3.1,4.4,0.4,16.5
1998-02-05T00:00:00,2.9,4,0.4,17.4
1998-02-06T00:00:00,2.9,3.7,0.3,19.2
1998-02-07T00:00:00,2.7,3.6,0.3,19.2
1998-02-08T00:00:00,2.7,3.5,0.3,19.2
1998-02-09T00:00:00,2.7,3.4,0.3,19.2
1998-02-10T00:00:00,2.7,3.3,0.3,19.2
1998-02-11T00:00:00,2.7,3.3,0.3,19.2
1998-02-12T00:00:00,2.6,3.2,0.3,19.2
1998-02-13T00:00:00,2.6,3.1,0.3,19.2
1998-02-14T00:00:00,2.4,3.1,0.3,18.2
1998-02-15T00:00:00,2.3,3,0.3,18.2
1998-02-16T00:00:00,2.1,2.9,0.3,18.2
1998-02-17T00:00:00,2.1,2.9,0.3,18.2
1998-02-18T00:00:00,2.1,2.8,0.3,18.2
1998-02-19T00:00:00,2.3,2.7,0.3,18.2
1998-02-20T00:00:00,2.3,2.6,0.3,18.2
1998-02-21T00:00:00,2.3,2.6,0.3,18.2
1998-02-22T00:00:00,2.3,2.5,0.3,18.2
1998-02-23T00:00:00,2.3,2.5,0.3,18.2
1998-02-24T00:00:00,2.3,2.6,0.3,18.2
1998-02-25T00:00:00,2.3,2.5,0.3,18.2
1998-02-26T00:00:00,2.1,2.4,0.3,18.2
1998-02-27T00:00:00,2.1,2.4,0.3,18.2
1998-02-28T00:00:00,2.1,2.3,0.3,18.2
1998-03-01T00:00:00,2.1,2.2,0.3,18.2
1998-03-02T00:00:00,2.1,2.2,0.2,18.2
1998-03-03T00:00:00,2.1,3,0.2,18.2
1998-03-04T00:00:00,2.1,4.1,0.2,18.2
1998-03-05T00:00:00,2.1,4.2,0.2,18.2
1998-03-06T00:00:00,1.8,3.9,0.2,18.2
1998-03-07T00:00:00,2.1,2.2,0.2,18.2
1998-03-08T00:00:00,2.1,1.9,0.2,18.2
1998-03-09T00:00:00,2.1,1.8,0.2,18.2
1998-03-10T00:00:00,2.1,1.7,0.2,18.2
1998-03-11T00:00:00,2.1,1.7,0.2,18.2
1998-03-12T00:00:00,2,1.7,0.2,20.1
1998-03-13T00:00:00,1.8,1.7,0.2,20.1
1998-03-14T00:00:00,1.7,1.8,0.2,20.1
1998-03-15T00:00:00,1.7,2,0.2,20.1
1998-03-16T00:00:00,1.7,2,0.2,29.8
1998-03-17T00:00:00,1.6,1.9,0.2,33.6
1998-03-18T00:00:00,1.6,1.8,0.2,33.6
1998-03-19T00:00:00,1.6,1.8,0.2,39
1998-03-20T00:00:00,1.6,2.1,0.2,39
1998-03-21T00:00:00,1.5,2.1,0.2,39
1998-03-22T00:00:00,1.5,2.2,0.2,39
1998-03-23T00:00:00,1.5,2.1,0.2,39
1998-03-24T00:00:00,1.5,2.6,0.2,39
1998-03-25T00:00:00,1.5,3.2,0.2,39
1998-03-26T00:00:00,1.6,3.2,0.4,39
1998-03-27T00:00:00,1.6,4,0.7,43.4
1998-03-28T00:00:00,2.1,2.6,0.6,48.1
1998-03-29T00:00:00,2.4,2,0.4,48.1
1998-03-30T00:00:00,2.1,1.7,0.5,76
1998-03-31T00:00:00,1.8,1.7,0.4,73.9
1998-04-01T00:00:00,1.8,1.7,0.3,73.9
1998-04-02T00:00:00,1.7,1.5,0.3,73.9
1998-04-03T00:00:00,1.6,1.9,0.2,73.9
1998-04-04T00:00:00,1.6,0.2,0.2,73.9
1998-04-05T00:00:00,1.6,0.3,0.2,73.9
1998-04-06T00:00:00,1.6,0.4,0.2,73.9
1998-04-07T00:00:00,1.5,0.4,0.2,73.9
1998-04-08T00:00:00,1.4,0.4,0.2,73.9
1998-04-09T00:00:00,1.4,0.3,0.2,73.9
1998-04-10T00:00:00,1.4,0.3,0.2,73.9
1998-04-11T00:00:00,1.4,0.2,0.2,73.9
1998-04-12T00:00:00,1.2,0.2,0.2,73.9
1998-04-13T00:00:00,1.3,0.2,0.2,76
1998-04-14T00:00:00,1.2,0.1,0.2,76
1998-04-15T00:00:00,1.2,0,0.1,73.9
1998-04-16T00:00:00,1.2,0,0.2,13.3
1998-04-17T00:00:00,1.2,0,0.2,11.8
1998-04-18T00:00:00,1.2,0,0.2,11.8
1998-04-19T00:00:00,1.2,0,0.2,11.8
1998-04-20T00:00:00,1.2,0,0.1,11.8
1998-04-21T00:00:00,1.1,0,0.1,11.8
1998-04-22T00:00:00,1.1,0,0.1,11.8
1998-04-23T00:00:00,1.1,0,0.1,11.8
1998-04-24T00:00:00,1,0,0.1,11.8
1998-04-25T00:00:00,1,0,0.1,11.8
1998-04-26T00:00:00,1.2,0,0.2,11.8
1998-04-27T00:00:00,1.2,0.1,0.1,11.8
1998-04-28T00:00:00,1.1,0.1,0.1,11.8
1998-04-29T00:00:00,1.2,0.2,0.2,11.8
1998-04-30T00:00:00,1.6,0.4,0.1,11.8
1998-05-01T00:00:00,2,0.6,0.1,11.8
1998-05-02T00:00:00,2.1,1.5,0.2,12.6
1998-05-03T00:00:00,3.1,6.6,0.6,11.8
1998-05-04T00:00:00,2.7,4.1,1.3,12.6
1998-05-05T00:00:00,2.7,3.3,0.8,11.8
1998-05-06T00:00:00,2.6,2.5,0.5,11.8
1998-05-07T00:00:00,2.4,0.6,0.4,11.8
1998-05-08T00:00:00,2.1,0.3,0.3,11.8
1998-05-09T00:00:00,2.1,0.2,0.3,11.8
1998-05-10T00:00:00,4.2,0.1,0.3,13.3
1998-05-11T00:00:00,4.5,0.1,0.3,15.7
1998-05-12T00:00:00,12.1,0.3,1.4,16.5
1998-05-13T00:00:00,101.3,2.8,15.5,15.7
1998-05-14T00:00:00,39,7.8,9.3,15.7
1998-05-15T00:00:00,40.6,9.2,2.8,15.7
1998-05-16T00:00:00,12.5,6.6,1,15.7
1998-05-17T00:00:00,6.2,3.8,0.7,15.7
1998-05-18T00:00:00,4.5,1.1,0.5,15.7
1998-05-19T00:00:00,3.8,0.6,0.5,15.7
1998-05-20T00:00:00,3.4,0.3,0.4,15.7
1998-05-21T00:00:00,3.1,0.3,0.3,15.7
1998-05-22T00:00:00,2.7,0.2,0.3,15.7
1998-05-23T00:00:00,2.7,0.2,0.3,15.7
1998-05-24T00:00:00,2.6,0.2,0.3,15.7
1998-05-25T00:00:00,2.4,0.1,0.3,15.7
1998-05-26T00:00:00,6.7,0,0.2,15.7
1998-05-27T00:00:00,6.7,0,0.2,15.7
1998-05-28T00:00:00,3.1,0,0.3,20.1
1998-05-29T00:00:00,2.7,0,0.2,23.1
1998-05-30T00:00:00,3.4,1.2,0.2,24.1
1998-05-31T00:00:00,23.9,18.2,0.2,24.1
1998-06-01T00:00:00,30.2,8.3,0.6,23.1
1998-06-02T00:00:00,28.9,4.2,0.4,25.2
1998-06-03T00:00:00,29.6,2.8,0.3,28.6
1998-06-04T00:00:00,62.7,2.7,1,28.6
1998-06-05T00:00:00,23.9,7.3,0.4,29.8
1998-06-06T00:00:00,52.8,4.9,3,31.1
1998-06-07T00:00:00,39,3.9,0.5,37.6
1998-06-08T00:00:00,13.8,3.8,0.3,41.9
1998-06-09T00:00:00,14.2,3.6,0.3,54.8
1998-06-10T00:00:00,13.3,3.1,0.5,65.8
1998-06-11T00:00:00,14.6,4.9,0.3,82.5
1998-06-12T00:00:00,12.1,26,0.3,80.3
1998-06-13T00:00:00,35.9,25.7,0.2,80.3
1998-06-14T00:00:00,16.5,11.6,0.2,91.6
1998-06-15T00:00:00,60.7,10.8,0.6,106.4
1998-06-16T00:00:00,60.7,17.1,0.3,117.1
1998-06-17T00:00:00,25.7,5.8,0.2,117.1
1998-06-18T00:00:00,51,12.5,2.7,125.4
1998-06-19T00:00:00,54.7,19.2,0.7,122.6
1998-06-20T00:00:00,40.6,6.2,0.3,119.8
1998-06-21T00:00:00,73.6,5.6,7.9,122.6
1998-06-22T00:00:00,83.1,16.9,1.5,128.3
1998-06-23T00:00:00,33.7,16.5,0.8,122.6
1998-06-24T00:00:00,172.9,9.7,6.9,122.6
1998-06-25T00:00:00,112.7,33.5,42.6,122.6
1998-06-26T00:00:00,152.9,50.2,21.7,128.3
1998-06-27T00:00:00,114.2,48.5,7.2,128.3
1998-06-28T00:00:00,188.4,67.3,8.2,128.3
1998-06-29T00:00:00,109.8,103.1,5.4,134.2
1998-06-30T00:00:00,206.7,71.5,4.1,131.2
1998-07-01T00:00:00,174.8,54.4,13.3,134.2
1998-07-02T00:00:00,101.3,41.1,4.3,134.2
1998-07-03T00:00:00,131.1,44.5,48.9,134.2
1998-07-04T00:00:00,115.6,60.4,13.7,140.2
1998-07-05T00:00:00,198.5,53.1,24.4,140.2
1998-07-06T00:00:00,101.3,74.8,40.6,140.2
1998-07-07T00:00:00,78.3,69.4,47.9,146.3
1998-07-08T00:00:00,275.2,74.4,45.2,152.7
1998-07-09T00:00:00,95.9,54.7,59.9,172.6
1998-07-10T00:00:00,124.8,97,51.2,176
1998-07-11T00:00:00,114.2,114.8,67.8,179.5
1998-07-12T00:00:00,142.6,128.7,70.2,186.7
1998-07-13T00:00:00,158.2,130.8,49.8,197.7
1998-07-14T00:00:00,106.9,151.4,62.7,205.2
1998-07-15T00:00:00,156.4,165.5,45.2,228.9
1998-07-16T00:00:00,156.4,144.5,57.3,228.9
1998-07-17T00:00:00,101.3,198.4,53.7,241.3
1998-07-18T00:00:00,56.7,110.2,64.9,258.5
1998-07-19T00:00:00,208.8,131.3,69,262.9
1998-07-20T00:00:00,160,121.2,31.2,295
1998-07-21T00:00:00,67,82.9,22,304.6
1998-07-22T00:00:00,161.8,106.2,67.8,319.3
1998-07-23T00:00:00,147.7,239.4,37,334.4
1998-07-24T00:00:00,106.9,155.6,42.6,344.7
1998-07-25T00:00:00,134.3,98.5,59.4,355.2
1998-07-26T00:00:00,188.4,102.1,69,371.3
1998-07-27T00:00:00,206.7,119,69,387.8
1998-07-28T00:00:00,121.7,134.3,69,410.5
1998-07-29T00:00:00,230.5,146.5,69,446
1998-07-30T00:00:00,184.4,181.1,69,470.6
1998-07-31T00:00:00,115.6,180.3,69,496.1
1998-08-01T00:00:00,98.6,204.1,62.1,515.7
1998-08-02T00:00:00,120.2,178.4,69,549.3
1998-08-03T00:00:00,146,190.8,69,577.2
1998-08-04T00:00:00,272.7,144,69,591.5
1998-08-05T00:00:00,178.6,230.6,69,613.2
1998-08-06T00:00:00,190.4,201,69,635.4
1998-08-07T00:00:00,196.4,207.4,69,650.5
1998-08-08T00:00:00,180.6,230.6,69,650.5
1998-08-09T00:00:00,298,236,69,665.8
1998-08-10T00:00:00,248.8,196.1,69,665.8
1998-08-11T00:00:00,158.2,172.4,61.5,681.3
1998-08-12T00:00:00,151.2,210.1,50.3,665.8
1998-08-13T00:00:00,221.7,196.5,69,665.8
1998-08-14T00:00:00,263,257.3,69,665.8
1998-08-15T00:00:00,160,275.1,65.5,681.3
1998-08-16T00:00:00,188.4,233.1,69,697
1998-08-17T00:00:00,267.8,253.5,67.8,697
1998-08-18T00:00:00,180.6,231.9,55.7,681.3
1998-08-19T00:00:00,188.4,156.6,69,697
1998-08-20T00:00:00,171,217.5,64.3,681.3
1998-08-21T00:00:00,167.3,226.6,69,705
1998-08-22T00:00:00,165.5,164.4,57.8,681.3
1998-08-23T00:00:00,230.5,145.9,67.8,681.3
1998-08-24T00:00:00,154.7,192.9,69,689.1
1998-08-25T00:00:00,188.4,153.2,59.9,673.5
1998-08-26T00:00:00,172.9,151.9,67.8,665.8
1998-08-27T00:00:00,144.3,246.2,69,658.1
1998-08-28T00:00:00,129.5,211.2,69,650.5
1998-08-29T00:00:00,149.4,296.1,69,650.5
1998-08-30T00:00:00,172.9,286.5,69,643
1998-08-31T00:00:00,165.5,206.3,69,635.4
1998-09-01T00:00:00,198.5,242.5,69,605.9
1998-09-02T00:00:00,192.4,251.5,69,598.7
1998-09-03T00:00:00,188.4,263,69,577.2
1998-09-04T00:00:00,192.4,282.6,61,584.3
1998-09-05T00:00:00,167.3,231.9,57.8,591.5
1998-09-06T00:00:00,204.6,210,62.7,591.5
1998-09-07T00:00:00,158.2,200,69,584.3
1998-09-08T00:00:00,192.4,153.3,53.7,570.2
1998-09-09T00:00:00,134.3,147.3,36.2,563.2
1998-09-10T00:00:00,241.8,184.8,28.3,577.2
1998-09-11T00:00:00,140.9,103.1,28.6,584.3
1998-09-12T00:00:00,134.3,108.8,41.8,591.5
1998-09-13T00:00:00,134.3,106.3,27.4,577.2
1998-09-14T00:00:00,134.3,109.5,26.8,591.5
1998-09-15T00:00:00,169.2,167.1,58.8,577.2
1998-09-16T00:00:00,109.8,179.3,69,563.2
1998-09-17T00:00:00,204.6,161,56.7,549.3
1998-09-18T00:00:00,131.1,135.4,42.6,549.3
1998-09-19T00:00:00,152.9,128.9,26.8,529
1998-09-20T00:00:00,117.1,143.3,25.3,522.3
1998-09-21T00:00:00,161.8,118.9,51.7,515.7
1998-09-22T00:00:00,137.6,113.5,50.7,509.1
1998-09-23T00:00:00,81.9,101.3,46.1,502.5
1998-09-24T00:00:00,88.1,118.7,21.2,502.5
1998-09-25T00:00:00,213.1,114.7,16.9,502.5
1998-09-26T00:00:00,140.9,97.2,15.7,496.1
1998-09-27T00:00:00,124.8,76.9,14.3,483.2
1998-09-28T00:00:00,172.9,93.6,13,470.6
1998-09-29T00:00:00,91.9,81.3,12.3,458.2
1998-09-30T00:00:00,99.9,66.9,11.6,452.1
1998-10-01T00:00:00,47.4,47.2,11.3,446
1998-10-02T00:00:00,57.6,42.9,10.6,428
1998-10-03T00:00:00,184.4,42,13.7,422.1
1998-10-04T00:00:00,127.9,41.7,22.8,410.5
1998-10-05T00:00:00,95.9,47.8,24.4,399
1998-10-06T00:00:00,213.1,67.9,13.7,393.4
1998-10-07T00:00:00,121.7,48.5,11.3,382.2
1998-10-08T00:00:00,81.9,39.7,10.3,376.7
1998-10-09T00:00:00,85.6,41.1,13,365.9
1998-10-10T00:00:00,124.8,67.3,17.4,365.9
1998-10-11T00:00:00,184.4,101.2,34.8,355.2
1998-10-12T00:00:00,221.7,157.6,28,355.2
1998-10-13T00:00:00,180.6,101,17.8,344.7
1998-10-14T00:00:00,108.3,68.4,12.6,334.4
1998-10-15T00:00:00,98.6,57,13.3,324.2
1998-10-16T00:00:00,134.3,64,10.6,319.3
1998-10-17T00:00:00,88.1,64.3,9.4,314.3
1998-10-18T00:00:00,60.7,63.1,8.9,314.3
1998-10-19T00:00:00,71.4,65.3,8.3,299.8
1998-10-20T00:00:00,71.4,42.4,8.1,299.8
1998-10-21T00:00:00,56.7,37.5,10.3,295
1998-10-22T00:00:00,114.2,35.9,8.6,285.6
1998-10-23T00:00:00,44.8,36.1,7.3,276.4
1998-10-24T00:00:00,43.9,46,6.9,271.9
1998-10-25T00:00:00,97.2,65.5,7,271.9
1998-10-26T00:00:00,39.8,40.2,6.9,267.4
1998-10-27T00:00:00,78.3,34.4,6.6,258.5
1998-10-28T00:00:00,42.2,30.3,6.6,249.8
1998-10-29T00:00:00,37.5,27.6,6.4,249.8
1998-10-30T00:00:00,34.5,25.9,6.1,245.6
1998-10-31T00:00:00,31.6,23.9,6,241.3
1998-11-01T00:00:00,28.9,21.8,5.8,237.2
1998-11-02T00:00:00,27.6,21,5.4,228.9
1998-11-03T00:00:00,26.3,20.5,5.2,224.9
1998-11-04T00:00:00,24.5,18.6,5.4,216.9
1998-11-05T00:00:00,23.9,16.3,5.4,216.9
1998-11-06T00:00:00,22.7,15.5,5.2,213
1998-11-07T00:00:00,21.1,15.1,5.2,209.1
1998-11-08T00:00:00,20.5,14.9,5.2,209.1
1998-11-09T00:00:00,20.5,14.5,5.1,201.5
1998-11-10T00:00:00,18.4,14.1,5,201.5
1998-11-11T00:00:00,18.4,14,5,194
1998-11-12T00:00:00,47.4,14,4.7,194
1998-11-13T00:00:00,19.5,13.6,4.3,186.7
1998-11-14T00:00:00,18.4,13.7,4.2,186.7
1998-11-15T00:00:00,18.4,14.3,4.1,183.1
1998-11-16T00:00:00,16.5,13.9,4.2,179.5
1998-11-17T00:00:00,16,13.7,4,176
1998-11-18T00:00:00,15.5,13.5,4,176
1998-11-19T00:00:00,14.6,15.4,3.9,169.2
1998-11-20T00:00:00,14.6,17,3.8,165.8
1998-11-21T00:00:00,13.8,18.1,3.6,165.8
1998-11-22T00:00:00,12.9,18.7,3.7,159.1
1998-11-23T00:00:00,12.9,19.2,3.6,159.1
1998-11-24T00:00:00,12.1,20.9,1.3,159.1
1998-11-25T00:00:00,11.7,22.2,1.3,159.1
1998-11-26T00:00:00,11.3,23.8,1.3,155.9
1998-11-27T00:00:00,11.3,24.4,1.2,152.7
1998-11-28T00:00:00,10.6,24.4,1.2,146.3
1998-11-29T00:00:00,9.9,20.1,1.2,146.3
1998-11-30T00:00:00,9.2,19.7,1.2,146.3
1998-12-01T00:00:00,9.9,19.2,1.1,146.3
1998-12-02T00:00:00,9.2,18.3,1.1,140.2
1998-12-03T00:00:00,9.2,18.2,1.1,140.2
1998-12-04T00:00:00,8.9,18.4,1.1,140.2
1998-12-05T00:00:00,8.9,18.6,1.1,137.1
1998-12-06T00:00:00,8.5,18.3,1,137.1
1998-12-07T00:00:00,7.9,18.2,1,134.2
1998-12-08T00:00:00,7.3,16,1,134.2
1998-12-09T00:00:00,7.3,16.2,1,134.2
1998-12-10T00:00:00,7.3,17.4,1,134.2
1998-12-11T00:00:00,7.3,17.9,1,134.2
1998-12-12T00:00:00,7,18.1,0.9,134.2
1998-12-13T00:00:00,7,18.3,0.9,134.2
1998-12-14T00:00:00,6.7,18,0.9,134.2
1998-12-15T00:00:00,6.2,18.1,0.9,134.2
1998-12-16T00:00:00,6.2,18.1,0.9,134.2
1998-12-17T00:00:00,5.7,18.1,0.9,134.2
1998-12-18T00:00:00,5.7,18.1,0.9,134.2
1998-12-19T00:00:00,5.2,17.6,0.9,134.2
1998-12-20T00:00:00,5.2,17.2,0.9,134.2
1998-12-21T00:00:00,5.7,17.5,0.9,134.2
1998-12-22T00:00:00,5.7,17.3,0.9,134.2
1998-12-23T00:00:00,5.7,17.1,0.9,134.2
1998-12-24T00:00:00,5.4,16.9,0.9,131.2
1998-12-25T00:00:00,5.2,17,0.8,131.2
1998-12-26T00:00:00,5.2,16.5,0.8,131.2
1998-12-27T00:00:00,5.2,15.7,0.8,131.2
1998-12-28T00:00:00,4.9,15.7,0.8,131.2
1998-12-29T00:00:00,4.7,15.5,0.8,131.2
1998-12-30T00:00:00,4.7,15.1,0.8,131.2
1998-12-31T00:00:00,4.5,14.9,0.8,128.3
